show_id,type,title,director,country,date_added,release_year,rating,duration,listed_in
s1,Movie,,Kirsten Johnson,United States,2021-09-25,2020,PG-13,90 min,Documentaries
s3,TV Show,,Julien Leclercq,France,2021-09-24,2021,TV-MA,1 Season,"Crime TV Shows, International TV Shows, TV Action & Adventure"
s6,TV Show,,Mike Flanagan,United States,2021-09-24,2021,TV-MA,1 Season,"TV Dramas, TV Horror, TV Mysteries"
s14,Movie,,Bruno Garotti,Brazil,2021-09-22,2021,TV-PG,91 min,"Children & Family Movies, Comedies"
s8,Movie,,Haile Gerima,United States,2021-09-24,1993,TV-MA,125 min,"Dramas, Independent Movies, International Movies"
s9,TV Show,,Andy Devonshire,United Kingdom,2021-09-24,2021,TV-14,9 Seasons,"British TV Shows, Reality TV"
s10,Movie,,Theodore Melfi,United States,2021-09-24,2021,PG-13,104 min,"Comedies, Dramas"
s939,Movie,,Suhas Kadav,India,2021-05-01,2019,TV-Y7,87 min,"Children & Family Movies, Comedies, Music & Musicals"
s13,Movie,,Christian Schwochow,Germany,2021-09-23,2021,TV-MA,127 min,"Dramas, International Movies"
s940,Movie,,Suhas Kadav,India,2021-05-01,2013,TV-Y7,76 min,"Children & Family Movies, Music & Musicals"
s941,Movie,,Suhas Kadav,India,2021-05-01,2014,TV-Y7,76 min,"Children & Family Movies, Comedies"
s942,Movie,,Suhas Kadav,India,2021-05-01,2013,TV-Y7,71 min,"Children & Family Movies, Comedies"
s852,Movie,,Not Given,Pakistan,2021-05-21,2021,TV-14,131 min,"Dramas, International Movies, Music & Musicals"
s471,Movie,,"Krysia Plonka, Kristian Mercado",United States,2021-07-13,2021,TV-14,39 min,Movies
s730,Movie,,"Krysia Plonka, Kristian Mercado",United States,2021-06-12,2021,TV-MA,36 min,Movies
s731,Movie,,"Krysia Plonka, Kristian Mercado",United States,2021-06-12,2021,TV-MA,34 min,Movies
s913,Movie,,"Krysia Plonka, Kristian Mercado",United States,2021-05-07,2021,TV-14,35 min,Comedies
s4,TV Show,,Not Given,Pakistan,2021-09-24,2021,TV-MA,1 Season,"Docuseries, Reality TV"
s15,TV Show,,Not Given,Pakistan,2021-09-22,2021,TV-MA,1 Season,"British TV Shows, Crime TV Shows, Docuseries"
s3232,Movie,,"Mark Thornton, Todd Kauffman",United States,2019-11-26,2019,TV-Y,46 min,Children & Family Movies
s4832,TV Show,,"Mark Thornton, Todd Kauffman",United States,2018-06-15,2018,TV-Y,1 Season,Kids' TV
s4833,TV Show,,"Mark Thornton, Todd Kauffman",United States,2018-06-15,2018,TV-Y,1 Season,Kids' TV
s4857,TV Show,,"Mark Thornton, Todd Kauffman",United States,2018-05-18,2018,TV-Y,1 Season,Kids' TV
s7,Movie,,"Robert Cullen, José Luis Ucha",Not Given,2021-09-24,2021,PG,91 min,Children & Family Movies
s12,TV Show,,Kongkiat Komesiri,Not Given,2021-09-23,2021,TV-MA,1 Season,"Crime TV Shows, International TV Shows, TV Action & Adventure"
s17,Movie,,"Pedro de Echave García, Pablo Azorín Williams",Not Given,2021-09-22,2020,TV-MA,67 min,"Documentaries, International Movies"
s7930,Movie,,Anirban Majumder,Not Given,2019-06-18,2018,TV-Y,65 min,Children & Family Movies
s21,TV Show,,Olivier Megaton,United States,2021-09-22,2021,TV-14,1 Season,"Crime TV Shows, Docuseries, International TV Shows"
s24,Movie,,"Alex Woo, Stanley Moore",United States,2021-09-21,2021,TV-Y,61 min,Children & Family Movies
s25,Movie,,S. Shankar,India,2021-09-21,1998,TV-14,166 min,"Comedies, International Movies, Romantic Movies"
s28,Movie,,Dennis Dugan,United States,2021-09-20,2010,PG-13,103 min,Comedies
s29,Movie,,Scott Stewart,United States,2021-09-19,2013,PG-13,97 min,"Horror Movies, Sci-Fi & Fantasy"
s30,Movie,,Robert Luketic,United States,2021-09-19,2013,PG-13,106 min,Thrillers
s20,TV Show,,Not Given,Pakistan,2021-09-22,2021,TV-MA,1 Season,"International TV Shows, Spanish-Language TV Shows, TV Action & Adventure"
s32,TV Show,,Not Given,Pakistan,2021-09-17,2021,TV-MA,1 Season,TV Comedies
s34,TV Show,,Not Given,Pakistan,2021-09-17,2021,TV-MA,1 Season,"International TV Shows, TV Dramas, TV Thrillers"
s35,TV Show,,Not Given,Pakistan,2021-09-17,2020,TV-Y7,1 Season,Kids' TV
s75,TV Show,,Not Given,Pakistan,2021-09-14,2021,TV-PG,2 Seasons,Reality TV
s84,TV Show,,Not Given,Pakistan,2021-09-10,2021,TV-MA,1 Season,Reality TV
s86,TV Show,,Not Given,Pakistan,2021-09-10,2021,TV-Y7,1 Season,"Anime Series, Kids' TV"
s88,TV Show,,Not Given,Pakistan,2021-09-10,2019,TV-Y,2 Seasons,"Kids' TV, Korean TV Shows"
s90,TV Show,,Not Given,Pakistan,2021-09-09,2017,TV-Y7,4 Seasons,Kids' TV
s101,TV Show,,Not Given,Pakistan,2021-09-07,2019,TV-Y7,2 Seasons,Kids' TV
s122,TV Show,,Not Given,Pakistan,2021-09-02,2019,TV-14,1 Season,"International TV Shows, Romantic TV Shows, TV Comedies"
s133,TV Show,,Not Given,Pakistan,2021-09-01,2021,TV-MA,1 Season,"International TV Shows, TV Action & Adventure, TV Comedies"
s148,TV Show,,Not Given,Pakistan,2021-09-01,2021,TV-PG,1 Season,Reality TV
s166,TV Show,,Not Given,Pakistan,2021-09-01,2019,TV-MA,1 Season,"Crime TV Shows, International TV Shows, Spanish-Language TV Shows"
s190,TV Show,,Not Given,Pakistan,2021-08-28,2020,TV-Y,2 Seasons,"Kids' TV, TV Comedies"
s182,TV Show,,Not Given,Pakistan,2021-09-01,2021,TV-14,1 Season,Docuseries
s187,TV Show,,Not Given,Pakistan,2021-08-29,2021,TV-14,1 Season,"International TV Shows, Romantic TV Shows, TV Comedies"
s188,TV Show,,Not Given,Pakistan,2021-08-29,2021,TV-G,1 Season,"International TV Shows, TV Comedies"
s27,Movie,,Rajiv Menon,India,2021-09-21,1997,TV-PG,147 min,"Comedies, International Movies, Music & Musicals"
s19,Movie,,Adam Salky,Not Given,2021-09-22,2021,TV-14,94 min,Thrillers
s23,Movie,,K.S. Ravikumar,Not Given,2021-09-21,1996,TV-PG,161 min,"Comedies, International Movies"
s31,Movie,,"Ashwiny Iyer Tiwari, Abhishek Chaubey, Saket Chaudhary",Not Given,2021-09-17,2021,TV-14,111 min,"Dramas, Independent Movies, International Movies"
s36,Movie,,Daniel Sandu,Not Given,2021-09-17,2021,TV-MA,110 min,"Dramas, International Movies, Thrillers"
s37,Movie,,Cédric Jimenez,Not Given,2021-09-17,2021,TV-MA,105 min,"Action & Adventure, Dramas, International Movies"
s39,Movie,,George Nolfi,China,2021-09-16,2017,PG-13,96 min,"Action & Adventure, Dramas"
s48,TV Show,,Bunmi Ajakaiye,South Africa,2021-09-16,2020,TV-MA,1 Season,"International TV Shows, Romantic TV Shows, TV Comedies"
s76,Movie,,Ben Simms,United States,2021-09-14,2021,TV-G,106 min,Children & Family Movies
s42,Movie,,Steven Spielberg,United States,2021-09-16,1975,PG,124 min,"Action & Adventure, Classic Movies, Dramas"
s43,Movie,,Jeannot Szwarc,United States,2021-09-16,1978,PG,116 min,"Dramas, Horror Movies, Thrillers"
s44,Movie,,Joe Alves,United States,2021-09-16,1983,PG,98 min,"Action & Adventure, Horror Movies, Thrillers"
s45,Movie,,Joseph Sargent,United States,2021-09-16,1987,PG-13,91 min,"Action & Adventure, Horror Movies, Thrillers"
s47,Movie,,Daniel Espinosa,South Africa,2021-09-16,2012,R,115 min,Action & Adventure
s49,Movie,,Antoine Fuqua,United States,2021-09-16,2001,R,122 min,"Dramas, Thrillers"
s1093,Movie,,Not Given,Pakistan,2021-04-07,2021,TV-PG,55 min,"Documentaries, Music & Musicals"
s195,TV Show,,Not Given,Pakistan,2021-08-27,2002,TV-MA,1 Season,"International TV Shows, Spanish-Language TV Shows, TV Dramas"
s52,Movie,,Toshiya Shinohara,Japan,2021-09-15,2002,TV-14,99 min,"Action & Adventure, Anime Features, International Movies"
s53,Movie,,Toshiya Shinohara,Japan,2021-09-15,2003,TV-14,99 min,"Action & Adventure, Anime Features, International Movies"
s54,Movie,,Toshiya Shinohara,Japan,2021-09-15,2004,TV-PG,88 min,"Action & Adventure, Anime Features, International Movies"
s55,Movie,,Toshiya Shinohara,Japan,2021-09-15,2001,TV-PG,100 min,"Action & Adventure, Anime Features, International Movies"
s198,TV Show,,Not Given,Pakistan,2021-08-27,2021,TV-Y7,1 Season,"Kids' TV, TV Comedies"
s56,TV Show,,Not Given,United States,2021-09-15,2021,TV-PG,6 Seasons,Reality TV
s498,TV Show,,Not Given,Pakistan,2021-07-07,2021,TV-14,1 Season,Docuseries
s214,TV Show,,Not Given,Pakistan,2021-08-27,2021,TV-PG,3 Seasons,"Docuseries, International TV Shows"
s219,TV Show,,Not Given,Pakistan,2021-08-27,2021,TV-14,1 Season,"Reality TV, Teen TV Shows"
s225,TV Show,,Not Given,Pakistan,2021-08-25,2021,TV-14,1 Season,"International TV Shows, Reality TV"
s226,TV Show,,Not Given,Pakistan,2021-08-25,2021,TV-MA,1 Season,"International TV Shows, TV Dramas, TV Mysteries"
s227,TV Show,,Not Given,Pakistan,2021-08-25,2021,TV-MA,1 Season,"International TV Shows, TV Comedies, TV Dramas"
s46,Movie,,Tyler Greco,Not Given,2021-09-16,2021,PG,23 min,Documentaries
s57,Movie,,Masahiko Murata,Japan,2021-09-15,2011,TV-14,102 min,"Action & Adventure, Anime Features, International Movies"
s58,Movie,,Hajime Kamegaki,Japan,2021-09-15,2008,TV-PG,93 min,"Action & Adventure, Anime Features, International Movies"
s59,Movie,,Masahiko Murata,Japan,2021-09-15,2009,TV-PG,96 min,"Action & Adventure, Anime Features, International Movies"
s60,Movie,,Hajime Kamegaki,Japan,2021-09-15,2007,TV-PG,95 min,"Action & Adventure, Anime Features, International Movies"
s61,Movie,,Masahiko Murata,Japan,2021-09-15,2010,TV-14,85 min,"Action & Adventure, Anime Features, International Movies"
s62,Movie,,Hirotsugu Kawasaki,Japan,2021-09-15,2005,TV-PG,97 min,"Action & Adventure, Anime Features, International Movies"
s63,Movie,,Toshiyuki Tsuru,Japan,2021-09-15,2006,TV-PG,95 min,"Action & Adventure, Anime Features, International Movies"
s64,Movie,,Tensai Okamura,Japan,2021-09-15,2004,TV-PG,83 min,"Action & Adventure, Anime Features, International Movies"
s243,TV Show,,Not Given,Pakistan,2021-08-20,2021,TV-MA,1 Season,"International TV Shows, TV Comedies"
s244,TV Show,,Not Given,Pakistan,2021-08-20,2021,TV-MA,1 Season,"International TV Shows, Spanish-Language TV Shows, TV Comedies"
s246,TV Show,,Not Given,Pakistan,2021-08-20,2021,TV-PG,1 Season,"Docuseries, International TV Shows"
s249,TV Show,,Not Given,Pakistan,2021-08-20,2021,TV-MA,1 Season,"TV Comedies, TV Dramas"
s261,TV Show,,Not Given,Pakistan,2021-08-18,2020,TV-MA,1 Season,"Crime TV Shows, International TV Shows, TV Dramas"
s310,TV Show,,Not Given,Pakistan,2021-08-04,2021,TV-PG,3 Seasons,Reality TV
s74,Movie,,Kemi Adetiba,Nigeria,2021-09-14,2018,TV-MA,182 min,"Dramas, International Movies"
s321,TV Show,,Not Given,Pakistan,2021-08-03,2021,TV-PG,1 Season,Docuseries
s337,TV Show,,Not Given,Pakistan,2021-08-01,2010,TV-14,5 Seasons,"TV Dramas, Teen TV Shows"
s365,TV Show,,Not Given,Pakistan,2021-07-30,2021,TV-Y7,1 Season,"Kids' TV, TV Comedies"
s369,TV Show,,Not Given,Pakistan,2021-07-30,2009,TV-14,1 Season,"International TV Shows, Reality TV"
s370,TV Show,,Not Given,Pakistan,2021-07-30,2021,TV-14,1 Season,"British TV Shows, Crime TV Shows, Docuseries"
s377,TV Show,,Not Given,Pakistan,2021-07-29,2021,TV-Y7,1 Season,Anime Series
s380,TV Show,,Not Given,Pakistan,2021-07-28,2021,TV-MA,1 Season,Reality TV
s382,TV Show,,Not Given,Pakistan,2021-07-28,2021,TV-MA,1 Season,"Crime TV Shows, International TV Shows, Spanish-Language TV Shows"
s398,TV Show,,Not Given,Pakistan,2021-07-23,2021,TV-MA,1 Season,"International TV Shows, Romantic TV Shows, TV Comedies"
s483,TV Show,,Not Given,Pakistan,2021-07-09,2021,TV-MA,1 Season,Docuseries
s82,Movie,,Cedric Nicolas-Troyan,United States,2021-09-10,2021,R,106 min,Action & Adventure
s85,Movie,,"JJC Skillz, Funke Akindele",Nigeria,2021-09-10,2020,TV-MA,147 min,"Action & Adventure, Comedies, Dramas"
s87,Movie,,Thomas Sieben,Germany,2021-09-10,2021,TV-MA,87 min,"International Movies, Thrillers"
s401,TV Show,,Not Given,Pakistan,2021-07-23,2021,TV-PG,1 Season,"Anime Series, Stand-Up Comedy & Talk Shows"
s405,Movie,,Not Given,Pakistan,2021-07-22,2021,TV-MA,85 min,Documentaries
s91,Movie,,Alice Waddington,Spain,2021-09-09,2019,TV-MA,95 min,"Sci-Fi & Fantasy, Thrillers"
s92,Movie,,"Mona Achache, Patricia Tourancheau",France,2021-09-09,2021,TV-14,92 min,"Documentaries, International Movies"
s431,TV Show,,Not Given,Pakistan,2021-07-21,2021,TV-14,1 Season,"British TV Shows, International TV Shows, Reality TV"
s95,Movie,,Raja Gosnell,United Kingdom,2021-09-08,2018,PG,90 min,"Children & Family Movies, Comedies"
s1071,Movie,,Fredrick Munk,United States,2021-04-14,2021,TV-MA,84 min,Documentaries
s432,TV Show,,Not Given,Pakistan,2021-07-21,2021,TV-MA,1 Season,"International TV Shows, Reality TV, Romantic TV Shows"
s436,TV Show,,Not Given,Pakistan,2021-07-20,2019,TV-MA,1 Season,"Crime TV Shows, International TV Shows, Romantic TV Shows"
s467,TV Show,,Not Given,Pakistan,2021-07-14,2021,TV-MA,1 Season,Reality TV
s488,TV Show,,Not Given,Pakistan,2021-07-09,2021,TV-MA,1 Season,"International TV Shows, Romantic TV Shows, Spanish-Language TV Shows"
s491,TV Show,,Not Given,Pakistan,2021-07-08,2021,TV-MA,1 Season,"Crime TV Shows, Docuseries, International TV Shows"
s505,TV Show,,Not Given,Pakistan,2021-07-07,2021,TV-MA,1 Season,"International TV Shows, Spanish-Language TV Shows, TV Comedies"
s550,TV Show,,Not Given,Pakistan,2021-07-02,2020,TV-14,1 Season,"International TV Shows, Reality TV"
s572,TV Show,,Not Given,Pakistan,2021-07-01,2021,TV-MA,1 Season,"International TV Shows, Romantic TV Shows, TV Comedies"
s591,TV Show,,Not Given,Pakistan,2021-07-01,2016,TV-Y7,3 Seasons,"Anime Series, Kids' TV"
s640,TV Show,,Not Given,Pakistan,2021-06-24,2021,TV-14,1 Season,"Anime Series, International TV Shows"
s642,Movie,,Not Given,Pakistan,2021-06-24,2021,PG,97 min,"Documentaries, Sports Movies"
s648,TV Show,,Not Given,Pakistan,2021-06-23,2021,TV-G,1 Season,"International TV Shows, Reality TV"
s78,Movie,,Prakash Satam,Not Given,2021-09-11,2021,TV-Y7,48 min,"Children & Family Movies, Comedies"
s81,Movie,,Tomer Eshed,Not Given,2021-09-10,2021,TV-Y7,93 min,Children & Family Movies
s79,Movie,,Delhiprasad Deenadayalan,Not Given,2021-09-11,2020,TV-14,145 min,"Comedies, Dramas, International Movies"
s80,Movie,,Delhiprasad Deenadayalan,Not Given,2021-09-11,2021,TV-14,145 min,"Comedies, Dramas, International Movies"
s89,Movie,,Marcus Clarke,Not Given,2021-09-09,2021,PG-13,96 min,"Documentaries, Sports Movies"
s94,Movie,,Alexis Almström,Not Given,2021-09-08,2021,TV-MA,91 min,"Dramas, International Movies, Romantic Movies"
s113,Movie,,Sara Colangelo,United States,2021-09-03,2021,PG-13,119 min,Dramas
s97,Movie,,Stephen Kijak,United States,2021-09-07,2018,TV-MA,97 min,"Documentaries, Music & Musicals"
s114,Movie,,Stephen Herek,United States,2021-09-02,2021,TV-PG,110 min,"Comedies, Romantic Movies"
s654,TV Show,,Not Given,Pakistan,2021-06-22,2021,TV-MA,1 Season,"Docuseries, International TV Shows"
s659,TV Show,,Not Given,Pakistan,2021-06-20,2021,TV-14,1 Season,"International TV Shows, Romantic TV Shows, TV Dramas"
s762,TV Show,,Not Given,Pakistan,2021-06-04,2021,TV-PG,1 Season,"Docuseries, Science & Nature TV"
s102,Movie,,"Chapman Way, Maclain Way",United States,2021-09-07,2021,TV-MA,80 min,"Documentaries, Sports Movies"
s664,TV Show,,Not Given,Pakistan,2021-06-19,2019,TV-MA,1 Season,"International TV Shows, TV Dramas"
s106,Movie,,Lijo Jose Pellissery,India,2021-09-05,2017,TV-14,128 min,"Action & Adventure, Comedies, Dramas"
s698,TV Show,,Not Given,Pakistan,2021-06-17,2021,TV-MA,1 Season,"International TV Shows, Romantic TV Shows, Spanish-Language TV Shows"
s108,Movie,,David de Vos,United States,2021-09-04,2018,G,90 min,"Children & Family Movies, Dramas"
s701,TV Show,,Not Given,Pakistan,2021-06-17,2021,TV-MA,1 Season,"Anime Series, International TV Shows"
s707,TV Show,,Not Given,Pakistan,2021-06-16,2021,TV-MA,1 Season,"International TV Shows, Spanish-Language TV Shows, TV Dramas"
s711,TV Show,,Not Given,Pakistan,2021-06-16,2021,TV-PG,1 Season,"Docuseries, Science & Nature TV"
s115,Movie,,Rahul Rawail,India,2021-09-02,1994,TV-14,143 min,"Dramas, International Movies, Thrillers"
s715,TV Show,,Not Given,Pakistan,2021-06-15,2021,TV-MA,1 Season,"Crime TV Shows, International TV Shows, TV Thrillers"
s716,TV Show,,Not Given,Pakistan,2021-06-15,2021,TV-MA,1 Season,"International TV Shows, Romantic TV Shows, Spanish-Language TV Shows"
s718,Movie,,Not Given,Pakistan,2021-06-15,2021,TV-G,273 min,Documentaries
s721,TV Show,,Not Given,Pakistan,2021-06-15,2021,TV-Y,2 Seasons,Kids' TV
s726,TV Show,,Not Given,Pakistan,2021-06-14,2021,TV-MA,1 Season,"International TV Shows, Spanish-Language TV Shows, TV Dramas"
s733,Movie,,Not Given,Pakistan,2021-06-12,2021,TV-MA,36 min,Movies
s739,Movie,,Not Given,Pakistan,2021-06-11,2021,TV-14,36 min,"Anime Features, Documentaries"
s752,TV Show,,Not Given,Pakistan,2021-06-08,2018,TV-Y7,2 Seasons,"Kids' TV, TV Comedies"
s843,TV Show,,Not Given,Pakistan,2021-05-26,2021,TV-14,1 Season,Docuseries
s848,TV Show,,Not Given,Pakistan,2021-05-24,2021,TV-MA,1 Season,"International TV Shows, Romantic TV Shows, TV Comedies"
s850,Movie,,Not Given,Pakistan,2021-05-22,2020,TV-G,61 min,"International Movies, Music & Musicals"
s937,TV Show,,Not Given,Pakistan,2021-05-01,2020,TV-Y7,1 Season,Kids' TV
s928,TV Show,,Not Given,Pakistan,2021-05-01,2010,TV-Y,2 Seasons,Kids' TV
s958,TV Show,,Not Given,Pakistan,2021-04-30,2021,TV-PG,1 Season,Reality TV
s964,TV Show,,Not Given,Pakistan,2021-04-30,2021,TV-MA,2 Seasons,"International TV Shows, Spanish-Language TV Shows, TV Comedies"
s966,TV Show,,Not Given,Pakistan,2021-04-29,2021,TV-MA,1 Season,"Anime Series, International TV Shows"
s968,TV Show,,Not Given,Pakistan,2021-04-28,2021,TV-G,1 Season,"Docuseries, Science & Nature TV"
s103,TV Show,,Jason Hehir,Not Given,2021-09-06,2021,TV-14,1 Season,"Docuseries, Science & Nature TV"
s104,Movie,,Yemi Amodu,Not Given,2021-09-06,2020,TV-MA,117 min,"Dramas, International Movies, Thrillers"
s111,TV Show,,"Luis Alfaro, Javier Gómez Santander",Not Given,2021-09-03,2021,TV-MA,1 Season,"Docuseries, International TV Shows, Spanish-Language TV Shows"
s116,Movie,,Jane Campion,United Kingdom,2021-09-02,2009,PG,119 min,"Dramas, Romantic Movies"
s117,Movie,,Nagesh Kukunoor,India,2021-09-02,2015,TV-PG,114 min,"Comedies, Dramas, Independent Movies"
s118,Movie,,Luke Holland,United Kingdom,2021-09-02,2021,PG-13,94 min,Documentaries
s119,Movie,,Shanker Raman,India,2021-09-02,2017,TV-14,106 min,"Dramas, International Movies, Thrillers"
s120,Movie,,JP Habac,Philippines,2021-09-02,2020,TV-MA,99 min,"Dramas, International Movies, Romantic Movies"
s129,Movie,,Gilles Paquet-Brenner,France,2021-09-01,2017,PG-13,115 min,"Dramas, International Movies, Thrillers"
s123,Movie,,Jane Campion,United Kingdom,2021-09-02,2003,R,118 min,Thrillers
s1006,Movie,,Not Given,Pakistan,2021-04-20,2013,TV-Y,76 min,"Children & Family Movies, Comedies"
s1011,Movie,,Not Given,Pakistan,2021-04-20,2019,TV-Y7,91 min,Children & Family Movies
s1026,TV Show,,Not Given,Pakistan,2021-04-16,2021,TV-Y7,1 Season,"Anime Series, Kids' TV"
s127,Movie,,Vidhu Vinod Chopra,India,2021-09-02,2020,TV-14,115 min,"Dramas, International Movies, Romantic Movies"
s128,Movie,,Mark Rosman,United States,2021-09-01,2004,PG,95 min,"Children & Family Movies, Comedies"
s130,Movie,,Lasse Hallström,Germany,2021-09-01,2005,PG-13,108 min,Dramas
s132,Movie,,Ridley Scott,United States,2021-09-01,1982,R,117 min,"Action & Adventure, Classic Movies, Cult Movies"
s1029,Movie,,Not Given,Pakistan,2021-04-16,2021,TV-14,37 min,Comedies
s134,Movie,,Neill Blomkamp,South Africa,2021-09-01,2015,R,121 min,"Action & Adventure, Sci-Fi & Fantasy"
s153,Movie,,Brett Weiner,United States,2021-09-01,2016,TV-MA,88 min,Comedies
s1039,TV Show,,Not Given,Pakistan,2021-04-15,2016,TV-PG,1 Season,"International TV Shows, Romantic TV Shows, TV Comedies"
s1083,TV Show,,Not Given,Pakistan,2021-04-11,2021,TV-14,1 Season,"International TV Shows, Reality TV"
s1095,TV Show,,Not Given,Pakistan,2021-04-07,2021,TV-MA,1 Season,"Reality TV, Romantic TV Shows"
s1096,TV Show,,Not Given,Pakistan,2021-04-07,2021,TV-MA,1 Season,"Crime TV Shows, Docuseries, TV Mysteries"
s1117,TV Show,,Not Given,Pakistan,2021-04-01,2020,TV-PG,1 Season,"Docuseries, International TV Shows"
s1181,TV Show,,Not Given,Pakistan,2021-03-19,2021,TV-Y7,2 Seasons,"Kids' TV, TV Comedies"
s1225,TV Show,,Not Given,Pakistan,2021-03-10,2021,TV-MA,1 Season,Docuseries
s1226,TV Show,,Not Given,Pakistan,2021-03-10,2021,TV-G,1 Season,"Reality TV, Romantic TV Shows"
s1236,TV Show,,Not Given,Pakistan,2021-03-05,2021,TV-Y7,4 Seasons,"Anime Series, Kids' TV, TV Action & Adventure"
s131,Movie,,Scott Pleydell-Pearce,Not Given,2021-09-01,2021,TV-Y,63 min,"Children & Family Movies, Music & Musicals"
s135,Movie,,Phillip Noyce,United States,2021-09-01,1994,PG-13,142 min,"Action & Adventure, Dramas"
s136,Movie,,Renny Harlin,United States,2021-09-01,1993,R,113 min,Action & Adventure
s137,Movie,,Anthony Minghella,United States,2021-09-01,2003,R,154 min,"Dramas, Romantic Movies"
s138,Movie,,Simon Wincer,Australia,2021-09-01,2001,PG,95 min,"Action & Adventure, Comedies"
s139,Movie,,Lasse Hallström,United States,2021-09-01,2010,PG-13,108 min,"Dramas, Romantic Movies"
s140,Movie,,Spike Lee,United States,2021-09-01,1989,R,120 min,"Classic Movies, Comedies, Dramas"
s141,Movie,,Sebastián Schindel,Argentina,2021-09-01,2014,TV-MA,100 min,"Dramas, International Movies, Thrillers"
s142,Movie,,Steven C. Miller,United States,2021-09-01,2015,R,82 min,Action & Adventure
s143,Movie,,Richard LaGravenese,Germany,2021-09-01,2007,PG-13,124 min,Dramas
s144,Movie,,Martin Campbell,United States,2021-09-01,2011,PG-13,114 min,"Action & Adventure, Sci-Fi & Fantasy"
s145,Movie,,Reginald Hudlin,United States,2021-09-01,1990,R,104 min,"Comedies, Cult Movies"
s146,Movie,,"George Jackson, Doug McHenry",United States,2021-09-01,1991,R,94 min,"Comedies, Cult Movies, Music & Musicals"
s147,Movie,,Eric Meza,United States,2021-09-01,1994,R,94 min,"Comedies, Music & Musicals"
s1263,Movie,,Not Given,Pakistan,2021-02-26,2021,TV-MA,35 min,"Comedies, Dramas"
s150,Movie,,Michael Martin,United States,2021-09-01,1998,R,93 min,"Action & Adventure, Comedies"
s151,Movie,,Michael Rymer,United States,2021-09-01,1999,R,97 min,Thrillers
s152,Movie,,"Andrew Lau Wai-keung, Alan Mak",China,2021-09-01,2005,TV-14,109 min,"Action & Adventure, International Movies"
s1272,TV Show,,Not Given,Pakistan,2021-02-25,2018,TV-MA,1 Season,"International TV Shows, Spanish-Language TV Shows, TV Dramas"
s1300,TV Show,,Not Given,Pakistan,2021-02-18,2021,TV-MA,1 Season,"Anime Series, International TV Shows"
s1443,TV Show,,Not Given,Pakistan,2021-01-04,2020,TV-G,1 Season,"Docuseries, International TV Shows"
s156,Movie,,Jim Henson,United Kingdom,2021-09-01,1986,PG,101 min,"Action & Adventure, Children & Family Movies, Cult Movies"
s157,Movie,,Gary Winick,United States,2021-09-01,2010,PG,105 min,"Comedies, Dramas, Romantic Movies"
s158,Movie,,Danishka Esterhazy,Canada,2021-09-01,2018,TV-14,102 min,"Sci-Fi & Fantasy, Thrillers"
s159,Movie,,Troy Byer,United States,2021-09-01,2003,PG-13,101 min,"Comedies, Romantic Movies"
s160,Movie,,Pang Ho-cheung,Hong Kong,2021-09-01,2010,TV-MA,103 min,"Comedies, Dramas, International Movies"
s1463,TV Show,,Not Given,Pakistan,2021-01-01,2020,TV-Y7,1 Season,"Kids' TV, TV Comedies"
s162,Movie,,Tim Burton,United States,2021-09-01,1996,PG-13,106 min,"Comedies, Cult Movies, Sci-Fi & Fantasy"
s163,Movie,,Reginald Hudlin,United States,2021-09-01,2017,PG-13,118 min,Dramas
s164,Movie,,David Zucker,United States,2021-09-01,2003,R,86 min,"Comedies, Romantic Movies"
s165,Movie,,Kinka Usher,United States,2021-09-01,1999,PG-13,121 min,"Action & Adventure, Comedies"
s1472,Movie,,Not Given,Pakistan,2020-12-31,2020,TV-MA,77 min,Stand-Up Comedy
s167,Movie,,Sergio Leone,Italy,2021-09-01,1984,R,229 min,"Classic Movies, Dramas"
s168,Movie,,"Matthew O'Callaghan, Todd Wilderman",United States,2021-09-01,2008,PG,76 min,"Children & Family Movies, Comedies"
s169,Movie,,"Bobby Farrelly, Peter Farrelly",United States,2021-09-01,2001,PG,95 min,"Action & Adventure, Children & Family Movies, Comedies"
s170,Movie,,Wolfgang Petersen,United States,2021-09-01,2006,PG-13,98 min,"Action & Adventure, Dramas"
s1483,TV Show,,Not Given,Pakistan,2020-12-30,2020,TV-Y7,1 Season,Anime Series
s1586,TV Show,,Not Given,Pakistan,2020-12-07,2020,TV-14,1 Season,"Crime TV Shows, TV Dramas, TV Mysteries"
s1597,TV Show,,Not Given,Pakistan,2020-12-04,2020,TV-MA,3 Seasons,"British TV Shows, Reality TV"
s1669,TV Show,,Not Given,Pakistan,2020-11-20,2019,TV-14,1 Season,"International TV Shows, TV Dramas"
s1746,Movie,,Not Given,Pakistan,2020-11-03,2020,TV-PG,15 min,Documentaries
s1779,TV Show,,Not Given,Pakistan,2020-10-30,2020,TV-Y,2 Seasons,"Kids' TV, Korean TV Shows"
s1890,TV Show,,Not Given,Pakistan,2020-10-03,2016,TV-Y,1 Season,Kids' TV
s1891,TV Show,,Not Given,Pakistan,2020-10-03,2017,TV-Y,1 Season,Kids' TV
s2983,TV Show,,Not Given,Pakistan,2020-01-29,2020,TV-14,1 Season,"International TV Shows, Romantic TV Shows, TV Comedies"
s1915,TV Show,,Not Given,Pakistan,2020-10-01,2018,TV-MA,1 Season,"Docuseries, International TV Shows"
s1953,TV Show,,Not Given,Pakistan,2020-09-25,2020,TV-Y,3 Seasons,"Kids' TV, TV Comedies"
s171,Movie,,Peter Spirer,United States,2021-09-01,1997,R,89 min,"Documentaries, Music & Musicals"
s172,Movie,,Michael Carney,United States,2021-09-01,2017,PG-13,120 min,"Dramas, Faith & Spirituality"
s173,Movie,,Richard Linklater,United States,2021-09-01,2003,PG-13,110 min,"Comedies, Music & Musicals"
s174,Movie,,Amy Rice,United States,2021-09-01,2015,PG-13,83 min,"Documentaries, LGBTQ Movies"
s175,Movie,,Antoine Fuqua,United States,2021-09-01,2003,R,121 min,"Action & Adventure, Dramas"
s176,Movie,,Randal Kleiser,United States,2021-09-01,1980,R,105 min,"Dramas, Romantic Movies"
s177,Movie,,Michael Ritchie,United States,2021-09-01,1986,PG-13,94 min,"Action & Adventure, Comedies"
s178,Movie,,J. Lee Thompson,United Kingdom,2021-09-01,1961,TV-14,156 min,"Action & Adventure, Classic Movies"
s179,Movie,,"Evan Goldberg, Seth Rogen",United States,2021-09-01,2014,R,112 min,"Action & Adventure, Comedies"
s180,Movie,,Tom Shadyac,United States,2021-09-01,1996,PG-13,95 min,"Comedies, Romantic Movies"
s181,Movie,,Peter Segal,United States,2021-09-01,2000,PG-13,107 min,"Comedies, Romantic Movies"
s183,Movie,,Malcolm D. Lee,United States,2021-09-01,2008,PG-13,114 min,Comedies
s184,Movie,,Wolfgang Petersen,United States,2021-08-31,1993,R,129 min,"Action & Adventure, Classic Movies"
s186,Movie,,"Chapman Way, Maclain Way",United States,2021-08-31,2021,TV-MA,86 min,"Documentaries, Sports Movies"
s1957,Movie,,Not Given,Pakistan,2020-09-25,2019,TV-MA,44 min,"Documentaries, International Movies, Music & Musicals"
s1974,TV Show,,Not Given,Pakistan,2020-09-19,2020,TV-Y,1 Season,"Kids' TV, TV Comedies"
s189,Movie,,"Ramzy Bedia, Éric Judor",France,2021-08-28,2008,TV-MA,97 min,"Comedies, International Movies"
s2041,TV Show,,Not Given,Pakistan,2020-09-07,2020,TV-Y7,2 Seasons,Kids' TV
s2059,TV Show,,Not Given,Pakistan,2020-09-02,2020,TV-MA,1 Season,"Docuseries, TV Sci-Fi & Fantasy"
s2124,TV Show,,Not Given,Pakistan,2020-08-15,2016,TV-PG,1 Season,"International TV Shows, Romantic TV Shows, TV Dramas"
s2223,TV Show,,Not Given,Pakistan,2020-07-21,2020,TV-PG,1 Season,"Docuseries, Spanish-Language TV Shows"
s2237,Movie,,Not Given,Pakistan,2020-07-15,2020,TV-Y7,68 min,"Children & Family Movies, Comedies"
s2336,Movie,,Not Given,Pakistan,2020-06-26,2019,TV-14,116 min,"Dramas, International Movies, Romantic Movies"
s191,Movie,,Sharan Koppisetty,India,2021-08-28,2021,TV-14,125 min,"Dramas, International Movies"
s192,Movie,,Taylor Sheridan,United Kingdom,2021-08-28,2017,R,107 min,"Dramas, Independent Movies"
s193,Movie,,Sachin Yardi,India,2021-08-27,2008,TV-14,127 min,"Action & Adventure, Comedies, International Movies"
s197,Movie,,Mark Waters,United States,2021-08-27,2021,TV-14,92 min,"Comedies, Romantic Movies"
s2395,TV Show,,Not Given,Pakistan,2020-06-12,2020,TV-MA,2 Seasons,"Reality TV, Romantic TV Shows"
s196,Movie,,Saurabh Kabra,India,2021-08-27,2008,TV-14,128 min,"Comedies, Dramas, International Movies"
s4655,TV Show,,Not Given,Pakistan,2018-09-07,2018,TV-MA,1 Season,Docuseries
s199,TV Show,,Kemi Adetiba,Nigeria,2021-08-27,2021,TV-MA,1 Season,"Crime TV Shows, International TV Shows, TV Dramas"
s200,Movie,,Partho Mitra,India,2021-08-27,2006,TV-14,135 min,"Comedies, Dramas, International Movies"
s201,Movie,,Santram Varma,India,2021-08-27,2004,TV-14,124 min,"Action & Adventure, Horror Movies, International Movies"
s202,Movie,,"Anil V. Kumar, Anurag Basu",India,2021-08-27,2003,TV-14,136 min,"Dramas, International Movies, Thrillers"
s203,Movie,,Sangeeth Sivan,India,2021-08-27,2005,TV-MA,165 min,"Comedies, International Movies, Music & Musicals"
s204,Movie,,Umesh Ghadge,India,2021-08-27,2016,TV-MA,124 min,"Comedies, International Movies"
s205,Movie,,Sachin Yardi,India,2021-08-27,2012,TV-MA,136 min,"Comedies, International Movies"
s206,Movie,,David Dhawan,India,2021-08-27,2001,TV-14,150 min,"Comedies, International Movies, Sci-Fi & Fantasy"
s207,Movie,,Dibakar Banerjee,India,2021-08-27,2010,TV-MA,112 min,"Dramas, Independent Movies, International Movies"
s208,Movie,,Apoorva Lakhia,India,2021-08-27,2008,TV-14,119 min,"Action & Adventure, International Movies, Music & Musicals"
s209,Movie,,Milan Luthria,India,2021-08-27,2010,TV-14,133 min,"Dramas, International Movies, Music & Musicals"
s2496,TV Show,,Not Given,Pakistan,2020-05-20,2020,TV-14,1 Season,"Docuseries, International TV Shows, Spanish-Language TV Shows"
s2569,TV Show,,Not Given,Pakistan,2020-05-02,2015,TV-PG,1 Season,Docuseries
s2570,TV Show,,Not Given,Pakistan,2020-05-02,2020,TV-PG,1 Season,Reality TV
s2575,TV Show,,Not Given,Pakistan,2020-05-02,2015,TV-PG,1 Season,"Docuseries, Science & Nature TV"
s2640,TV Show,,Not Given,Pakistan,2020-04-25,2019,TV-14,1 Season,"International TV Shows, TV Dramas"
s2642,TV Show,,Not Given,Pakistan,2020-04-24,2011,TV-PG,1 Season,"Kids' TV, TV Comedies"
s210,Movie,,Milan Luthria,India,2021-08-27,2013,TV-14,142 min,"Dramas, International Movies, Music & Musicals"
s211,Movie,,Pawan Kripalani,India,2021-08-27,2011,TV-MA,93 min,"Horror Movies, International Movies"
s212,Movie,,Bhushan Patel,India,2021-08-27,2014,TV-MA,113 min,"Horror Movies, International Movies"
s223,TV Show,,Brad Anderson,United States,2021-08-25,2021,TV-MA,1 Season,"Crime TV Shows, TV Dramas, TV Mysteries"
s2700,TV Show,,Not Given,Pakistan,2020-04-09,2020,TV-MA,1 Season,"International TV Shows, Reality TV"
s216,Movie,,Apoorva Lakhia,India,2021-08-27,2007,TV-MA,116 min,"Action & Adventure, Dramas, International Movies"
s217,Movie,,"Raj Nidimoru, Krishna D.K.",India,2021-08-27,2011,TV-14,106 min,"Comedies, Dramas, Independent Movies"
s218,Movie,,Milan Luthria,India,2021-08-27,2011,TV-14,145 min,"Comedies, Dramas, International Movies"
s2740,TV Show,,Not Given,Pakistan,2020-04-01,2019,TV-Y7,3 Seasons,"Anime Series, Kids' TV"
s2773,TV Show,,Not Given,Pakistan,2020-03-27,2020,TV-MA,1 Season,"International TV Shows, Korean TV Shows, Reality TV"
s2786,TV Show,,Not Given,Pakistan,2020-03-21,2020,TV-Y,2 Seasons,Kids' TV
s2788,TV Show,,Not Given,Pakistan,2020-03-20,2020,TV-Y7,2 Seasons,"Kids' TV, TV Comedies"
s2858,TV Show,,Not Given,Pakistan,2020-03-01,2020,TV-Y,1 Season,Kids' TV
s2894,TV Show,,Not Given,Pakistan,2020-02-21,2020,TV-G,1 Season,"International TV Shows, Reality TV"
s228,Movie,,Angel Kristi Williams,United States,2021-08-25,2020,TV-MA,95 min,"Dramas, Independent Movies, Romantic Movies"
s2943,TV Show,,Not Given,Pakistan,2020-02-07,2020,TV-14,1 Season,"International TV Shows, Korean TV Shows, Romantic TV Shows"
s2992,TV Show,,Not Given,Pakistan,2020-01-24,2020,TV-MA,1 Season,Docuseries
s3057,TV Show,,Not Given,Pakistan,2020-01-01,2019,TV-Y7,1 Season,Kids' TV
s3084,TV Show,,Not Given,Pakistan,2019-12-31,2018,TV-Y7,1 Season,"Kids' TV, Korean TV Shows"
s3087,TV Show,,Not Given,Pakistan,2019-12-31,2019,TV-MA,2 Seasons,"Stand-Up Comedy & Talk Shows, TV Comedies"
s3200,TV Show,,Not Given,Pakistan,2019-12-01,2016,TV-Y,2 Seasons,"Kids' TV, Korean TV Shows, TV Comedies"
s3217,TV Show,,Not Given,Pakistan,2019-11-29,2019,TV-14,1 Season,"International TV Shows, Romantic TV Shows, TV Comedies"
s3398,Movie,,Not Given,Pakistan,2019-10-18,2019,TV-Y,34 min,Children & Family Movies
s3285,TV Show,,Not Given,Pakistan,2019-11-15,2003,TV-14,1 Season,"International TV Shows, Romantic TV Shows, TV Action & Adventure"
s3593,TV Show,,Not Given,Pakistan,2019-08-14,2019,TV-MA,1 Season,"Crime TV Shows, Docuseries"
s3358,TV Show,,Not Given,Pakistan,2019-10-31,2019,TV-MA,1 Season,"Crime TV Shows, International TV Shows, TV Dramas"
s3362,TV Show,,Not Given,Pakistan,2019-10-30,2019,TV-14,1 Season,"Crime TV Shows, International TV Shows, TV Dramas"
s3394,TV Show,,Not Given,Pakistan,2019-10-18,2019,TV-Y,1 Season,Kids' TV
s3395,Movie,,Not Given,Pakistan,2019-10-18,2019,TV-Y,47 min,Children & Family Movies
s215,Movie,,Magnus Martens,Not Given,2021-08-27,2021,R,124 min,"Action & Adventure, International Movies"
s222,Movie,,Joshua Rofé,Not Given,2021-08-25,2021,TV-14,93 min,Documentaries
s224,TV Show,,"Mauricio Dias, Tatiana Villela",Not Given,2021-08-25,2021,TV-MA,1 Season,"Crime TV Shows, Docuseries, International TV Shows"
s229,Movie,,Roger Donaldson,United States,2021-08-25,2014,R,108 min,Action & Adventure
s230,Movie,,Christopher Alender,United States,2021-08-25,2020,TV-MA,90 min,Horror Movies
s232,Movie,,David Oyelowo,United States,2021-08-25,2021,PG,92 min,"Children & Family Movies, Dramas"
s231,Movie,,Rush Sturges,Not Given,2021-08-25,2021,TV-MA,86 min,"Documentaries, Sports Movies"
s234,Movie,,Mark Lo,United Kingdom,2021-08-24,2021,TV-MA,82 min,"Documentaries, Music & Musicals"
s236,Movie,,Crystal Moselle,Not Given,2021-08-24,2021,TV-PG,70 min,"Documentaries, LGBTQ Movies, Sports Movies"
s241,Movie,,Han Kwang Il,Not Given,2021-08-23,2021,TV-MA,84 min,"Action & Adventure, Anime Features"
s245,Movie,,Karim El Shenawy,Not Given,2021-08-20,2018,TV-14,96 min,"Dramas, International Movies, Thrillers"
s269,Movie,,Moses Inwang,Nigeria,2021-08-15,2020,TV-MA,97 min,"Dramas, International Movies"
s3396,Movie,,Not Given,Pakistan,2019-10-18,2019,TV-Y,56 min,Children & Family Movies
s248,Movie,,Brian Andrew Mendoza,United States,2021-08-20,2021,R,110 min,"Action & Adventure, Dramas"
s3397,Movie,,Not Given,Pakistan,2019-10-18,2019,TV-Y,61 min,Children & Family Movies
s3436,TV Show,,Not Given,Pakistan,2019-10-10,2018,TV-Y7,1 Season,"Anime Series, Kids' TV"
s3456,TV Show,,Not Given,Pakistan,2019-10-04,2019,TV-Y,3 Seasons,Kids' TV
s3470,Movie,,Not Given,Pakistan,2019-10-01,2019,TV-Y,58 min,Children & Family Movies
s3525,TV Show,,Not Given,Pakistan,2019-09-13,2019,TV-MA,1 Season,"British TV Shows, Crime TV Shows, International TV Shows"
s3540,TV Show,,Not Given,Pakistan,2019-09-01,2016,TV-Y,1 Season,Kids' TV
s3563,TV Show,,Not Given,Pakistan,2019-08-23,2019,TV-14,2 Seasons,"Anime Series, Crime TV Shows, International TV Shows"
s3672,TV Show,,Not Given,Pakistan,2019-07-12,2019,TV-MA,1 Season,"International TV Shows, Reality TV"
s3675,TV Show,,Not Given,Pakistan,2019-07-12,2019,TV-14,1 Season,"International TV Shows, TV Action & Adventure, TV Sci-Fi & Fantasy"
s247,Movie,,Yin Chen-hao,Not Given,2021-08-20,2021,TV-MA,115 min,"Dramas, International Movies, Romantic Movies"
s237,Movie,,Rathindran R Prasad,Not Given,2021-08-23,2021,TV-14,122 min,"Horror Movies, International Movies, Thrillers"
s238,Movie,,Rathindran R Prasad,Not Given,2021-08-23,2021,TV-14,122 min,"Horror Movies, International Movies, Thrillers"
s239,Movie,,Rathindran R Prasad,Not Given,2021-08-23,2021,TV-14,122 min,"Horror Movies, International Movies, Thrillers"
s240,Movie,,Rathindran R Prasad,Not Given,2021-08-23,2021,TV-14,122 min,"Horror Movies, International Movies, Thrillers"
s252,Movie,,Drake Doremus,United States,2021-08-19,2011,PG-13,91 min,"Dramas, Independent Movies, Romantic Movies"
s254,Movie,,Mani Ratnam,India,2021-08-18,1995,TV-14,135 min,"Dramas, International Movies, Romantic Movies"
s260,Movie,,Paakhi Tyrewala,India,2021-08-18,2018,TV-PG,82 min,"Comedies, Dramas, International Movies"
s258,Movie,,Mani Ratnam,India,2021-08-18,2015,TV-14,133 min,"Dramas, International Movies, Romantic Movies"
s262,Movie,,Bruno Garotti,Brazil,2021-08-18,2021,TV-14,97 min,"Comedies, International Movies, Romantic Movies"
s265,Movie,,Steve Brill,United States,2021-08-16,2014,R,94 min,"Comedies, Independent Movies"
s263,Movie,,Laura Brownson,United States,2021-08-18,2021,TV-MA,78 min,"Documentaries, LGBTQ Movies, Sports Movies"
s3678,TV Show,,Not Given,Pakistan,2019-07-12,2019,TV-Y,1 Season,Kids' TV
s268,Movie,,Jane Campion,New Zealand,2021-08-15,1993,R,121 min,"Classic Movies, Dramas, Independent Movies"
s458,Movie,,Mayye Zayed,Egypt,2021-07-15,2021,TV-PG,93 min,"Documentaries, International Movies, Sports Movies"
s3685,TV Show,,Not Given,Pakistan,2019-07-04,2019,TV-MA,2 Seasons,"International TV Shows, TV Dramas, TV Thrillers"
s3749,TV Show,,Not Given,Pakistan,2019-06-14,2019,TV-MA,2 Seasons,"Crime TV Shows, International TV Shows, Spanish-Language TV Shows"
s3790,TV Show,,Not Given,Pakistan,2019-05-31,2019,TV-MA,1 Season,"Crime TV Shows, Docuseries, International TV Shows"
s3825,TV Show,,Not Given,Pakistan,2019-05-15,2019,TV-14,1 Season,"International TV Shows, Romantic TV Shows, TV Dramas"
s3844,TV Show,,Not Given,Pakistan,2019-05-08,2015,TV-PG,1 Season,"International TV Shows, TV Dramas"
s3845,TV Show,,Not Given,Pakistan,2019-05-08,2016,TV-PG,1 Season,"International TV Shows, TV Comedies"
s3846,TV Show,,Not Given,Pakistan,2019-05-08,2016,TV-14,1 Season,"International TV Shows, Romantic TV Shows, TV Dramas"
s250,Movie,,Dave Needham,Not Given,2021-08-20,2021,TV-Y7,88 min,"Children & Family Movies, Comedies, Music & Musicals"
s251,Movie,,Veronica Velasco,Not Given,2021-08-19,2020,TV-PG,102 min,"Dramas, International Movies, Romantic Movies"
s253,Movie,,Miguel Alexandre,Not Given,2021-08-18,2021,TV-MA,105 min,"International Movies, Thrillers"
s256,Movie,,Michael Harte,Not Given,2021-08-18,2021,TV-MA,86 min,"Documentaries, International Movies"
s259,Movie,,Alice Filippi,Not Given,2021-08-18,2020,TV-MA,92 min,"Comedies, Dramas, International Movies"
s257,Movie,,Tosin Igho,Not Given,2021-08-18,2020,TV-14,140 min,"Dramas, International Movies"
s3847,TV Show,,Not Given,Pakistan,2019-05-08,2015,TV-PG,1 Season,"International TV Shows, Romantic TV Shows, TV Dramas"
s271,Movie,,Ferdinando Cito Filomarino,Italy,2021-08-13,2021,TV-MA,110 min,Action & Adventure
s3848,TV Show,,Not Given,Pakistan,2019-05-08,2015,TV-14,1 Season,"International TV Shows, Romantic TV Shows, TV Dramas"
s3849,TV Show,,Not Given,Pakistan,2019-05-08,2016,TV-PG,1 Season,"International TV Shows, TV Dramas"
s274,TV Show,,Juan Carlos Medina,France,2021-08-13,2021,TV-MA,1 Season,"Crime TV Shows, International TV Shows, TV Dramas"
s3850,TV Show,,Not Given,Pakistan,2019-05-08,2015,TV-14,1 Season,"International TV Shows, Romantic TV Shows, TV Comedies"
s3851,TV Show,,Not Given,Pakistan,2019-05-08,2016,TV-PG,1 Season,"International TV Shows, TV Dramas"
s277,TV Show,,Inma Torrente,Spain,2021-08-13,2021,TV-MA,2 Seasons,"International TV Shows, Romantic TV Shows, Spanish-Language TV Shows"
s3852,TV Show,,Not Given,Pakistan,2019-05-08,2016,TV-14,1 Season,"International TV Shows, TV Dramas, TV Sci-Fi & Fantasy"
s279,Movie,,Julián Gaviria,Colombia,2021-08-12,2021,TV-MA,64 min,Stand-Up Comedy
s280,Movie,,Steven Yamamoto,United States,2021-08-12,2021,TV-PG,59 min,"Action & Adventure, Anime Features, Children & Family Movies"
s3854,TV Show,,Not Given,Pakistan,2019-05-07,2019,TV-14,1 Season,"International TV Shows, TV Comedies, TV Dramas"
s282,Movie,,Charles Uwagbai,Nigeria,2021-08-11,2016,TV-14,101 min,"Comedies, International Movies"
s283,Movie,,Julián Hernández,Mexico,2021-08-11,2020,TV-MA,127 min,"Dramas, Independent Movies, International Movies"
s284,Movie,,Sam Hobkinson,Belgium,2021-08-11,2021,PG-13,90 min,"Documentaries, International Movies"
s285,Movie,,Vince Marcello,United Kingdom,2021-08-11,2021,TV-14,114 min,"Comedies, Romantic Movies"
s286,Movie,,Jonathan Teplitzky,Switzerland,2021-08-11,2013,R,108 min,"Dramas, International Movies"
s3857,TV Show,,Not Given,Pakistan,2019-05-07,2019,TV-14,1 Season,"International TV Shows, TV Dramas"
s3910,Movie,,Not Given,Pakistan,2019-04-16,2019,TV-Y,59 min,Children & Family Movies
s3954,TV Show,,Not Given,Pakistan,2019-04-01,2018,TV-Y7,1 Season,"Kids' TV, TV Comedies"
s3969,TV Show,,Not Given,Pakistan,2019-03-29,2018,TV-14,1 Season,"International TV Shows, TV Dramas"
s3977,TV Show,,Not Given,Pakistan,2019-03-25,2018,TV-14,1 Season,"Crime TV Shows, International TV Shows, TV Action & Adventure"
s3985,TV Show,,Not Given,Pakistan,2019-03-22,2018,TV-14,1 Season,"International TV Shows, TV Dramas"
s3988,Movie,,Not Given,Pakistan,2019-03-21,2019,TV-PG,60 min,"Documentaries, International Movies, Sports Movies"
s3997,TV Show,,Not Given,Pakistan,2019-03-20,2018,TV-14,1 Season,"International TV Shows, TV Dramas"
s4013,TV Show,,Not Given,Pakistan,2019-03-15,2018,TV-14,1 Season,"International TV Shows, TV Dramas"
s4016,TV Show,,Not Given,Pakistan,2019-03-15,2019,TV-14,1 Season,"Crime TV Shows, Docuseries"
s4036,TV Show,,Not Given,Pakistan,2019-03-08,2018,TV-PG,1 Season,"International TV Shows, TV Dramas"
s4056,TV Show,,Not Given,Pakistan,2019-03-01,2019,TV-Y7,2 Seasons,"Kids' TV, Korean TV Shows, TV Comedies"
s4057,TV Show,,Not Given,Pakistan,2019-03-01,2019,TV-MA,1 Season,Docuseries
s4106,TV Show,,Not Given,Pakistan,2019-02-15,2019,TV-MA,1 Season,"Docuseries, TV Comedies"
s4110,TV Show,,Not Given,Pakistan,2019-02-15,2019,TV-MA,1 Season,"Crime TV Shows, Docuseries, International TV Shows"
s4718,TV Show,,Not Given,Pakistan,2018-08-03,2018,TV-Y7,3 Seasons,Kids' TV
s4150,TV Show,,Not Given,Pakistan,2019-01-31,2018,TV-Y,1 Season,Kids' TV
s291,Movie,,Floyd Russ,United States,2021-08-10,2021,TV-MA,70 min,"Documentaries, Sports Movies"
s4172,TV Show,,Not Given,Pakistan,2019-01-25,2017,TV-14,1 Season,"International TV Shows, Romantic TV Shows, TV Comedies"
s293,Movie,,Dustin Hoffman,United Kingdom,2021-08-08,2012,PG-13,98 min,"Comedies, Dramas, Independent Movies"
s294,Movie,,Adze Ugah,South Africa,2021-08-08,2021,TV-MA,86 min,"Comedies, International Movies, Romantic Movies"
s296,Movie,,Quoc Bao Tran,United States,2021-08-07,2021,PG-13,111 min,"Action & Adventure, Comedies"
s4180,TV Show,,Not Given,Pakistan,2019-01-18,2017,TV-14,1 Season,"International TV Shows, Romantic TV Shows, TV Dramas"
s298,TV Show,,"Bejoy Nambiar, Priyadarshan, Karthik Narain, Vasanth Sai, Karthik Subbaraj, Arvind Swamy, Rathindran R Prasad, Sarjun, Gautham Vasudev Menon",India,2021-08-06,2021,TV-MA,1 Season,TV Shows
s299,Movie,,Kayode Kasum,Nigeria,2021-08-06,2020,TV-MA,115 min,"Comedies, Dramas, International Movies"
s300,Movie,,Just Philippot,France,2021-08-06,2021,TV-14,102 min,"Horror Movies, Independent Movies, International Movies"
s301,Movie,,"Kirk DeMicco, Brandon Jeffords",Canada,2021-08-06,2021,PG,100 min,"Children & Family Movies, Music & Musicals"
s302,Movie,,Rohit Shetty,India,2021-08-05,2013,TV-14,135 min,"Action & Adventure, Comedies, International Movies"
s303,Movie,,"Cavi Borges, Luciano Vidigal",Brazil,2021-08-05,2013,TV-MA,69 min,"Documentaries, International Movies"
s304,Movie,,Alejandro Doria,Argentina,2021-08-05,1985,TV-MA,95 min,"Comedies, Cult Movies, International Movies"
s305,Movie,,Laura Fairrie,United Kingdom,2021-08-05,2021,TV-14,97 min,Documentaries
s306,Movie,,Marcelo Piñeyro,Argentina,2021-08-05,1993,TV-MA,124 min,"Classic Movies, Dramas, International Movies"
s4185,TV Show,,Not Given,Pakistan,2019-01-18,2019,TV-MA,1 Season,"Docuseries, Stand-Up Comedy & Talk Shows"
s4200,TV Show,,Not Given,Pakistan,2019-01-11,2018,TV-MA,1 Season,"International TV Shows, Reality TV, Romantic TV Shows"
s4216,TV Show,,Not Given,Pakistan,2019-01-04,2017,TV-14,1 Season,"International TV Shows, Romantic TV Shows, TV Dramas"
s4251,TV Show,,Not Given,Pakistan,2018-12-30,1925,TV-14,1 Season,TV Shows
s4231,Movie,,Not Given,Pakistan,2018-12-31,2015,TV-MA,34 min,Documentaries
s4266,TV Show,,Not Given,Pakistan,2018-12-22,2018,TV-MA,1 Season,"International TV Shows, Romantic TV Shows, TV Dramas"
s4306,TV Show,,Not Given,Pakistan,2018-12-14,2018,TV-MA,1 Season,"British TV Shows, Crime TV Shows, Docuseries"
s4341,TV Show,,Not Given,Pakistan,2018-12-01,2017,TV-G,1 Season,"Kids' TV, Korean TV Shows"
s4345,Movie,,Not Given,Pakistan,2018-12-01,2018,TV-Y,23 min,Movies
s4372,TV Show,,Not Given,Pakistan,2018-11-20,2018,TV-Y7,1 Season,Kids' TV
s307,Movie,,Izu Ojukwu,Nigeria,2021-08-04,2016,TV-PG,118 min,"Dramas, International Movies"
s308,Movie,,Peter Winther,United States,2021-08-04,2021,TV-MA,115 min,Horror Movies
s309,Movie,,Susan Lacy,United States,2021-08-04,2012,TV-MA,115 min,Movies
s4373,TV Show,,Not Given,Pakistan,2018-11-20,2017,TV-Y7,1 Season,"Kids' TV, TV Comedies"
s311,TV Show,,Billy Corben,United States,2021-08-04,2021,TV-MA,1 Season,"Crime TV Shows, Docuseries"
s4390,TV Show,,Not Given,Pakistan,2018-11-15,2017,TV-Y,1 Season,"Anime Series, Kids' TV"
s4462,TV Show,,Not Given,Pakistan,2018-11-01,2012,TV-PG,1 Season,"British TV Shows, Reality TV"
s4498,Movie,,Not Given,Pakistan,2018-10-19,2018,TV-Y,23 min,Movies
s315,Movie,,James Mangold,United States,2021-08-03,1995,R,104 min,"Dramas, Independent Movies, Romantic Movies"
s316,Movie,,Chineze Anyaene,United States,2021-08-03,2010,TV-MA,106 min,"Dramas, International Movies"
s317,TV Show,,Hsu Fu-chun,Taiwan,2021-08-03,2011,TV-14,1 Season,"International TV Shows, Romantic TV Shows, TV Comedies"
s318,Movie,,Kristine Stolakis,United States,2021-08-03,2021,PG-13,102 min,"Documentaries, LGBTQ Movies"
s4512,TV Show,,Not Given,Pakistan,2018-10-12,2018,TV-Y7,2 Seasons,"Crime TV Shows, Kids' TV"
s4521,TV Show,,Not Given,Pakistan,2018-10-11,2018,TV-MA,1 Season,"Crime TV Shows, International TV Shows, TV Dramas"
s4522,TV Show,,Not Given,Pakistan,2018-10-11,2018,TV-PG,1 Season,Docuseries
s4530,TV Show,,Not Given,Pakistan,2018-10-05,2018,TV-14,1 Season,Reality TV
s4537,TV Show,,Not Given,Pakistan,2018-10-04,2018,TV-PG,1 Season,"Anime Series, International TV Shows, Romantic TV Shows"
s4628,TV Show,,Not Given,Pakistan,2018-09-21,2018,TV-MA,1 Season,"Reality TV, Science & Nature TV, TV Action & Adventure"
s326,Movie,,Brian Levant,United States,2021-08-01,1992,PG,87 min,"Children & Family Movies, Comedies"
s4641,TV Show,,Not Given,Pakistan,2018-09-14,2018,TV-Y,1 Season,Kids' TV
s4649,TV Show,,Not Given,Pakistan,2018-09-11,2018,TV-G,1 Season,"Docuseries, Kids' TV, Science & Nature TV"
s4651,TV Show,,Not Given,Pakistan,2018-09-09,2004,TV-14,2 Seasons,"International TV Shows, TV Comedies"
s4711,TV Show,,Not Given,Pakistan,2018-08-08,2018,TV-14,1 Season,"International TV Shows, Romantic TV Shows, TV Dramas"
s4768,TV Show,,Not Given,Pakistan,2018-07-18,2018,TV-14,1 Season,"Docuseries, International TV Shows, Spanish-Language TV Shows"
s4893,Movie,,Not Given,Pakistan,2018-05-01,2015,TV-Y,19 min,Movies
s4895,Movie,,Not Given,Pakistan,2018-05-01,2015,TV-Y,22 min,Movies
s4897,Movie,,Not Given,Pakistan,2018-05-01,2014,TV-Y,22 min,Movies
s4901,TV Show,,Not Given,Pakistan,2018-05-01,2017,TV-PG,1 Season,"International TV Shows, Stand-Up Comedy & Talk Shows"
s4909,TV Show,,Not Given,Pakistan,2018-04-27,2016,TV-14,2 Seasons,"International TV Shows, TV Dramas, TV Horror"
s4911,TV Show,,Not Given,Pakistan,2018-04-27,2016,TV-PG,1 Season,"International TV Shows, TV Dramas"
s4914,TV Show,,Not Given,Pakistan,2018-04-27,2016,TV-PG,1 Season,"International TV Shows, Romantic TV Shows, TV Comedies"
s4915,TV Show,,Not Given,Pakistan,2018-04-27,2016,TV-14,1 Season,"International TV Shows, TV Dramas"
s5394,TV Show,,Not Given,Pakistan,2017-07-01,2010,TV-14,1 Season,"International TV Shows, TV Dramas"
s5090,TV Show,,Not Given,Pakistan,2018-01-08,2016,TV-PG,1 Season,"International TV Shows, Romantic TV Shows, TV Comedies"
s5106,TV Show,,Not Given,Pakistan,2017-12-29,2015,TV-14,1 Season,"International TV Shows, TV Dramas"
s5110,TV Show,,Not Given,Pakistan,2017-12-25,2017,TV-14,1 Season,"International TV Shows, Korean TV Shows, TV Comedies"
s5121,TV Show,,Not Given,Pakistan,2017-12-15,2015,TV-MA,1 Season,"International TV Shows, Stand-Up Comedy & Talk Shows, TV Comedies"
s327,Movie,,Rod Daniel,United States,2021-08-01,1993,PG,88 min,"Children & Family Movies, Comedies"
s328,Movie,,Robert Zemeckis,United States,2021-08-01,2007,PG-13,114 min,"Action & Adventure, Sci-Fi & Fantasy"
s329,Movie,,Todor Chapkanov,Bulgaria,2021-08-01,2016,R,90 min,Action & Adventure
s330,Movie,,Steven Spielberg,United States,2021-08-01,2002,PG-13,142 min,Dramas
s331,Movie,,"Phil Lord, Christopher Miller",United States,2021-08-01,2009,PG,90 min,"Children & Family Movies, Comedies, Sci-Fi & Fantasy"
s5129,TV Show,,Not Given,Pakistan,2017-12-11,2016,TV-14,1 Season,"International TV Shows, TV Dramas"
s333,Movie,,Renny Harlin,United States,2021-08-01,1999,R,105 min,"Action & Adventure, Horror Movies, Sci-Fi & Fantasy"
s334,Movie,,John Hughes,United States,2021-08-01,1986,PG-13,103 min,"Classic Movies, Comedies, Cult Movies"
s335,Movie,,Justin Baldoni,United States,2021-08-01,2019,PG-13,116 min,"Dramas, Romantic Movies"
s336,Movie,,Joe Roth,United States,2021-08-01,2006,R,113 min,"Dramas, Thrillers"
s5146,TV Show,,Not Given,Pakistan,2017-12-01,2015,TV-14,1 Season,"International TV Shows, Romantic TV Shows, TV Dramas"
s338,Movie,,Mark Helfrich,United States,2021-08-01,2007,R,99 min,"Comedies, Romantic Movies"
s5156,TV Show,,Not Given,Pakistan,2017-11-24,2017,TV-MA,1 Season,"International TV Shows, TV Comedies"
s341,Movie,,Christopher Nolan,United States,2021-08-01,2010,PG-13,148 min,"Action & Adventure, Sci-Fi & Fantasy, Thrillers"
s342,Movie,,Paul Thomas Anderson,United States,2021-08-01,1999,R,189 min,"Dramas, Independent Movies"
s343,Movie,,Nick Castle,United States,2021-08-01,1995,PG-13,97 min,Comedies
s344,Movie,,Howard Zieff,United States,2021-08-01,1991,PG-13,102 min,Dramas
s5292,Movie,,Not Given,Pakistan,2017-09-01,2017,TV-MA,54 min,"Documentaries, International Movies"
s5192,TV Show,,Not Given,Pakistan,2017-11-01,2010,TV-MA,1 Season,"International TV Shows, TV Dramas"
s5193,TV Show,,Not Given,Pakistan,2017-11-01,2007,TV-MA,1 Season,"International TV Shows, TV Dramas"
s5194,TV Show,,Not Given,Pakistan,2017-11-01,2009,TV-14,1 Season,"International TV Shows, TV Dramas"
s5195,TV Show,,Not Given,Pakistan,2017-11-01,2008,TV-14,1 Season,"Crime TV Shows, International TV Shows, TV Action & Adventure"
s5216,TV Show,,Not Given,Pakistan,2017-10-16,2016,TV-PG,1 Season,"International TV Shows, Romantic TV Shows, TV Dramas"
s345,Movie,,Howard Zieff,United States,2021-08-01,1994,PG,99 min,"Children & Family Movies, Comedies, Dramas"
s346,Movie,,David Feiss,United States,2021-08-01,2015,PG,85 min,"Children & Family Movies, Comedies"
s347,Movie,,David Gordon Green,United States,2021-08-01,2008,R,112 min,"Action & Adventure, Comedies"
s348,Movie,,Jorge Blanco,Spain,2021-08-01,2009,PG,91 min,"Children & Family Movies, Comedies, Sci-Fi & Fantasy"
s349,Movie,,Zara Hayes,United Kingdom,2021-08-01,2019,PG-13,91 min,Comedies
s350,Movie,,Gary Ross,United States,2021-08-01,2003,PG-13,141 min,"Dramas, Sports Movies"
s351,Movie,,Clint Eastwood,United States,2021-08-01,2000,PG-13,130 min,"Action & Adventure, Dramas, Sci-Fi & Fantasy"
s352,Movie,,Trey Parker,United States,2021-08-01,2004,R,98 min,"Action & Adventure, Comedies, Cult Movies"
s353,Movie,,Kelly Fremon Craig,United States,2021-08-01,2016,R,105 min,"Comedies, Dramas"
s354,Movie,,Tom Elkins,United States,2021-08-01,2013,R,101 min,Horror Movies
s355,Movie,,Tony Scott,United States,2021-08-01,1991,R,105 min,"Action & Adventure, Comedies"
s356,Movie,,Brad Furman,United States,2021-08-01,2011,R,118 min,"Dramas, Thrillers"
s357,Movie,,Sylvain White,United States,2021-08-01,2010,PG-13,97 min,Action & Adventure
s358,Movie,,Brad Anderson,Spain,2021-08-01,2004,R,102 min,"Dramas, Independent Movies, Thrillers"
s359,Movie,,Irwin Winkler,United States,2021-08-01,1995,PG-13,114 min,Thrillers
s360,Movie,,Spike Lee,United States,2021-08-01,2000,R,111 min,Stand-Up Comedy
s361,Movie,,Garry Marshall,United States,2021-08-01,2010,PG-13,125 min,"Comedies, Romantic Movies"
s5217,TV Show,,Not Given,Pakistan,2017-10-16,2012,TV-14,1 Season,"International TV Shows, Romantic TV Shows, TV Comedies"
s5255,TV Show,,Not Given,Pakistan,2017-09-29,2015,TV-PG,1 Season,"International TV Shows, TV Comedies, TV Dramas"
s5260,TV Show,,Not Given,Pakistan,2017-09-29,2014,TV-PG,1 Season,"International TV Shows, TV Dramas"
s363,Movie,,Kenneth Gyang,Nigeria,2021-07-31,2018,TV-14,76 min,"Dramas, International Movies"
s366,Movie,,Najwa Najjar,France,2021-07-30,2014,TV-14,103 min,"Dramas, Independent Movies, International Movies"
s372,Movie,,Najwa Najjar,France,2021-07-30,2009,TV-14,95 min,"Dramas, Independent Movies, International Movies"
s420,Movie,,Rajiv Chilaka,India,2021-07-22,2010,TV-Y7,69 min,"Children & Family Movies, Sports Movies"
s5357,TV Show,,Not Given,Pakistan,2017-08-01,2016,TV-14,1 Season,"International TV Shows, Romantic TV Shows, TV Comedies"
s375,Movie,,Michelle Bello,Nigeria,2021-07-29,2013,TV-PG,94 min,"Comedies, International Movies, Romantic Movies"
s5361,TV Show,,Not Given,Pakistan,2017-08-01,2017,TV-MA,1 Season,"Crime TV Shows, International TV Shows, Spanish-Language TV Shows"
s378,Movie,,Daniel Markowicz,Poland,2021-07-28,2021,TV-MA,92 min,"Action & Adventure, International Movies"
s379,Movie,,Louie Schwartzberg,United States,2021-07-28,2019,TV-14,81 min,Documentaries
s5776,Movie,,Not Given,Pakistan,2016-10-01,2016,TV-Y7,44 min,Movies
s381,TV Show,,Glen Winter,United States,2021-07-28,2021,TV-14,7 Seasons,"Crime TV Shows, TV Action & Adventure, TV Sci-Fi & Fantasy"
s5788,Movie,,Not Given,Pakistan,2016-09-19,2016,TV-MA,65 min,Stand-Up Comedy
s5789,Movie,,Not Given,Pakistan,2016-09-19,2016,TV-MA,69 min,Stand-Up Comedy
s5790,Movie,,Not Given,Pakistan,2016-09-19,2016,TV-MA,64 min,Stand-Up Comedy
s5791,Movie,,Not Given,Pakistan,2016-09-19,2016,TV-MA,63 min,Stand-Up Comedy
s5792,Movie,,Not Given,Pakistan,2016-09-19,2016,TV-MA,63 min,Stand-Up Comedy
s5800,TV Show,,Not Given,Pakistan,2016-09-02,2016,TV-14,1 Season,Docuseries
s5871,TV Show,,Not Given,Pakistan,2016-02-01,2012,TV-Y,1 Season,Kids' TV
s5896,TV Show,,Not Given,Pakistan,2015-10-01,2014,TV-PG,1 Season,Kids' TV
s6710,TV Show,,Not Given,Pakistan,2019-07-23,2019,TV-PG,1 Season,International TV Shows
s364,Movie,,Jaume Balagueró,Not Given,2021-07-31,2021,R,118 min,"Action & Adventure, International Movies, Thrillers"
s368,Movie,,Selçuk Metin,Not Given,2021-07-30,2020,TV-14,114 min,"Documentaries, International Movies"
s374,Movie,,David Charhon,Not Given,2021-07-30,2021,TV-MA,112 min,"Action & Adventure, Comedies, International Movies"
s376,Movie,,Steven Tsuchida,Not Given,2021-07-29,2021,TV-14,102 min,"Comedies, Romantic Movies"
s373,Movie,,Keishi Otomo,Not Given,2021-07-30,2021,TV-MA,138 min,"Action & Adventure, International Movies"
s388,Movie,,Laxman Utekar,India,2021-07-27,2021,TV-14,132 min,"Comedies, Dramas, International Movies"
s396,Movie,,Marcos Bucay,Mexico,2021-07-23,2021,TV-MA,97 min,"Comedies, International Movies"
s384,Movie,,Ram Gopal Varma,India,2021-07-27,2012,TV-MA,143 min,"Action & Adventure, International Movies"
s399,Movie,,Kim Seong-hun,South Korea,2021-07-23,2021,TV-MA,94 min,"Horror Movies, International Movies, Thrillers"
s5965,TV Show,,Not Given,Pakistan,2019-03-20,2018,TV-14,1 Season,"International TV Shows, TV Dramas"
s390,Movie,,Yuval Adler,France,2021-07-27,2019,TV-MA,117 min,"Dramas, International Movies, Thrillers"
s5975,TV Show,,Not Given,Pakistan,2019-03-30,2016,TV-14,1 Season,"International TV Shows, Romantic TV Shows, TV Comedies"
s393,Movie,,Quentin Tarantino,United States,2021-07-24,2012,R,165 min,"Action & Adventure, Dramas"
s394,Movie,,Clay Glen,Australia,2021-07-23,2021,PG,91 min,"Children & Family Movies, Sports Movies"
s6266,TV Show,,Not Given,Pakistan,2019-04-23,2016,TV-MA,2 Seasons,"International TV Shows, Romantic TV Shows, TV Comedies"
s6276,TV Show,,Not Given,Pakistan,2018-09-14,2015,TV-MA,1 Season,"International TV Shows, Romantic TV Shows, TV Dramas"
s6348,TV Show,,Not Given,Pakistan,2016-06-01,1991,TV-G,1 Season,TV Shows
s6361,TV Show,,Not Given,Pakistan,2019-10-02,2016,TV-PG,1 Season,Reality TV
s6379,TV Show,,Not Given,Pakistan,2019-10-02,2015,TV-14,1 Season,"International TV Shows, Reality TV"
s6386,TV Show,,Not Given,Pakistan,2018-04-01,2013,TV-PG,1 Season,"International TV Shows, TV Dramas"
s6390,TV Show,,Not Given,Pakistan,2018-03-31,2017,TV-PG,1 Season,Kids' TV
s6431,TV Show,,Not Given,Pakistan,2018-09-07,2015,TV-MA,1 Season,"International TV Shows, Romantic TV Shows, TV Comedies"
s6507,TV Show,,Not Given,Pakistan,2019-02-02,2017,TV-MA,8 Seasons,"International TV Shows, Romantic TV Shows, TV Comedies"
s6505,TV Show,,Not Given,Pakistan,2019-03-09,2015,TV-MA,9 Seasons,"International TV Shows, Romantic TV Shows, TV Dramas"
s6506,TV Show,,Not Given,Pakistan,2018-06-18,2016,TV-MA,7 Seasons,"International TV Shows, Romantic TV Shows, TV Dramas"
s6508,TV Show,,Not Given,Pakistan,2018-04-20,2016,TV-MA,1 Season,"International TV Shows, Romantic TV Shows, TV Dramas"
s6509,TV Show,,Not Given,Pakistan,2018-04-13,2016,TV-MA,1 Season,"International TV Shows, Romantic TV Shows, TV Comedies"
s6510,TV Show,,Not Given,Pakistan,2018-04-20,2016,TV-MA,1 Season,"International TV Shows, Romantic TV Shows, TV Dramas"
s6619,TV Show,,Not Given,Pakistan,2019-10-02,2017,TV-MA,1 Season,"British TV Shows, Reality TV"
s385,Movie,,David Benullo,Not Given,2021-07-27,2021,TV-14,86 min,Thrillers
s389,TV Show,,"Royale Watkins, Rich Schlansker",Not Given,2021-07-27,2021,TV-MA,1 Season,"Stand-Up Comedy & Talk Shows, TV Comedies"
s395,Movie,,Muzi Mthembu,Not Given,2021-07-23,2021,TV-MA,97 min,"Dramas, Independent Movies, International Movies"
s397,Movie,,Peter Thorwarth,Not Given,2021-07-23,2021,TV-MA,123 min,"Action & Adventure, Horror Movies, International Movies"
s407,Movie,,Rajiv Chilaka,India,2021-07-22,2013,TV-Y7,64 min,Children & Family Movies
s408,Movie,,Rajiv Chilaka,India,2021-07-22,2009,TV-Y7,68 min,Children & Family Movies
s409,Movie,,Rajiv Chilaka,India,2021-07-22,2011,TV-Y7,67 min,Children & Family Movies
s403,Movie,,Augustine Frizzell,United Kingdom,2021-07-23,2021,TV-MA,111 min,"Dramas, Romantic Movies"
s410,Movie,,Rajiv Chilaka,India,2021-07-22,2010,TV-Y7,66 min,Children & Family Movies
s412,Movie,,Rajiv Chilaka,India,2021-07-22,2013,TV-Y7,64 min,Children & Family Movies
s411,Movie,,Rajiv Chilaka,India,2021-07-22,2013,TV-Y7,64 min,Children & Family Movies
s416,Movie,,Rajiv Chilaka,India,2021-07-22,2009,TV-Y7,68 min,Children & Family Movies
s413,Movie,,Rajiv Chilaka,India,2021-07-22,2013,TV-Y7,65 min,Children & Family Movies
s414,Movie,,Rajiv Chilaka,India,2021-07-22,2013,TV-Y7,64 min,Children & Family Movies
s415,Movie,,Rajiv Chilaka,India,2021-07-22,2012,TV-Y7,68 min,Children & Family Movies
s417,Movie,,Rajiv Chilaka,India,2021-07-22,2013,TV-Y7,64 min,Children & Family Movies
s6661,TV Show,,Not Given,Pakistan,2018-10-01,2018,TV-14,1 Season,"British TV Shows, Docuseries, Science & Nature TV"
s6694,TV Show,,Not Given,Pakistan,2018-06-18,2018,TV-MA,1 Season,"International TV Shows, Spanish-Language TV Shows, TV Comedies"
s6698,TV Show,,Not Given,Pakistan,2018-08-08,2018,TV-MA,1 Season,"Crime TV Shows, Spanish-Language TV Shows, TV Dramas"
s6742,TV Show,,Not Given,Pakistan,2018-07-13,2016,TV-MA,1 Season,"Crime TV Shows, International TV Shows, TV Action & Adventure"
s6764,TV Show,,Not Given,Pakistan,2018-12-14,2015,TV-14,2 Seasons,"International TV Shows, Reality TV"
s406,Movie,,Sidheswar Shukla,Not Given,2021-07-22,2015,TV-Y,65 min,Children & Family Movies
s418,Movie,,Binayak Das,Not Given,2021-07-22,2015,TV-Y7,62 min,Children & Family Movies
s419,Movie,,"Arpan Sarkar, Shyamal Chaulia",Not Given,2021-07-22,2019,TV-Y,63 min,Children & Family Movies
s421,Movie,,Rajiv Chilaka,India,2021-07-22,2012,TV-Y7,70 min,Children & Family Movies
s427,Movie,,"Ainsley Gardiner, Briar Grace-Smith",New Zealand,2021-07-22,2021,TV-MA,99 min,Dramas
s430,Movie,,Seyi Babatope,Nigeria,2021-07-21,2020,TV-14,105 min,"Dramas, International Movies, Thrillers"
s423,Movie,,Rajiv Chilaka,India,2021-07-22,2011,TV-Y7,68 min,Children & Family Movies
s424,Movie,,Rajiv Chilaka,India,2021-07-22,2011,TV-Y7,74 min,Children & Family Movies
s434,Movie,,Morgan Ingari,United States,2021-07-20,2020,TV-MA,102 min,"Comedies, Dramas, Independent Movies"
s425,Movie,,Rajiv Chilaka,India,2021-07-22,2012,TV-Y7,68 min,Children & Family Movies
s428,Movie,,Mahmoud Karim,Egypt,2021-07-22,2019,TV-14,90 min,"Comedies, International Movies"
s437,Movie,,Abdulaziz Alshlahei,Saudi Arabia,2021-07-19,2021,TV-14,91 min,"Dramas, International Movies, Romantic Movies"
s438,Movie,,Edward Drake,United States,2021-07-17,2021,R,88 min,Action & Adventure
s6774,TV Show,,Not Given,Pakistan,2017-10-01,2017,TV-PG,1 Season,"Docuseries, Science & Nature TV"
s6858,TV Show,,Not Given,Pakistan,2017-08-14,2010,TV-14,1 Season,"International TV Shows, TV Dramas"
s6907,TV Show,,Not Given,Pakistan,2018-05-11,2016,TV-MA,2 Seasons,"International TV Shows, TV Comedies"
s6927,Movie,,Not Given,Pakistan,2019-11-01,2005,TV-14,55 min,"Documentaries, Sports Movies"
s7018,TV Show,,Not Given,Pakistan,2018-09-15,2018,TV-MA,1 Season,"British TV Shows, International TV Shows, Reality TV"
s7034,TV Show,,Not Given,Pakistan,2018-03-29,2018,TV-14,2 Seasons,"International TV Shows, Korean TV Shows, Reality TV"
s7215,TV Show,,Not Given,Pakistan,2019-05-26,2016,TV-14,1 Season,"International TV Shows, Romantic TV Shows, TV Dramas"
s422,Movie,,"Rajiv Chilaka, Owll Mina",Not Given,2021-07-22,2014,TV-Y7,63 min,Children & Family Movies
s429,Movie,,Kyohei Ishiguro,Not Given,2021-07-22,2021,TV-G,87 min,"Anime Features, Children & Family Movies, International Movies"
s433,Movie,,"Johane Matte, Andrew L. Schmidt, Francisco Ruiz Velasco",Not Given,2021-07-21,2021,TV-Y7,106 min,Children & Family Movies
s439,Movie,,Kathryn Fasegha,Not Given,2021-07-16,2020,TV-PG,107 min,"Dramas, International Movies, Romantic Movies"
s440,Movie,,"Sita Likitvanichkul, Jetarin Ratanaserikiat, Apirak Samudkitpaisan, Thanabodee Uawithya, Adirek Wattaleela",Thailand,2021-07-16,2021,TV-MA,101 min,"Dramas, International Movies, Thrillers"
s445,TV Show,,Garrett Bradley,Not Given,2021-07-16,2021,TV-14,1 Season,Docuseries
s444,Movie,,Luis Estrada,Mexico,2021-07-16,1999,R,123 min,"Comedies, International Movies"
s446,Movie,,Sofia Coppola,United States,2021-07-16,2017,R,94 min,"Dramas, Independent Movies, Thrillers"
s447,Movie,,Colin Trevorrow,United States,2021-07-16,2017,PG-13,105 min,Dramas
s448,Movie,,Bill Condon,United States,2021-07-16,2011,PG-13,117 min,"Dramas, Romantic Movies"
s449,Movie,,Bill Condon,United States,2021-07-16,2012,PG-13,115 min,"Dramas, Romantic Movies"
s450,Movie,,David Slade,United States,2021-07-16,2010,PG-13,124 min,"Dramas, Romantic Movies"
s451,Movie,,Chris Weitz,United States,2021-07-16,2009,PG-13,131 min,"Dramas, Romantic Movies"
s452,Movie,,Catherine Hardwicke,United States,2021-07-16,2008,PG-13,122 min,"Action & Adventure, Dramas, Romantic Movies"
s453,Movie,,Hadrah Daeng Ratu,Indonesia,2021-07-15,2021,TV-PG,113 min,"Comedies, Dramas, International Movies"
s7223,TV Show,,Not Given,Pakistan,2018-02-16,2014,TV-PG,1 Season,"Docuseries, International TV Shows"
s7227,Movie,,Not Given,Pakistan,2017-09-08,2009,TV-Y7,58 min,Children & Family Movies
s7233,Movie,,Not Given,Pakistan,2017-09-08,2010,TV-Y7,58 min,Children & Family Movies
s7256,TV Show,,Not Given,Pakistan,2017-10-16,2016,TV-14,1 Season,"International TV Shows, TV Dramas"
s7319,Movie,,Not Given,Pakistan,2019-07-11,2019,TV-Y7,67 min,"Children & Family Movies, Comedies"
s7339,TV Show,,Not Given,Pakistan,2018-06-29,2015,TV-MA,1 Season,"International TV Shows, Spanish-Language TV Shows, TV Comedies"
s7350,TV Show,,Not Given,Pakistan,2018-06-18,2016,TV-MA,1 Season,"International TV Shows, TV Comedies, TV Dramas"
s7393,TV Show,,Not Given,Pakistan,2018-12-01,2018,TV-PG,1 Season,"International TV Shows, Reality TV, TV Action & Adventure"
s7439,TV Show,,Not Given,Pakistan,2019-06-21,2016,TV-14,1 Season,"International TV Shows, Romantic TV Shows, TV Comedies"
s455,Movie,,Tommy Chong,Not Given,2021-07-15,1983,TV-MA,91 min,"Comedies, Cult Movies"
s456,Movie,,Fred Ouro Preto,Not Given,2021-07-15,2021,TV-MA,100 min,"Documentaries, International Movies, Music & Musicals"
s442,Movie,,Leigh Janiak,Not Given,2021-07-16,2021,R,114 min,"Horror Movies, LGBTQ Movies"
s466,TV Show,,Not Given,Pakistan,2021-07-14,2021,TV-MA,1 Season,"Crime TV Shows, Docuseries"
s461,Movie,,"Ash Brannon, Chris Buck",United States,2021-07-15,2007,PG,86 min,"Children & Family Movies, Comedies, Sports Movies"
s463,Movie,,Tom Donahue,United States,2021-07-15,2019,TV-MA,96 min,Documentaries
s464,Movie,,"Roberto De Feo, Paolo Strippoli",Italy,2021-07-14,2021,TV-MA,95 min,"Horror Movies, International Movies"
s7447,TV Show,,Not Given,Pakistan,2018-05-01,2018,TV-14,1 Season,"International TV Shows, TV Dramas"
s7456,TV Show,,Not Given,Pakistan,2016-01-01,1996,TV-Y7,1 Season,Kids' TV
s470,Movie,,Semi Chellas,United States,2021-07-13,2019,TV-MA,87 min,"Dramas, Independent Movies"
s7484,TV Show,,Not Given,Pakistan,2019-07-12,2015,TV-PG,1 Season,"British TV Shows, International TV Shows, Reality TV"
s7541,TV Show,,Not Given,Pakistan,2017-11-01,2017,TV-14,1 Season,"International TV Shows, Stand-Up Comedy & Talk Shows"
s474,Movie,,Viridiana Lieberman,United States,2021-07-12,2020,TV-MA,93 min,"Documentaries, Sports Movies"
s475,Movie,,Nima Nourizadeh,United States,2021-07-10,2015,R,96 min,"Action & Adventure, Comedies"
s7587,TV Show,,Not Given,Pakistan,2019-07-12,2016,TV-MA,2 Seasons,"British TV Shows, International TV Shows, Reality TV"
s7625,TV Show,,Not Given,Pakistan,2018-08-15,2018,TV-MA,1 Season,"Docuseries, International TV Shows, Spanish-Language TV Shows"
s7633,TV Show,,Not Given,Pakistan,2018-04-13,2016,TV-MA,1 Season,"International TV Shows, Romantic TV Shows, TV Dramas"
s7761,TV Show,,Not Given,Pakistan,2017-06-01,2016,TV-Y7,1 Season,"Kids' TV, Korean TV Shows"
s7763,TV Show,,Not Given,Pakistan,2016-10-15,2016,TV-Y7,1 Season,Kids' TV
s7780,TV Show,,Not Given,Pakistan,2016-01-01,2012,TV-Y7,1 Season,Kids' TV
s7813,TV Show,,Not Given,Pakistan,2018-05-01,2017,TV-MA,1 Season,"International TV Shows, Stand-Up Comedy & Talk Shows, TV Comedies"
s7814,TV Show,,Not Given,Pakistan,2018-10-25,2018,TV-14,1 Season,"Stand-Up Comedy & Talk Shows, TV Comedies"
s459,Movie,,Alessandra de Rossi,Not Given,2021-07-15,2021,TV-14,90 min,"Dramas, International Movies, Romantic Movies"
s465,Movie,,Navot Papushado,Not Given,2021-07-14,2021,R,115 min,"Action & Adventure, Comedies"
s485,Movie,,Kim Joo-hyung,South Korea,2021-07-09,2021,TV-G,46 min,Stand-Up Comedy
s7816,TV Show,,Not Given,Pakistan,2017-06-01,2012,TV-14,1 Season,"International TV Shows, Romantic TV Shows, TV Dramas"
s487,Movie,,"Jericca Cleland, Kevin Munroe",Hong Kong,2021-07-09,2016,PG,94 min,"Children & Family Movies, Comedies, Sci-Fi & Fantasy"
s7839,TV Show,,Not Given,Pakistan,2018-07-31,2015,TV-MA,1 Season,"International TV Shows, Romantic TV Shows, TV Dramas"
s7863,TV Show,,Not Given,Pakistan,2019-05-02,2017,TV-MA,1 Season,"Crime TV Shows, International TV Shows, TV Dramas"
s490,Movie,,Ahmed Siddiqui,Kuwait,2021-07-08,2017,TV-14,104 min,"Comedies, International Movies"
s7943,TV Show,,Not Given,Pakistan,2017-04-01,2014,TV-PG,1 Season,"Docuseries, International TV Shows"
s492,Movie,,Hallie Meyers-Shyer,United States,2021-07-08,2017,PG-13,97 min,"Comedies, Dramas, Romantic Movies"
s493,Movie,,Scott Speer,United States,2021-07-08,2018,PG-13,91 min,"Dramas, Romantic Movies"
s8138,TV Show,,Not Given,Pakistan,2018-05-01,2018,TV-14,1 Season,"International TV Shows, TV Dramas"
s495,Movie,,Barry Levinson,United States,2021-07-08,2015,R,106 min,"Comedies, Music & Musicals"
s497,Movie,,Camille Delamarre,France,2021-07-07,2014,PG-13,90 min,"Action & Adventure, International Movies"
s8207,TV Show,,Not Given,Pakistan,2017-09-18,2012,TV-MA,1 Season,"International TV Shows, TV Dramas"
s8348,TV Show,,Not Given,Pakistan,2017-06-02,2015,TV-PG,1 Season,"International TV Shows, Korean TV Shows, Reality TV"
s8369,TV Show,,Not Given,Pakistan,2016-12-01,2008,TV-MA,1 Season,"Crime TV Shows, Docuseries"
s8377,TV Show,,Not Given,Pakistan,2019-05-01,2019,TV-PG,1 Season,Reality TV
s8393,TV Show,,Not Given,Pakistan,2017-10-21,2013,TV-14,1 Season,"Crime TV Shows, International TV Shows, TV Dramas"
s8594,TV Show,,Not Given,Pakistan,2018-02-23,2014,TV-14,1 Season,"Crime TV Shows, Docuseries, International TV Shows"
s8610,TV Show,,Not Given,Pakistan,2017-12-27,2016,TV-MA,1 Season,"International TV Shows, Reality TV"
s8680,TV Show,,Not Given,Pakistan,2018-03-31,2013,TV-Y7,2 Seasons,Kids' TV
s8691,TV Show,,Not Given,Pakistan,2018-03-31,2017,TV-14,2 Seasons,"International TV Shows, TV Dramas"
s481,Movie,,Femi D. Ogunsanwo,Not Given,2021-07-09,2020,TV-14,105 min,"Comedies, Dramas, International Movies"
s482,Movie,,Douglas Attal,Not Given,2021-07-09,2021,TV-MA,101 min,"Action & Adventure, Dramas, International Movies"
s486,Movie,,Avi Federgreen,Not Given,2021-07-09,2021,TV-14,89 min,Thrillers
s496,Movie,,Tolulope Itegboje,Not Given,2021-07-07,2019,TV-MA,38 min,"Documentaries, International Movies"
s480,Movie,,Leigh Janiak,Not Given,2021-07-09,2021,R,111 min,Horror Movies
s502,Movie,,Seyi Babatope,Nigeria,2021-07-07,2020,TV-MA,105 min,"Dramas, International Movies"
s503,Movie,,Mahmood Ali-Balogun,Nigeria,2021-07-07,2010,TV-14,104 min,"Dramas, International Movies, Romantic Movies"
s504,TV Show,,Jan Holoubek,Poland,2021-07-07,2021,TV-MA,2 Seasons,"Crime TV Shows, International TV Shows, TV Dramas"
s65,Movie,,David Yarovesky,Not Given,2021-09-15,2021,TV-PG,103 min,Children & Family Movies
s507,Movie,,Christine Luby,Australia,2021-07-07,2021,TV-G,92 min,"International Movies, Romantic Movies"
s509,Movie,,Yeo Siew Hua,France,2021-07-06,2019,TV-MA,95 min,"Dramas, International Movies"
s69,Movie,,"Hanns-Bruno Kammertöns, Vanessa Nöcker, Michael Wech",Not Given,2021-09-15,2021,TV-14,113 min,"Documentaries, International Movies, Sports Movies"
s72,Movie,,David A. Vargas,Not Given,2021-09-14,2021,TV-Y,13 min,Children & Family Movies
s149,TV Show,,Gerhard Mostert,Not Given,2021-09-01,2020,TV-14,1 Season,TV Shows
s288,TV Show,,Sakon Tiacharoen,Not Given,2021-08-10,2021,TV-14,1 Season,"International TV Shows, Romantic TV Shows, TV Comedies"
s295,Movie,,Hideaki Takizawa,Not Given,2021-08-07,2020,TV-PG,139 min,"International Movies, Music & Musicals"
s319,Movie,,"Eva Müller, Michael Schmitt",Not Given,2021-08-03,2021,TV-MA,97 min,"Documentaries, International Movies"
s340,Movie,,"Mag Hsu, Hsu Chih-yen",Not Given,2021-08-01,2021,TV-14,96 min,"Dramas, Independent Movies, International Movies"
s462,Movie,,Alaa Eddine Aljem,Not Given,2021-07-15,2019,TV-14,100 min,"Comedies, Dramas, Independent Movies"
s468,Movie,,Manuel Alcalá,Not Given,2021-07-14,2021,TV-MA,100 min,"Documentaries, International Movies"
s469,Movie,,Ricardo Trogi,Not Given,2021-07-14,2021,TV-MA,102 min,"Comedies, Dramas, International Movies"
s472,Movie,,"Akay Mason, Abosi Ogba",Not Given,2021-07-13,2021,TV-PG,110 min,"Children & Family Movies, Dramas, International Movies"
s476,Movie,,Daniel Růžička,Not Given,2021-07-10,2019,TV-MA,93 min,Stand-Up Comedy
s477,Movie,,Juraj Šajmovič,Not Given,2021-07-10,2016,TV-MA,93 min,"Comedies, Documentaries, International Movies"
s499,Movie,,Pascal Atuma,Not Given,2021-07-07,2020,TV-MA,87 min,"Dramas, International Movies"
s501,Movie,,Oleg Trofim,Not Given,2021-07-07,2021,TV-MA,138 min,"Action & Adventure, International Movies"
s506,Movie,,"Anurin Nwunembom, Musing Derrick",Not Given,2021-07-07,2020,TV-PG,85 min,"Dramas, International Movies"
s508,Movie,,Udoka Oyeka,Not Given,2021-07-07,2019,TV-14,108 min,"Comedies, International Movies"
s519,Movie,,Hardik Mehta,India,2021-07-06,2020,TV-14,105 min,"Dramas, International Movies"
s529,Movie,,"Rajveer Singh Maan, Harpeet Singh",India,2021-07-06,2012,TV-14,116 min,"Dramas, International Movies, Romantic Movies"
s530,Movie,,Youssef Chahine,Egypt,2021-07-06,1976,TV-MA,124 min,"Dramas, International Movies"
s532,Movie,,"Saw Teong Hin, Nik Amir Mustapha, M.S. Prem Nath",Malaysia,2021-07-06,2018,TV-PG,101 min,"Dramas, International Movies"
s535,Movie,,Rano Karno,Indonesia,2021-07-06,2019,TV-G,95 min,"Dramas, International Movies"
s542,Movie,,Pramod Pawar,India,2021-07-06,2018,TV-14,128 min,"Comedies, Dramas, International Movies"
s543,Movie,,Naresh Saigal,India,2021-07-06,1959,TV-14,143 min,"Dramas, International Movies"
s551,Movie,,Leigh Janiak,Not Given,2021-07-02,2021,R,107 min,"Horror Movies, LGBTQ Movies"
s553,Movie,,Neri Parenti,Not Given,2021-07-02,2020,TV-MA,94 min,"Comedies, International Movies"
s552,Movie,,Vinil Mathew,India,2021-07-02,2021,TV-MA,136 min,"International Movies, Romantic Movies, Thrillers"
s561,Movie,,Matt Ogens,Not Given,2021-07-01,2021,PG-13,39 min,"Documentaries, Sports Movies"
s555,Movie,,Ramsey Nouah,Nigeria,2021-07-02,2020,TV-MA,136 min,"Dramas, International Movies, Thrillers"
s556,Movie,,Bong Joon Ho,South Korea,2021-07-02,2013,R,126 min,"Action & Adventure, Cult Movies, International Movies"
s557,Movie,,Kim Tae-hyung,South Korea,2021-07-02,2021,TV-14,116 min,"Horror Movies, International Movies, Thrillers"
s558,Movie,,"Michael Spierig, Peter Spierig",Australia,2021-07-02,2018,PG-13,100 min,"Horror Movies, Sci-Fi & Fantasy"
s559,Movie,,Ernie Barbarash,United States,2021-07-01,2012,R,115 min,Action & Adventure
s560,Movie,,Wolfgang Petersen,United States,2021-07-01,1997,R,125 min,Action & Adventure
s562,Movie,,Jay Roach,United States,2021-07-01,2002,PG-13,94 min,"Action & Adventure, Comedies"
s563,Movie,,Jay Roach,United States,2021-07-01,1997,PG-13,90 min,Comedies
s564,Movie,,Jay Roach,United States,2021-07-01,1999,PG-13,95 min,"Action & Adventure, Comedies, Sci-Fi & Fantasy"
s565,Movie,,Paul Thomas Anderson,United States,2021-07-01,1997,R,155 min,"Comedies, Dramas, Independent Movies"
s571,Movie,,Chow Hin Yeung Roy,Not Given,2021-07-01,2021,TV-14,118 min,"Action & Adventure, International Movies"
s567,Movie,,McG,United States,2021-07-01,2000,PG-13,98 min,"Action & Adventure, Comedies"
s568,Movie,,Frank Marshall,United States,2021-07-01,1995,PG-13,108 min,"Action & Adventure, Thrillers"
s569,Movie,,Nick Castle,United States,2021-07-01,1993,PG,96 min,"Children & Family Movies, Comedies"
s570,Movie,,Victor Vu,Vietnam,2021-07-01,2019,TV-14,117 min,"Dramas, International Movies, Romantic Movies"
s578,TV Show,,Malik Nejer,Saudi Arabia,2021-07-01,2021,TV-MA,1 Season,"International TV Shows, TV Comedies"
s573,Movie,,Joel Hopkins,United Kingdom,2021-07-01,2019,PG-13,103 min,"Comedies, Dramas, International Movies"
s574,Movie,,"John Stevenson, Mark Osborne",United States,2021-07-01,2008,PG,94 min,"Children & Family Movies, Comedies"
s575,Movie,,Jennifer Yuh Nelson,United States,2021-07-01,2011,PG,93 min,"Children & Family Movies, Comedies"
s576,Movie,,Greg Berlanti,United States,2021-07-01,2010,PG-13,115 min,"Comedies, Dramas, Romantic Movies"
s577,Movie,,Garth Davis,United Kingdom,2021-07-01,2019,R,120 min,"Dramas, Faith & Spirituality, International Movies"
s579,Movie,,Rob Marshall,France,2021-07-01,2005,PG-13,145 min,"Dramas, Romantic Movies"
s580,Movie,,Martin Brest,United States,2021-07-01,1988,R,126 min,"Action & Adventure, Classic Movies, Comedies"
s582,Movie,,Paul W.S. Anderson,United States,2021-07-01,1995,PG-13,101 min,"Action & Adventure, Sci-Fi & Fantasy"
s583,Movie,,Garry Marshall,United States,2021-07-01,2016,PG-13,118 min,"Comedies, Dramas"
s584,Movie,,Ivan Reitman,United States,2021-07-01,2011,R,109 min,"Comedies, Romantic Movies"
s585,Movie,,Joel Gallen,United States,2021-07-01,2001,R,89 min,Comedies
s586,Movie,,Claire McCarthy,United Kingdom,2021-07-01,2018,PG-13,106 min,"Dramas, Romantic Movies"
s581,Movie,,Shuko Murase,Not Given,2021-07-01,2021,TV-14,96 min,"Action & Adventure, Anime Features, International Movies"
s587,Movie,,Mary Lambert,Not Given,2021-07-01,1992,R,101 min,Horror Movies
s588,TV Show,,"Sidharta Tata, Aco Tenriyagelli, Dian Sastrowardoyo, Ifa Isfansyah, Jason Iskandar",Not Given,2021-07-01,2020,TV-MA,1 Season,"International TV Shows, TV Comedies, TV Dramas"
s761,Movie,,George Ford,Not Given,2021-06-04,2015,TV-G,60 min,Movies
s590,Movie,,Trevor Nunn,United Kingdom,2021-07-01,2019,R,101 min,"Dramas, International Movies"
s592,Movie,,Gabriele Muccino,United States,2021-07-01,2008,PG-13,123 min,"Dramas, Romantic Movies"
s593,Movie,,Jim Field Smith,United States,2021-07-01,2010,R,106 min,"Comedies, Romantic Movies"
s594,Movie,,Chris Koch,United States,2021-07-01,2000,PG,89 min,"Children & Family Movies, Comedies"
s595,Movie,,J.J. Abrams,United States,2021-07-01,2009,PG-13,128 min,"Action & Adventure, Sci-Fi & Fantasy"
s596,Movie,,Rob Minkoff,Germany,2021-07-01,1999,PG,85 min,"Children & Family Movies, Comedies"
s597,Movie,,Lynn Shelton,United States,2021-07-01,2019,R,89 min,"Comedies, Dramas, Independent Movies"
s598,Movie,,Adam McKay,United States,2021-07-01,2006,PG-13,108 min,"Action & Adventure, Comedies, Sports Movies"
s599,Movie,,Anton Corbijn,United States,2021-07-01,2010,R,105 min,"Dramas, Thrillers"
s600,Movie,,Robin Bissell,United States,2021-07-01,2019,PG-13,133 min,Dramas
s601,Movie,,David Fincher,United States,2021-07-01,1997,R,129 min,Thrillers
s602,Movie,,John G. Avildsen,United States,2021-07-01,1984,PG,127 min,"Action & Adventure, Children & Family Movies, Classic Movies"
s603,Movie,,John G. Avildsen,United States,2021-07-01,1986,PG,113 min,"Action & Adventure, Children & Family Movies, Dramas"
s604,Movie,,John G. Avildsen,United States,2021-07-01,1989,PG,112 min,"Children & Family Movies, Dramas"
s605,Movie,,Alan Parker,United Kingdom,2021-07-01,2003,R,130 min,Dramas
s606,Movie,,Walter Hill,United States,2021-07-01,1980,R,100 min,Action & Adventure
s607,Movie,,Stephen Frears,United Kingdom,2021-07-01,2006,PG-13,103 min,"Dramas, International Movies"
s608,Movie,,Bryan Bertino,United States,2021-07-01,2008,R,85 min,"Horror Movies, Thrillers"
s609,Movie,,Phil Alden Robinson,United States,2021-07-01,2002,PG-13,124 min,Action & Adventure
s610,Movie,,Florian Henckel von Donnersmarck,United States,2021-07-01,2010,PG-13,103 min,"Action & Adventure, Romantic Movies"
s611,Movie,,Len Wiseman,United States,2021-07-01,2003,R,121 min,"Action & Adventure, Horror Movies, Sci-Fi & Fantasy"
s612,Movie,,"Måns Mårlind, Björn Stein",United States,2021-07-01,2012,R,89 min,"Action & Adventure, Horror Movies, Sci-Fi & Fantasy"
s613,Movie,,Patrick Tatopoulos,United States,2021-07-01,2009,R,92 min,"Action & Adventure, Horror Movies, Sci-Fi & Fantasy"
s614,Movie,,Robert O. Peters,Nigeria,2021-07-01,2020,TV-MA,112 min,"Dramas, International Movies, Thrillers"
s615,Movie,,Vincent Ward,United States,2021-07-01,1998,PG-13,114 min,"Dramas, Romantic Movies, Sci-Fi & Fantasy"
s616,Movie,,Gregory Nava,United States,2021-07-01,1998,R,116 min,"Dramas, Music & Musicals, Romantic Movies"
s617,Movie,,Mary Harron,United States,2021-07-01,2019,R,110 min,Dramas
s619,Movie,,Matt Thompson,United States,2021-06-30,2021,TV-MA,98 min,"Action & Adventure, Comedies"
s620,Movie,,Jameel Buari,Not Given,2021-06-30,2020,TV-14,98 min,"Dramas, International Movies"
s623,Movie,,Matt Aselton,United States,2021-06-30,2019,R,100 min,Thrillers
s622,TV Show,,Shen Leping,Not Given,2021-06-30,2020,TV-14,1 Season,"Anime Series, Crime TV Shows, International TV Shows"
s624,Movie,,Jose Javier Reyes,Not Given,2021-06-30,2021,TV-MA,90 min,"Comedies, Dramas, International Movies"
s625,Movie,,Jakub Piątek,Not Given,2021-06-30,2021,TV-MA,92 min,"Dramas, International Movies, Thrillers"
s627,TV Show,,John Dower,United Kingdom,2021-06-30,2021,TV-MA,1 Season,"British TV Shows, Crime TV Shows, Docuseries"
s630,Movie,,B. T Thomas,Not Given,2021-06-28,2020,TV-14,82 min,"Dramas, International Movies"
s633,Movie,,Nibal Arakji,Not Given,2021-06-28,2019,TV-14,90 min,"Comedies, International Movies"
s631,Movie,,Andrew Dominik,United States,2021-06-28,2012,R,97 min,Dramas
s634,Movie,,Sofie Šustková,Not Given,2021-06-26,2018,TV-MA,76 min,"Dramas, Independent Movies, International Movies"
s635,Movie,,Anissa Bonnefont,France,2021-06-26,2019,TV-14,83 min,"Documentaries, International Movies"
s636,Movie,,Bahij Hojeij,Lebanon,2021-06-25,2010,TV-MA,101 min,"Dramas, International Movies"
s637,Movie,,Jonathan Hensleigh,United States,2021-06-25,2021,PG-13,109 min,Action & Adventure
s638,TV Show,,"Srijit Mukherji, Vasan Bala, Abhishek Chaubey",Not Given,2021-06-25,2021,TV-MA,1 Season,"International TV Shows, TV Dramas, TV Mysteries"
s644,Movie,,Justin P. Lange,United States,2021-06-24,2021,R,87 min,Horror Movies
s653,Movie,,Kingsley Ogoro,Nigeria,2021-06-22,2004,TV-14,70 min,"Comedies, Dramas, International Movies"
s651,Movie,,Jayme Monjardim,Brazil,2021-06-22,2016,TV-14,96 min,"Dramas, International Movies"
s652,Movie,,Kingsley Ogoro,Nigeria,2021-06-22,2003,TV-MA,84 min,"Comedies, Dramas, International Movies"
s647,Movie,,Manolo Caro,Mexico,2021-06-23,2021,TV-MA,88 min,"Comedies, International Movies, Music & Musicals"
s655,Movie,,Cristina Jacob,Romania,2021-06-21,2014,TV-MA,125 min,"Comedies, Dramas, International Movies"
s656,Movie,,Cristina Jacob,Romania,2021-06-21,2016,TV-MA,119 min,"Comedies, Dramas, International Movies"
s657,Movie,,Cristina Jacob,Romania,2021-06-21,2015,TV-MA,105 min,"International Movies, Music & Musicals, Romantic Movies"
s645,Movie,,Kimmy Gatewood,Not Given,2021-06-23,2021,TV-MA,94 min,"Comedies, Romantic Movies"
s646,Movie,,Tània Balló,Not Given,2021-06-23,2021,TV-14,89 min,"Documentaries, International Movies"
s650,Movie,,Anurin Nwunembom,Not Given,2021-06-22,2019,TV-14,108 min,"Dramas, International Movies, Romantic Movies"
s665,TV Show,,Fernando Moro,Spain,2021-06-19,2020,TV-Y,2 Seasons,Kids' TV
s677,TV Show,,Rob Seidenglanz,United States,2021-06-19,2019,TV-14,4 Seasons,"Crime TV Shows, TV Dramas, TV Mysteries"
s667,TV Show,,Ivan Andrew Payawal,Not Given,2021-06-19,2020,TV-14,1 Season,"International TV Shows, Romantic TV Shows, TV Comedies"
s673,Movie,,Yoshiyuki Tomino,Not Given,2021-06-19,1988,TV-14,120 min,"Action & Adventure, Anime Features, International Movies"
s671,Movie,,"Yoshiyuki Tomino, Yoshikazu Yasuhiko",Not Given,2021-06-19,1981,TV-14,133 min,"Action & Adventure, Anime Features, International Movies"
s672,Movie,,"Yoshiyuki Tomino, Yoshikazu Yasuhiko",Not Given,2021-06-19,1982,TV-MA,140 min,"Action & Adventure, Anime Features, International Movies"
s682,TV Show,,Simon Frederick,United Kingdom,2021-06-19,2018,TV-MA,1 Season,"British TV Shows, Docuseries"
s688,Movie,,Karthik Subbaraj,India,2021-06-18,2021,TV-MA,159 min,"Action & Adventure, Dramas, International Movies"
s686,Movie,,Paul Weitz,United States,2021-06-18,2021,PG-13,111 min,Dramas
s689,Movie,,Kayode Kasum,Nigeria,2021-06-18,2020,TV-14,119 min,"Comedies, International Movies, Romantic Movies"
s693,TV Show,,Hsu Fu-chun,Taiwan,2021-06-18,2021,TV-14,1 Season,"International TV Shows, Romantic TV Shows, TV Dramas"
s695,Movie,,Soudade Kaadan,Lebanon,2021-06-17,2019,TV-PG,13 min,"Comedies, Dramas, Independent Movies"
s694,Movie,,Lucky Kuswandi,Indonesia,2021-06-17,2021,TV-14,101 min,"Comedies, Dramas, International Movies"
s696,Movie,,Soudade Kaadan,Syria,2021-06-17,2015,TV-14,12 min,"Dramas, International Movies"
s699,Movie,,Antoinette Jadaone,Philippines,2021-06-17,2020,TV-MA,101 min,"Dramas, Independent Movies, International Movies"
s763,Movie,,Lee Kae-byeok,South Korea,2021-06-04,2021,TV-14,103 min,"Comedies, International Movies, Romantic Movies"
s684,Movie,,Michihito Fujii,Not Given,2021-06-18,2021,TV-MA,135 min,"Dramas, International Movies"
s690,Movie,,"Yoshiyuki Tomino, Yoshikazu Yasuhiko",Not Given,2021-06-18,1981,TV-14,139 min,"Action & Adventure, Anime Features, Classic Movies"
s691,Movie,,Keishi Otomo,Not Given,2021-06-18,2021,TV-14,137 min,"Action & Adventure, International Movies"
s705,Movie,,Achille Brice,Not Given,2021-06-16,2018,TV-14,95 min,"Comedies, Dramas, International Movies"
s702,Movie,,Marie Clements,Canada,2021-06-17,2019,TV-MA,96 min,Dramas
s703,Movie,,David O. Russell,United States,2021-06-17,2012,R,122 min,"Comedies, Dramas, Independent Movies"
s708,TV Show,,Sarawut Wichiensarn,Not Given,2021-06-16,2021,TV-14,1 Season,"International TV Shows, Romantic TV Shows, TV Comedies"
s706,Movie,,Max Jabs,Germany,2021-06-16,2019,TV-14,89 min,"Documentaries, International Movies, Sports Movies"
s713,Movie,,Michael Lockshin,Not Given,2021-06-16,2020,TV-MA,138 min,"Action & Adventure, Dramas, International Movies"
s709,Movie,,Ricardo de Montreuil,United States,2021-06-16,2016,PG-13,98 min,"Dramas, Independent Movies"
s712,Movie,,Peter Chelsom,Italy,2021-06-16,2021,TV-MA,119 min,"Dramas, International Movies, Thrillers"
s717,Movie,,Francine Parker,United States,2021-06-15,1972,TV-MA,104 min,Documentaries
s719,Movie,,Daniel Schechter,United States,2021-06-15,2013,R,101 min,"Comedies, Independent Movies"
s782,Movie,,Peter Galison,Not Given,2021-06-02,2021,TV-14,99 min,Documentaries
s722,Movie,,Mike Gunther,United States,2021-06-15,2020,R,99 min,Action & Adventure
s723,Movie,,David Zeiger,United States,2021-06-15,2005,TV-MA,84 min,Documentaries
s724,TV Show,,Michael Simon,United States,2021-06-15,2014,TV-G,1 Season,Reality TV
s725,Movie,,Jerry Rothwell,United States,2021-06-15,2021,TV-14,82 min,Documentaries
s727,TV Show,,"Joe Berlinger, Bruce Sinofsky",United States,2021-06-13,2014,TV-MA,1 Season,TV Shows
s728,Movie,,"Ian Cheney, Sharon Shattuck",United States,2021-06-13,2020,TV-MA,97 min,Documentaries
s729,Movie,,Bradley Parker,United States,2021-06-13,2021,TV-MA,89 min,Horror Movies
s736,Movie,,Prabhakaran,India,2021-06-11,2021,TV-PG,113 min,"Comedies, Dramas, International Movies"
s737,Movie,,Manjari Makijany,United States,2021-06-11,2021,PG,110 min,"Children & Family Movies, Dramas, International Movies"
s738,TV Show,,Jay Oliva,Philippines,2021-06-11,2021,TV-MA,1 Season,"Anime Series, Crime TV Shows, TV Horror"
s740,Movie,,Chris Appelhans,China,2021-06-11,2021,PG,102 min,"Children & Family Movies, Comedies"
s720,TV Show,,Not Given,United States,2021-06-15,2021,TV-G,1 Season,Kids' TV
s741,Movie,,Michael Tiddes,United States,2021-06-10,2014,R,86 min,"Comedies, Horror Movies"
s742,Movie,,Lara Saba,Lebanon,2021-06-10,2012,TV-MA,91 min,"Dramas, International Movies"
s743,Movie,,"Bao Nhan, Namcito",Vietnam,2021-06-10,2021,TV-MA,117 min,"Dramas, International Movies"
s744,Movie,,Mark Raso,Canada,2021-06-10,2014,TV-MA,99 min,"Dramas, Independent Movies, Romantic Movies"
s760,Movie,,George Ford,Not Given,2021-06-04,2015,TV-G,60 min,Movies
s746,Movie,,Tariq Alkazim,United Arab Emirates,2021-06-10,2019,TV-14,77 min,"International Movies, Thrillers"
s747,Movie,,Mark Raso,United States,2021-06-09,2021,TV-MA,97 min,"Dramas, Thrillers"
s748,Movie,,Kenneth Gyang,Nigeria,2021-06-09,2013,TV-MA,106 min,"Comedies, Dramas, International Movies"
s751,Movie,,Yulene Olaizola,Mexico,2021-06-09,2021,TV-MA,97 min,"Dramas, Independent Movies, International Movies"
s753,Movie,,Mark Waters,United States,2021-06-07,2014,PG-13,104 min,"Action & Adventure, Comedies, Sci-Fi & Fantasy"
s755,Movie,,Matthew Heineman,United Kingdom,2021-06-05,2018,R,110 min,"Dramas, Independent Movies"
s757,Movie,,Robert Peters,Nigeria,2021-06-05,2020,TV-MA,98 min,"Dramas, International Movies, Romantic Movies"
s758,Movie,,Jonathan Clay,United States,2021-06-04,2021,TV-PG,74 min,Documentaries
s759,TV Show,,Ally Pankiw,United Kingdom,2021-06-04,2021,TV-MA,2 Seasons,"Romantic TV Shows, TV Comedies, TV Dramas"
s772,TV Show,,Chiaki Kon,Not Given,2021-06-03,2021,TV-14,1 Season,TV Shows
s765,Movie,,Jayan Moodley,South Africa,2021-06-04,2021,TV-14,94 min,"Comedies, International Movies, Romantic Movies"
s766,Movie,,Daniel Benmayor,Spain,2021-06-04,2021,TV-MA,112 min,"Action & Adventure, International Movies"
s767,Movie,,Alex Díaz,Mexico,2021-06-03,2021,TV-MA,49 min,Stand-Up Comedy
s769,Movie,,Helena Bergström,Sweden,2021-06-03,2021,TV-MA,111 min,"Comedies, Dramas, International Movies"
s770,Movie,,"Alejandro De Grazia, Juan Stadler",Argentina,2021-06-03,2020,TV-G,58 min,"Documentaries, International Movies"
s771,Movie,,Myriam Fares,United Arab Emirates,2021-06-03,2021,TV-14,72 min,"Documentaries, International Movies, Music & Musicals"
s774,Movie,,Rae Red,Philippines,2021-06-03,2019,TV-MA,78 min,"Dramas, International Movies, Thrillers"
s775,Movie,,Lance Hool,United States,2021-06-02,2020,PG-13,101 min,"Dramas, Faith & Spirituality, Romantic Movies"
s776,Movie,,Nicole Conn,United States,2021-06-02,2012,TV-MA,110 min,"Dramas, Independent Movies, LGBTQ Movies"
s777,Movie,,Les Mayfield,United States,2021-06-02,2001,PG-13,94 min,Action & Adventure
s778,Movie,,"Ellen Seidler, Megan Siler",United States,2021-06-02,2009,TV-MA,70 min,"Comedies, Independent Movies, LGBTQ Movies"
s780,Movie,,Roger Christian,United States,2021-06-02,2000,PG-13,118 min,"Action & Adventure, Cult Movies, Sci-Fi & Fantasy"
s783,Movie,,Lance Young,Canada,2021-06-02,1997,R,103 min,"Dramas, Romantic Movies"
s784,Movie,,Leandro Neri,Brazil,2021-06-02,2021,TV-MA,95 min,"Comedies, International Movies, Music & Musicals"
s785,Movie,,Thom Fitzgerald,United States,2021-06-02,2011,TV-MA,93 min,"Comedies, Dramas, Independent Movies"
s787,Movie,,Don Michael Paul,United States,2021-06-02,2013,R,101 min,"Action & Adventure, Dramas"
s788,Movie,,Andrzej Bartkowiak,United States,2021-06-02,2003,R,101 min,Action & Adventure
s789,Movie,,Harold Becker,United States,2021-06-02,2001,PG-13,89 min,Thrillers
s791,Movie,,Andrew Jenks,United States,2021-06-02,2015,TV-MA,109 min,Documentaries
s792,Movie,,Ric Roman Waugh,United States,2021-06-02,2008,R,104 min,"Action & Adventure, Dramas"
s793,Movie,,Rob Reiner,United States,2021-06-02,2010,PG,90 min,"Comedies, Dramas, Romantic Movies"
s794,Movie,,Andy Tennant,United States,2021-06-02,1997,PG-13,109 min,"Comedies, Romantic Movies"
s795,Movie,,Tade Ogidan,Nigeria,2021-06-02,2019,TV-14,145 min,"Comedies, Dramas, International Movies"
s797,Movie,,Scott Spiegel,United States,2021-06-02,2011,R,88 min,"Cult Movies, Horror Movies"
s798,Movie,,Jessie Nelson,United States,2021-06-02,2001,PG-13,132 min,Dramas
s799,Movie,,Theodore Witcher,United States,2021-06-02,1997,R,109 min,"Comedies, Dramas, Independent Movies"
s800,Movie,,Clint Eastwood,United States,2021-06-02,2004,PG-13,133 min,"Dramas, Sports Movies"
s801,Movie,,Aurora Guerrero,United States,2021-06-02,2012,TV-14,85 min,"Dramas, Independent Movies, LGBTQ Movies"
s802,Movie,,Michael Jai White,United States,2021-06-02,2011,R,104 min,"Action & Adventure, Dramas, Sports Movies"
s803,Movie,,James McTeigue,Germany,2021-06-02,2009,R,99 min,Action & Adventure
s804,TV Show,,Takuya Igarashi,Japan,2021-06-02,2006,TV-PG,1 Season,"Anime Series, Romantic TV Shows, Teen TV Shows"
s805,Movie,,Michelle MacLaren,Canada,2021-06-02,2006,R,93 min,"Horror Movies, Thrillers"
s816,Movie,,Mika Kaurismäki,Not Given,2021-06-02,2015,TV-MA,106 min,"Dramas, International Movies, LGBTQ Movies"
s809,Movie,,Don Michael Paul,United States,2021-06-02,2014,R,98 min,Action & Adventure
s810,Movie,,Todd Phillips,United States,2021-06-02,2004,PG-13,101 min,"Action & Adventure, Comedies"
s811,Movie,,Walter Hill,United States,2021-06-02,1984,PG,94 min,"Action & Adventure, Classic Movies, Cult Movies"
s813,Movie,,Dominic Sena,United States,2021-06-02,2001,R,99 min,Action & Adventure
s807,Movie,,Hidenori Inoue,Not Given,2021-06-02,2017,TV-14,204 min,"Action & Adventure, Dramas, International Movies"
s815,Movie,,Alan Alda,United States,2021-06-02,1981,PG,108 min,"Comedies, Romantic Movies"
s817,Movie,,Sydney Pollack,United Kingdom,2021-06-02,2005,PG-13,128 min,Thrillers
s818,Movie,,Lorene Scafaria,United States,2021-06-02,2015,PG-13,104 min,"Comedies, Dramas, Independent Movies"
s812,Movie,,Steve Ball,United States,2021-06-02,2021,TV-Y,25 min,Children & Family Movies
s808,Movie,,Hidenori Inoue,Not Given,2021-06-02,2017,TV-PG,212 min,"Action & Adventure, Dramas, International Movies"
s819,Movie,,Barbra Streisand,United States,2021-06-02,1996,PG-13,127 min,"Comedies, Dramas, Romantic Movies"
s820,Movie,,Clint Eastwood,United States,2021-06-02,1976,PG,136 min,"Action & Adventure, Classic Movies"
s828,Movie,,Ekene Som Mekwunye,Nigeria,2021-05-29,2021,TV-14,103 min,"Comedies, International Movies"
s822,Movie,,Michael Winterbottom,United Kingdom,2021-06-02,2018,R,97 min,"Dramas, Romantic Movies, Thrillers"
s823,Movie,,Emma Tammi,United States,2021-06-02,2019,R,88 min,Horror Movies
s824,Movie,,Peter Hutchings,United States,2021-06-02,2019,TV-MA,97 min,"Comedies, Dramas, Independent Movies"
s825,Movie,,George Ratliff,United States,2021-06-02,2018,R,97 min,Thrillers
s830,Movie,,Kevin Johnson,Not Given,2021-05-28,2021,TV-Y7,88 min,"Children & Family Movies, Comedies"
s827,Movie,,Bo Burnham,United States,2021-05-30,2021,TV-MA,88 min,Stand-Up Comedy
s829,Movie,,David Frankel,United States,2021-05-28,2016,PG-13,97 min,Dramas
s832,TV Show,,"José Larraza, Marc Pons",Not Given,2021-05-28,2021,TV-MA,2 Seasons,"Docuseries, International TV Shows, Spanish-Language TV Shows"
s833,TV Show,,Gary Sing,Not Given,2021-05-28,2021,TV-14,1 Season,"International TV Shows, TV Action & Adventure, TV Dramas"
s835,Movie,,Julio Quintana,United States,2021-05-27,2021,TV-PG,97 min,"Children & Family Movies, Dramas, Faith & Spirituality"
s837,Movie,,Paween Purijitpanya,Thailand,2021-05-27,2021,TV-MA,118 min,"Horror Movies, International Movies, Thrillers"
s846,Movie,,Steve Gukas,Nigeria,2021-05-25,2014,TV-14,110 min,"Dramas, International Movies, Thrillers"
s839,Movie,,Pablo Faro,Argentina,2021-05-27,2021,TV-MA,70 min,Stand-Up Comedy
s840,Movie,,Soudade Kaadan,Syria,2021-05-27,2018,TV-MA,91 min,"Dramas, Independent Movies, International Movies"
s841,Movie,,Letizia Lamartire,Italy,2021-05-26,2021,TV-MA,92 min,"Dramas, International Movies, Sports Movies"
s842,Movie,,Ray Jiang,Not Given,2021-05-26,2021,TV-MA,120 min,"Action & Adventure, Dramas, International Movies"
s845,Movie,,Daniel Vernon,Not Given,2021-05-26,2021,TV-MA,73 min,"Documentaries, International Movies"
s847,Movie,,Tim Johnson,United States,2021-05-25,2015,PG,94 min,"Children & Family Movies, Comedies, Sci-Fi & Fantasy"
s851,Movie,,Vishwesh Krishnamoorthy,India,2021-05-21,2021,TV-14,131 min,"Dramas, International Movies, Music & Musicals"
s854,Movie,,Zack Snyder,United States,2021-05-21,2021,R,148 min,"Action & Adventure, Horror Movies"
s896,Movie,,Alexandre Aja,France,2021-05-12,2021,TV-14,102 min,"Dramas, International Movies, Thrillers"
s859,Movie,,Mohamed Diab,Egypt,2021-05-20,2009,TV-14,99 min,"Dramas, Independent Movies, International Movies"
s860,Movie,,Amr Salama,Egypt,2021-05-20,2011,TV-14,92 min,"Dramas, International Movies"
s861,Movie,,Christopher Amos,Australia,2021-05-20,2020,TV-MA,91 min,"Documentaries, International Movies, LGBTQ Movies"
s864,Movie,,Robert Rodriguez,United States,2021-05-20,2011,PG,88 min,"Children & Family Movies, Comedies"
s866,Movie,,David Ayer,United States,2021-05-19,2014,R,109 min,"Action & Adventure, Dramas"
s867,Movie,,"Eshom Nelms, Ian Nelms",United States,2021-05-19,2017,R,92 min,Thrillers
s868,Movie,,James Moll,United States,2021-05-19,1998,PG-13,87 min,Documentaries
s865,Movie,,Milan Luthria,India,2021-05-20,2006,TV-14,116 min,"Dramas, International Movies, Thrillers"
s876,Movie,,Mae Czarina Cruz,Philippines,2021-05-15,2020,TV-MA,116 min,"Dramas, International Movies, Romantic Movies"
s871,Movie,,James Redford,United States,2021-05-18,2021,TV-14,101 min,Documentaries
s872,Movie,,Kaashvie Nair,India,2021-05-18,2021,TV-14,140 min,"Comedies, Dramas, International Movies"
s873,Movie,,J.D. Dillard,United States,2021-05-16,2016,R,89 min,"Dramas, Independent Movies, Sci-Fi & Fantasy"
s874,Movie,,Nikhil Pherwani,India,2021-05-15,2021,TV-MA,81 min,"Dramas, Independent Movies, International Movies"
s857,Movie,,Uduak-Obong Patrick,Not Given,2021-05-21,2020,TV-MA,107 min,"Dramas, International Movies"
s862,Movie,,Prakash Satam,Not Given,2021-05-20,2021,TV-Y7,47 min,"Children & Family Movies, Comedies"
s878,Movie,,Praveen Kandregula,India,2021-05-14,2021,TV-MA,99 min,"Comedies, Independent Movies, International Movies"
s879,Movie,,Cecilia Verheyden,Belgium,2021-05-14,2021,TV-MA,107 min,"Dramas, International Movies, Thrillers"
s880,TV Show,,Daniel Minahan,United States,2021-05-14,2021,TV-MA,1 Season,TV Dramas
s887,TV Show,,Uzodinma Okpechi,Not Given,2021-05-14,2020,TV-14,1 Season,"International TV Shows, TV Horror, TV Sci-Fi & Fantasy"
s882,Movie,,Donovan Marsh,South Africa,2021-05-14,2021,TV-MA,107 min,"Dramas, International Movies, Thrillers"
s883,Movie,,Brent Dawes,Mauritius,2021-05-14,2021,TV-Y7,90 min,"Children & Family Movies, Comedies"
s894,Movie,,Adriano Rudiman,Not Given,2021-05-13,2020,TV-14,64 min,"Documentaries, International Movies, Music & Musicals"
s886,Movie,,Leli Maki,Canada,2021-05-14,2018,TV-MA,104 min,"Comedies, Dramas, International Movies"
s888,Movie,,Daniel Prochaska,Austria,2021-05-14,2020,TV-MA,100 min,"Horror Movies, International Movies, Thrillers"
s890,Movie,,Joe Wright,United States,2021-05-14,2021,R,102 min,"Dramas, Thrillers"
s892,Movie,,Matthew Vaughn,United Kingdom,2021-05-13,2004,R,105 min,"Independent Movies, International Movies, Thrillers"
s893,Movie,,Aditya Kripalani,India,2021-05-13,2018,TV-MA,107 min,"Dramas, Independent Movies, International Movies"
s895,Movie,,David Pablos,Mexico,2021-05-12,2021,TV-MA,99 min,"Dramas, Independent Movies, International Movies"
s898,TV Show,,Cai Cong,Not Given,2021-05-12,2021,TV-14,1 Season,"International TV Shows, Romantic TV Shows, TV Comedies"
s900,Movie,,Ramon Térmens,Spain,2021-05-11,2020,TV-MA,119 min,"Dramas, International Movies"
s899,Movie,,Samuel Olatunji,Not Given,2021-05-11,2020,TV-14,126 min,"Comedies, Dramas, International Movies"
s902,Movie,,Svetlana Cvetko,United States,2021-05-10,2019,TV-PG,86 min,"Independent Movies, Thrillers"
s904,Movie,,Martin Prakkat,India,2021-05-09,2021,TV-MA,122 min,"Dramas, International Movies, Thrillers"
s905,Movie,,Baran bo Odar,United States,2021-05-08,2017,R,95 min,Action & Adventure
s906,Movie,,Zhang Chong,China,2021-05-08,2021,TV-14,104 min,"Action & Adventure, Dramas, International Movies"
s907,Movie,,Yılmaz Erdoğan,Turkey,2021-05-07,1999,TV-MA,118 min,"Dramas, International Movies"
s908,Movie,,Shantrelle P. Lewis,United States,2021-05-07,2020,TV-MA,85 min,Documentaries
s910,Movie,,Ivan Ayr,India,2021-05-07,2021,TV-14,98 min,"Dramas, Independent Movies, International Movies"
s911,Movie,,Anthony Mandler,United States,2021-05-07,2021,TV-MA,99 min,Dramas
s912,TV Show,,Vijay Roche,India,2021-05-07,2017,TV-Y7,2 Seasons,"Kids' TV, TV Comedies"
s914,Movie,,Stanley Menino D'Costa,India,2021-05-07,2020,TV-PG,107 min,"Dramas, International Movies, Romantic Movies"
s915,Movie,,Jennifer Brea,United Kingdom,2021-05-07,2017,TV-MA,97 min,Documentaries
s916,Movie,,Julia von Heinz,Germany,2021-05-06,2020,TV-MA,112 min,"Dramas, International Movies, Thrillers"
s901,TV Show,,Not Given,United States,2021-05-11,2021,TV-14,1 Season,Docuseries
s917,Movie,,Niels Arden Oplev,United States,2021-05-06,2013,R,118 min,Action & Adventure
s918,Movie,,"Don Argott, Sheena M. Joyce",United States,2021-05-05,2019,TV-MA,109 min,"Documentaries, Dramas"
s930,Movie,,Roel Reiné,Not Given,2021-05-01,2017,R,99 min,"Action & Adventure, Horror Movies"
s920,TV Show,,Joshua Zeman,United States,2021-05-05,2021,TV-MA,1 Season,"Crime TV Shows, Docuseries"
s923,Movie,,Duncan Skiles,United States,2021-05-04,2018,TV-MA,109 min,"Dramas, Independent Movies, Thrillers"
s925,Movie,,Sean McNamara,United States,2021-05-01,2020,PG,88 min,"Children & Family Movies, Comedies"
s927,Movie,,Vondie Curtis-Hall,United States,2021-05-01,2006,R,97 min,"Action & Adventure, Dramas"
s929,Movie,,Robert Radler,United States,2021-05-01,1989,PG-13,97 min,"Action & Adventure, Sports Movies"
s931,Movie,,Todd Phillips,United States,2021-05-01,2010,R,95 min,"Action & Adventure, Comedies"
s932,Movie,,Dean Parisot,United States,2021-05-01,2005,PG-13,91 min,Comedies
s933,Movie,,Paul Greengrass,United Kingdom,2021-05-01,2010,R,115 min,Action & Adventure
s934,Movie,,Lasse Hallström,United Kingdom,2021-05-01,2009,G,93 min,"Children & Family Movies, Dramas"
s935,Movie,,Justin Kelly,United Kingdom,2021-05-01,2018,R,109 min,"Dramas, Independent Movies"
s936,Movie,,"Eric Darnell, Tom McGrath, Conrad Vernon",United States,2021-05-01,2012,PG,96 min,"Children & Family Movies, Comedies"
s943,Movie,,Clint Eastwood,United States,2021-05-01,2003,R,138 min,"Dramas, Thrillers"
s944,Movie,,Jeff Wadlow,United States,2021-05-01,2008,PG-13,113 min,"Action & Adventure, Dramas, Sports Movies"
s945,Movie,,Charles Martin,China,2021-05-01,2018,TV-MA,94 min,Action & Adventure
s946,Movie,,Stella Corradi,United Kingdom,2021-05-01,2020,TV-MA,89 min,"Dramas, International Movies"
s947,Movie,,Roland Emmerich,United States,2021-05-01,1994,PG-13,121 min,"Action & Adventure, Sci-Fi & Fantasy"
s948,Movie,,Kevin Macdonald,United States,2021-05-01,2009,PG-13,127 min,"Dramas, Thrillers"
s949,Movie,,Ann Deborah Fishman,United States,2021-05-01,2018,TV-14,94 min,Comedies
s950,Movie,,Chris Gorak,United States,2021-05-01,2011,PG-13,89 min,"Action & Adventure, Sci-Fi & Fantasy"
s951,Movie,,Peter Jackson,United States,2021-05-01,2009,PG-13,136 min,"Dramas, International Movies, Sci-Fi & Fantasy"
s952,Movie,,Roger Kumble,United States,2021-05-01,2002,R,89 min,"Comedies, Romantic Movies"
s953,Movie,,Jonathan Lynn,United States,2021-05-01,2000,R,99 min,"Action & Adventure, Comedies"
s954,Movie,,Courtney Hunt,United States,2021-05-01,2016,R,93 min,"Dramas, Thrillers"
s955,Movie,,"Pierre Greco, Nancy Florence Savard",Canada,2021-05-01,2018,TV-PG,85 min,"Children & Family Movies, Comedies"
s956,Movie,,Andrew Davis,France,2021-05-01,1992,R,102 min,Action & Adventure
s938,Movie,,Suhas Kadav,India,2021-05-01,2017,TV-Y7,78 min,"Children & Family Movies, Comedies"
s957,Movie,,Kevin Smith,United States,2021-05-01,2008,R,101 min,"Comedies, Independent Movies, Romantic Movies"
s960,Movie,,Chaitanya Tamhane,India,2021-04-30,2021,TV-MA,128 min,"Dramas, Independent Movies, International Movies"
s963,Movie,,Johannes Roberts,United States,2021-04-30,2018,R,85 min,Horror Movies
s961,TV Show,,Oriol Paulo,Spain,2021-04-30,2021,TV-MA,1 Season,"Crime TV Shows, International TV Shows, Spanish-Language TV Shows"
s967,Movie,,Pedro Antonio,Brazil,2021-04-28,2021,TV-MA,95 min,"Comedies, International Movies"
s970,Movie,,John Wells,United States,2021-04-27,2014,R,121 min,Dramas
s971,Movie,,Jonathan Liebesman,United States,2021-04-27,2011,PG-13,116 min,"Action & Adventure, Sci-Fi & Fantasy"
s972,Movie,,Maria Pulera,Spain,2021-04-27,2018,R,91 min,Thrillers
s974,Movie,,Santhosh Viswanath,India,2021-04-27,2020,TV-PG,149 min,"Dramas, International Movies"
s962,Movie,,"Mike Rianda, Jeff Rowe",Not Given,2021-04-30,2021,PG,114 min,"Children & Family Movies, Comedies"
s965,Movie,,"Robert Pulcini, Shari Springer Berman",Not Given,2021-04-29,2021,TV-MA,121 min,"Horror Movies, Thrillers"
s959,Movie,,Tosin Igho,Not Given,2021-04-30,2019,TV-14,113 min,"Dramas, International Movies"
s975,Movie,,Seema Pahwa,India,2021-04-24,2019,TV-14,113 min,"Dramas, Independent Movies, International Movies"
s988,Movie,,Rindala Kodeih,Not Given,2021-04-23,2019,TV-MA,103 min,"Comedies, International Movies"
s977,Movie,,Ozan Açıktan,Turkey,2021-04-23,2017,TV-14,127 min,"Comedies, International Movies"
s978,Movie,,Meltem Bozoflu,Turkey,2021-04-23,2016,TV-14,101 min,"Comedies, International Movies"
s979,Movie,,Hakan Algül,Turkey,2021-04-23,2014,TV-MA,102 min,"Comedies, International Movies, Romantic Movies"
s980,Movie,,"Selçuk Aydemir, Birkan Pusa",Turkey,2021-04-23,2013,TV-MA,102 min,"Comedies, International Movies"
s981,Movie,,Selçuk Aydemir,Turkey,2021-04-23,2015,TV-MA,107 min,"Comedies, International Movies"
s982,Movie,,Ömer Faruk Sorak,Turkey,2021-04-23,2004,TV-MA,123 min,"Action & Adventure, Comedies, International Movies"
s983,Movie,,Şenol Sönmez,Turkey,2021-04-23,2015,TV-14,98 min,"Comedies, Dramas, International Movies"
s984,Movie,,Alexis Morante,Spain,2021-04-23,2021,TV-MA,95 min,"Documentaries, International Movies, Music & Musicals"
s985,Movie,,Burak Aksak,Turkey,2021-04-23,2015,TV-MA,101 min,"Comedies, International Movies"
s986,Movie,,Kıvanç Baruönü,Turkey,2021-04-23,2015,TV-MA,104 min,"Comedies, International Movies, Romantic Movies"
s987,Movie,,Kıvanç Baruönü,Turkey,2021-04-23,2016,TV-14,104 min,"Comedies, International Movies, Romantic Movies"
s989,TV Show,,Kongkiat Khomsiri,Thailand,2021-04-23,2021,TV-14,1 Season,"International TV Shows, Romantic TV Shows, TV Comedies"
s990,Movie,,Bedran Güzel,Turkey,2021-04-23,2017,TV-MA,111 min,"Comedies, International Movies"
s991,Movie,,Hakan Algül,Turkey,2021-04-23,2015,TV-MA,102 min,"Comedies, International Movies"
s992,Movie,,Marwan Nabil,Egypt,2021-04-23,2020,TV-G,15 min,"Dramas, Independent Movies, International Movies"
s993,Movie,,"MIKIKO, Daito Manabe",Not Given,2021-04-23,2020,TV-G,54 min,"International Movies, Music & Musicals"
s1001,Movie,,Ahishor Solomon,India,2021-04-22,2020,TV-MA,126 min,"Action & Adventure, International Movies"
s995,Movie,,Kayode Kasum,Nigeria,2021-04-23,2020,TV-14,120 min,"Dramas, International Movies, Romantic Movies"
s996,Movie,,"Yılmaz Erdoğan, Ömer Faruk Sorak",Turkey,2021-04-23,2001,TV-MA,106 min,"Comedies, Dramas, International Movies"
s997,Movie,,Takashi Shimizu,Japan,2021-04-22,2021,TV-MA,116 min,"Horror Movies, International Movies, Thrillers"
s1007,Movie,,Suhas Kadav,India,2021-04-20,2018,TV-Y7,80 min,"Children & Family Movies, Comedies"
s1008,Movie,,Suhas Kadav,India,2021-04-20,2017,TV-Y,81 min,"Children & Family Movies, Comedies"
s1000,Movie,,Joe Penna,Germany,2021-04-22,2021,TV-MA,116 min,"Dramas, International Movies, Thrillers"
s1002,Movie,,Curtis Graham,Canada,2021-04-21,2015,TV-14,86 min,"Dramas, International Movies, Thrillers"
s1003,Movie,,Gerardo Gatica,Mexico,2021-04-21,2021,TV-MA,97 min,"Comedies, International Movies"
s1009,Movie,,Suhas Kadav,India,2021-04-20,2019,TV-Y,84 min,Children & Family Movies
s1010,Movie,,"Akshay Sanjeev Chavan, Sumit Das",Not Given,2021-04-20,2020,TV-Y7,87 min,Children & Family Movies
s1014,Movie,,John Madden,France,2021-04-19,2016,R,132 min,Thrillers
s999,Movie,,Not Given,India,2021-04-22,2021,TV-14,58 min,"Documentaries, International Movies"
s1016,Movie,,Edward James Olmos,United States,2021-04-17,1992,R,126 min,Dramas
s1017,Movie,,Abhinay Deo,India,2021-04-17,2011,TV-MA,101 min,"Action & Adventure, Comedies, International Movies"
s1018,Movie,,Kiran Rao,India,2021-04-17,2010,TV-MA,102 min,"Dramas, International Movies"
s1019,Movie,,Abbas Tyrewala,India,2021-04-17,2008,TV-14,147 min,"Comedies, International Movies, Music & Musicals"
s1020,Movie,,Ashutosh Gowariker,India,2021-04-17,2001,PG,224 min,"Dramas, International Movies, Music & Musicals"
s1021,Movie,,Satyajit Bhatkal,India,2021-04-17,2004,TV-14,141 min,"Documentaries, International Movies"
s1022,Movie,,"Anusha Rizvi, Mahmood Farooqui",India,2021-04-17,2010,TV-MA,109 min,"Comedies, Dramas, Independent Movies"
s1023,Movie,,Aamir Khan,India,2021-04-17,2007,PG,162 min,"Dramas, International Movies"
s1024,Movie,,"Shashank Khaitan, Raj Mehta, Neeraj Ghaywan, Kayoze Irani",India,2021-04-16,2021,TV-MA,142 min,"Dramas, Independent Movies, International Movies"
s1025,Movie,,Ryan Crego,United States,2021-04-16,2021,TV-Y7,93 min,"Children & Family Movies, Comedies, Music & Musicals"
s1027,Movie,,Cassi Simonds,United States,2021-04-16,2021,TV-Y,60 min,Children & Family Movies
s1028,Movie,,Guillermo del Toro,Canada,2021-04-16,2015,R,119 min,"Horror Movies, Romantic Movies, Sci-Fi & Fantasy"
s1030,Movie,,Tony Abulu,United States,2021-04-16,2013,TV-MA,96 min,"Dramas, International Movies"
s1031,Movie,,Mae Czarina Cruz,Philippines,2021-04-16,2020,TV-MA,116 min,"Children & Family Movies, Comedies, Dramas"
s1032,Movie,,Stefan Westerwelle,Germany,2021-04-16,2020,TV-14,102 min,"Dramas, International Movies, Romantic Movies"
s1034,Movie,,Ron Howard,United Kingdom,2021-04-16,2013,R,123 min,"Action & Adventure, Dramas, International Movies"
s1035,Movie,,"Justin Benson, Aaron Moorhead",United States,2021-04-16,2020,R,102 min,Thrillers
s1036,Movie,,Niki Caro,Czech Republic,2021-04-16,2017,PG-13,127 min,Dramas
s1037,Movie,,"Mark Dennis, Ben Foster",United States,2021-04-16,2017,TV-14,88 min,"Action & Adventure, Sci-Fi & Fantasy"
s1038,Movie,,Taranveer Singh,India,2021-04-16,2021,TV-14,106 min,"Comedies, Dramas, International Movies"
s1040,Movie,,TT The Artist,United States,2021-04-15,2020,TV-MA,65 min,"Documentaries, Music & Musicals"
s1042,Movie,,"Keiichi Sato, Yasushi Kawamura",Japan,2021-04-15,2016,TV-MA,96 min,"Action & Adventure, Anime Features, Horror Movies"
s1043,TV Show,,Glenn Weiss,United States,2021-04-15,2019,TV-PG,1 Season,Docuseries
s1047,Movie,,Michael Civille,United States,2021-04-15,2019,TV-14,88 min,Thrillers
s1051,Movie,,Ryuichi Hiroki,Japan,2021-04-15,2021,TV-MA,143 min,"Dramas, International Movies, LGBTQ Movies"
s1053,Movie,,Paul Thomas Anderson,United States,2021-04-15,2012,R,137 min,"Dramas, Independent Movies"
s1054,Movie,,One9,United States,2021-04-15,2014,TV-MA,75 min,"Documentaries, Music & Musicals"
s1056,Movie,,Luis Valdez,United States,2021-04-15,1981,R,103 min,"Cult Movies, Dramas, Music & Musicals"
s1067,Movie,,Cheng Wei-hao,China,2021-04-14,2021,TV-MA,130 min,"Dramas, International Movies, Thrillers"
s1068,TV Show,,Pass Patthanakumjon,Thailand,2021-04-14,2020,TV-MA,1 Season,"International TV Shows, TV Dramas, Teen TV Shows"
s1055,Movie,,Adriano Rudiman,Not Given,2021-04-15,2020,TV-14,71 min,"Documentaries, International Movies, Music & Musicals"
s1070,Movie,,Buchi Babu Sana,India,2021-04-14,2020,TV-14,145 min,"Dramas, International Movies, Romantic Movies"
s1076,TV Show,,"Moyoung Jin, Caroline Sá, Deepti Kakkar, Fahad Mustafa, Hikaru Toda, Chico Pereira, Elaine McMillion Sheldon",United States,2021-04-13,2021,TV-PG,1 Season,Docuseries
s1072,Movie,,Suhas Kadav,India,2021-04-13,2017,TV-Y7,84 min,"Children & Family Movies, Music & Musicals"
s1081,Movie,,Zhao Ji,China,2021-04-12,2021,TV-14,118 min,"Action & Adventure, Anime Features, International Movies"
s1073,Movie,,Suhas Kadav,India,2021-04-13,2018,TV-Y7,77 min,"Children & Family Movies, Comedies, Music & Musicals"
s1074,Movie,,Suhas Kadav,India,2021-04-13,2018,TV-Y7,86 min,"Children & Family Movies, Music & Musicals"
s1084,Movie,,Jamie Babbit,United States,2021-04-10,2020,R,102 min,Comedies
s1075,Movie,,Suhas Kadav,India,2021-04-13,2019,TV-Y7,79 min,Children & Family Movies
s1086,Movie,,Park Hoon-jung,South Korea,2021-04-09,2021,TV-MA,132 min,"Dramas, International Movies"
s1087,Movie,,Dare Olaitan,Nigeria,2021-04-09,2016,TV-MA,108 min,"Dramas, International Movies, Thrillers"
s1088,Movie,,Hardik Mehta,India,2021-04-09,2021,TV-14,133 min,"Comedies, Horror Movies, International Movies"
s1089,Movie,,Ben Falcone,United States,2021-04-09,2021,PG-13,107 min,"Action & Adventure, Comedies"
s1090,Movie,,"Travon Free, Martin Desmond Roe",United States,2021-04-09,2021,TV-MA,32 min,Dramas
s1091,Movie,,Angga Dwimas Sasongko,Indonesia,2021-04-08,2020,TV-PG,78 min,"Dramas, International Movies, Romantic Movies"
s1077,Movie,,Suhas Kadav,India,2021-04-13,2018,TV-Y7,80 min,Children & Family Movies
s1078,Movie,,Suhas Kadav,India,2021-04-13,2019,TV-Y7,81 min,Children & Family Movies
s1079,Movie,,Suhas Kadav,India,2021-04-13,2017,TV-Y,78 min,Children & Family Movies
s1097,Movie,,Steve Rolston,Not Given,2021-04-06,2021,TV-Y7,92 min,"Children & Family Movies, Comedies"
s1098,Movie,,Shalini Kantayya,United States,2021-04-05,2020,TV-MA,86 min,Documentaries
s1099,Movie,,Madonne Ashwin,India,2021-04-05,2021,TV-14,140 min,"Comedies, Dramas, International Movies"
s1100,Movie,,Enah Johnscott,Cameroon,2021-04-04,2020,TV-MA,143 min,"Dramas, International Movies"
s1101,Movie,,Braden R. Duemmler,United States,2021-04-04,2020,TV-MA,88 min,"Horror Movies, Thrillers"
s1102,Movie,,Cal Brunker,United States,2021-04-03,2013,PG,89 min,"Children & Family Movies, Comedies, Sci-Fi & Fantasy"
s1103,Movie,,Steve Pink,United States,2021-04-02,2006,PG-13,93 min,Comedies
s1104,Movie,,Xiao Feng,China,2021-04-02,2018,R,97 min,"Action & Adventure, Dramas, International Movies"
s1105,Movie,,Vince Marcello,United States,2021-04-02,2012,TV-Y,94 min,"Children & Family Movies, Comedies, Dramas"
s1106,Movie,,Ricky Staub,United Kingdom,2021-04-02,2021,R,112 min,"Dramas, Independent Movies"
s1107,Movie,,"Patrick Durham, Paul G. Volk",United States,2021-04-02,2019,R,100 min,Action & Adventure
s1108,Movie,,BB Sasore,Nigeria,2021-04-02,2018,TV-MA,120 min,"Dramas, Faith & Spirituality, International Movies"
s1109,Movie,,Naseef Yusuf Izuddin,India,2021-04-02,2021,TV-MA,91 min,"International Movies, Thrillers"
s1110,Movie,,"Appie Boudellah, Aram van de Rest",Netherlands,2021-04-02,2021,TV-MA,98 min,"Comedies, International Movies, Romantic Movies"
s1111,Movie,,Sylvie Verheyde,France,2021-04-02,2021,TV-MA,113 min,"Dramas, International Movies"
s1112,Movie,,Nick Moore,United States,2021-04-02,2008,PG-13,98 min,"Comedies, Romantic Movies"
s1113,Movie,,Alex Zamm,United States,2021-04-02,2017,PG,91 min,"Children & Family Movies, Comedies"
s1114,Movie,,Roland Emmerich,United States,2021-04-01,2009,PG-13,158 min,"Action & Adventure, Sci-Fi & Fantasy"
s1115,Movie,,Rajkumar Hirani,India,2021-04-01,2009,PG-13,164 min,"Comedies, Dramas, International Movies"
s1116,Movie,,Rajesh Mapuskar,India,2021-04-01,2012,TV-PG,133 min,"Comedies, International Movies, Sports Movies"
s1118,Movie,,Lina Al Abed,Lebanon,2021-04-01,2019,TV-PG,75 min,"Documentaries, International Movies"
s1119,Movie,,James Wan,United States,2021-04-01,2010,PG-13,103 min,"Horror Movies, Thrillers"
s1120,Movie,,David Hackl,United States,2021-04-01,2015,R,90 min,"Action & Adventure, Horror Movies"
s1121,Movie,,Takeshi Nozue,Japan,2021-04-01,2016,PG-13,116 min,"Action & Adventure, Sci-Fi & Fantasy"
s1122,Movie,,Robert Luketic,United States,2021-04-01,2001,PG-13,96 min,"Comedies, Romantic Movies"
s1123,Movie,,Subhash Kapoor,India,2021-04-01,2020,TV-14,121 min,"Dramas, International Movies"
s1125,Movie,,Ringo Lam,United States,2021-04-01,1996,R,101 min,Action & Adventure
s1127,Movie,,George Cukor,United States,2021-04-01,1964,G,173 min,"Classic Movies, Music & Musicals"
s1129,Movie,,Tony Giglio,United States,2021-04-01,2017,R,89 min,"Action & Adventure, International Movies"
s1131,Movie,,Hidenori Inoue,Not Given,2021-04-01,2017,TV-14,182 min,"Action & Adventure, Dramas, International Movies"
s1132,Movie,,Hidenori Inoue,Japan,2021-04-01,2017,TV-14,181 min,"Action & Adventure, Dramas, International Movies"
s1133,Movie,,Hidenori Inoue,Not Given,2021-04-01,2017,TV-14,185 min,"Action & Adventure, Dramas, International Movies"
s1134,Movie,,Don Michael Paul,United States,2021-04-01,2016,R,99 min,Action & Adventure
s1135,Movie,,"Shinji Aramaki, Masaru Matsumoto",United States,2021-04-01,2017,R,88 min,"Action & Adventure, Sci-Fi & Fantasy"
s1136,Movie,,John Luessenhop,United States,2021-04-01,2010,PG-13,107 min,Action & Adventure
s1137,Movie,,"Hanung Bramantyo, Pandu Adjisurya",Indonesia,2021-04-01,2021,TV-14,114 min,"Dramas, International Movies, Romantic Movies"
s1138,Movie,,Bashir El Deek,Egypt,2021-04-01,2019,TV-PG,96 min,"Action & Adventure, International Movies, Music & Musicals"
s1139,Movie,,Roman Polański,United Kingdom,2021-04-01,2002,R,149 min,"Dramas, Independent Movies, International Movies"
s1140,Movie,,Nelson McCormick,United States,2021-04-01,2009,PG-13,102 min,"Horror Movies, Thrillers"
s1141,Movie,,Mic Rodgers,United States,2021-04-01,1999,R,83 min,Action & Adventure
s1142,Movie,,Bejoy Nambiar,India,2021-04-01,2016,TV-14,98 min,"Dramas, International Movies, Thrillers"
s1143,Movie,,Shawn Rech,United States,2021-04-01,2017,TV-MA,83 min,Documentaries
s1145,Movie,,Peyton Reed,United States,2021-04-01,2008,PG-13,104 min,"Comedies, Romantic Movies"
s1146,Movie,,Julian Schnabel,Ireland,2021-03-31,2018,PG-13,111 min,Dramas
s1147,TV Show,,Adrián García Bogliano,United States,2021-03-31,2021,TV-14,1 Season,"International TV Shows, Reality TV, Spanish-Language TV Shows"
s1148,Movie,,Jose Gomez,United Kingdom,2021-03-31,2020,TV-MA,98 min,"Documentaries, International Movies, Sports Movies"
s1151,Movie,,Jonathon Link,United States,2021-03-30,2021,TV-PG,93 min,Documentaries
s1152,Movie,,Blair Simmons,China,2021-03-30,2021,TV-Y,73 min,Children & Family Movies
s1160,Movie,,Fermín Muguruza,Not Given,2021-03-26,2018,TV-MA,87 min,"Dramas, International Movies"
s1154,Movie,,Justin Chadwick,United Kingdom,2021-03-29,2013,PG-13,141 min,"Dramas, International Movies"
s1155,Movie,,John Hillcoat,United States,2021-03-28,2012,R,116 min,Dramas
s1156,Movie,,Nadine Ibrahim,Nigeria,2021-03-28,2021,TV-PG,21 min,"Documentaries, International Movies"
s1157,Movie,,Roman White,United States,2021-03-26,2021,TV-PG,98 min,"Children & Family Movies, Faith & Spirituality, Music & Musicals"
s1161,Movie,,Mike Hodges,Ireland,2021-03-26,1998,TV-MA,95 min,"Dramas, Independent Movies, Thrillers"
s1163,Movie,,Eylem Kaftan,Turkey,2021-03-26,2020,TV-14,93 min,"Dramas, International Movies"
s1165,Movie,,Fernando Ayllón,Spain,2021-03-26,2020,TV-MA,97 min,"Comedies, International Movies"
s1166,Movie,,Umesh Bist,India,2021-03-26,2021,TV-PG,114 min,"Comedies, Dramas, International Movies"
s1168,Movie,,Massimiliano Camaiti,Italy,2021-03-25,2021,TV-14,100 min,"Dramas, International Movies, Romantic Movies"
s1171,Movie,,Aleksey Tsitsilin,Russia,2021-03-25,2021,TV-Y7,105 min,"Children & Family Movies, Comedies"
s1172,Movie,,Ali Tabrizi,United States,2021-03-24,2021,TV-14,90 min,Documentaries
s1173,Movie,,Kagiso Lediga,South Africa,2021-03-23,2021,TV-MA,60 min,Stand-Up Comedy
s1174,TV Show,,Jung-ah Im,South Korea,2021-03-23,2021,TV-14,6 Seasons,"International TV Shows, Korean TV Shows, Stand-Up Comedy & Talk Shows"
s1184,Movie,,Taketoshi Sado,Not Given,2021-03-19,2020,TV-G,84 min,"International Movies, Music & Musicals"
s1176,Movie,,Stephen Frears,United Kingdom,2021-03-22,2013,PG-13,98 min,"Dramas, Independent Movies, International Movies"
s1177,Movie,,Takuma Sato,Japan,2021-03-20,2020,TV-MA,108 min,"Dramas, International Movies"
s1178,Movie,,Brody Chu,Taiwan,2021-03-20,2020,TV-MA,90 min,"Horror Movies, International Movies"
s1179,Movie,,Dimitri Logothetis,United States,2021-03-20,2020,R,102 min,Action & Adventure
s1185,Movie,,Li Weiran,China,2021-03-19,2021,TV-14,120 min,"Action & Adventure, International Movies"
s1186,Movie,,Chinaza Onuzo,Nigeria,2021-03-19,2020,TV-MA,106 min,"Comedies, International Movies, Romantic Movies"
s1188,Movie,,Anna Elizabeth James,United States,2021-03-18,2021,R,115 min,Thrillers
s1189,Movie,,Vitor Brandt,Brazil,2021-03-18,2021,TV-14,98 min,"Action & Adventure, Comedies, International Movies"
s1190,Movie,,Troy Miller,United States,2021-03-18,2021,TV-G,60 min,Stand-Up Comedy
s1191,Movie,,Liam O'Donnell,United Kingdom,2021-03-18,2020,R,113 min,Action & Adventure
s1192,Movie,,"Manny Rodriguez, Jay Lavender",United States,2021-03-18,2014,PG-13,101 min,Stand-Up Comedy
s1193,Movie,,Farah Nabulsi,United Kingdom,2021-03-18,2020,TV-MA,24 min,"Dramas, International Movies"
s1195,Movie,,Walter Taylaur,Nigeria,2021-03-17,2017,TV-14,80 min,"Dramas, International Movies, Thrillers"
s1196,Movie,,Chris Smith,United States,2021-03-17,2021,R,100 min,Documentaries
s1197,TV Show,,Alain Brunard,Belgium,2021-03-17,2021,TV-14,1 Season,"Crime TV Shows, Docuseries, International TV Shows"
s1198,Movie,,Tate Taylor,United Kingdom,2021-03-16,2014,PG-13,139 min,"Dramas, Music & Musicals"
s1199,Movie,,Ladislaus Kiraly,Germany,2021-03-16,2021,TV-MA,74 min,Stand-Up Comedy
s1200,Movie,,Oliver Stone,United States,2021-03-16,2012,R,131 min,"Dramas, Thrillers"
s1203,Movie,,Hemambar Jasti,India,2021-03-15,2021,TV-14,131 min,"Dramas, International Movies, Romantic Movies"
s1204,Movie,,Steven Spielberg,United States,2021-03-15,2016,PG,118 min,"Children & Family Movies, Dramas"
s1205,Movie,,Taylor Morden,United States,2021-03-15,2020,TV-14,87 min,Documentaries
s1209,Movie,,Muharrem Gülmez,Turkey,2021-03-12,2015,TV-MA,97 min,"Comedies, International Movies"
s1210,Movie,,Dolapo Adeleke,Kenya,2021-03-12,2020,TV-G,92 min,"Comedies, Dramas, International Movies"
s1212,Movie,,Mahsun Kırmızıgül,Turkey,2021-03-12,2015,TV-14,136 min,"Dramas, International Movies"
s1208,Movie,,Helena Coan,Not Given,2021-03-14,2020,TV-14,101 min,Documentaries
s1194,Movie,,Adriano Rudiman,Not Given,2021-03-18,2020,TV-PG,51 min,"Documentaries, International Movies, Music & Musicals"
s1213,Movie,,Can Ulkay,Turkey,2021-03-12,2021,TV-MA,97 min,"Dramas, International Movies"
s1215,Movie,,Luis Alejandro Pérez,Not Given,2021-03-12,2020,TV-MA,103 min,"Dramas, International Movies, Music & Musicals"
s1216,Movie,,Ketche,Turkey,2021-03-12,2010,TV-MA,110 min,"Comedies, International Movies, Romantic Movies"
s1217,Movie,,Erol Özlevi,Turkey,2021-03-12,2013,TV-MA,105 min,"Comedies, International Movies, Romantic Movies"
s1219,Movie,,Miguel Arteta,United States,2021-03-12,2021,PG,90 min,"Children & Family Movies, Comedies"
s1220,Movie,,Tolga Örnek,Turkey,2021-03-12,2016,TV-PG,107 min,"Comedies, Dramas, Independent Movies"
s1221,Movie,,Pablo Agüero,Spain,2021-03-11,2021,TV-MA,92 min,"Dramas, Independent Movies, International Movies"
s1222,Movie,,Mohammad Irfan Ramly,Indonesia,2021-03-11,2020,TV-14,94 min,"Dramas, International Movies"
s1223,Movie,,"Kevin McManus, Matthew McManus",United States,2021-03-11,2020,TV-MA,99 min,"Horror Movies, Independent Movies"
s1224,TV Show,,"Ange Basterga, Nicolas Lopez",France,2021-03-10,2021,TV-MA,1 Season,"Crime TV Shows, International TV Shows, TV Action & Adventure"
s1229,Movie,,Gitanjali Rao,India,2021-03-08,2021,PG-13,97 min,"Dramas, Independent Movies, International Movies"
s1231,Movie,,Halitha Shameem,India,2021-03-05,2021,TV-14,151 min,"Comedies, Dramas, Independent Movies"
s1233,Movie,,Carlos Moreno,Colombia,2021-03-05,2021,TV-MA,108 min,"Comedies, Dramas, International Movies"
s1234,Movie,,Kayode Kasum,Nigeria,2021-03-05,2020,TV-14,113 min,"Comedies, International Movies"
s1235,TV Show,,Maribel Sánchez-Maroto,Spain,2021-03-05,2021,TV-MA,1 Season,"Docuseries, International TV Shows, Spanish-Language TV Shows"
s1237,Movie,,Julien Leclercq,France,2021-03-05,2021,TV-MA,81 min,"Action & Adventure, Dramas, International Movies"
s1238,Movie,,Fajar Bustomi,Indonesia,2021-03-04,2020,TV-14,116 min,"Comedies, International Movies, Romantic Movies"
s1240,Movie,,Taylor Hackford,United States,2021-03-04,2013,R,119 min,Action & Adventure
s1241,Movie,,Lasse Hallström,United States,2021-03-04,2013,PG-13,116 min,"Dramas, Romantic Movies"
s1242,Movie,,Amy Poehler,United States,2021-03-03,2021,PG-13,112 min,"Comedies, Dramas, Music & Musicals"
s1243,TV Show,,"Jared Hess, Tyler Measom",United States,2021-03-03,2021,TV-14,1 Season,"Crime TV Shows, Docuseries"
s1244,Movie,,Mike Binder,United States,2021-03-02,2014,PG-13,121 min,Dramas
s1245,Movie,,Abir Sengupta,India,2021-03-02,2020,TV-14,115 min,"Action & Adventure, Comedies, International Movies"
s1249,Movie,,Emmett Malloy,United States,2021-03-01,2021,R,98 min,"Documentaries, Music & Musicals"
s1247,TV Show,,Sunny Lau,Not Given,2021-03-01,2019,TV-MA,1 Season,"Classic & Cult TV, Crime TV Shows, International TV Shows"
s1250,Movie,,"Xavier Maingon, Marc-Antoine Hélard",Not Given,2021-03-01,2021,TV-MA,96 min,Stand-Up Comedy
s1251,Movie,,Milton Kremer,Not Given,2021-03-01,2021,TV-G,42 min,"Documentaries, International Movies, Music & Musicals"
s1248,Movie,,Hidenori Inoue,Not Given,2021-03-01,2009,TV-PG,182 min,"Action & Adventure, Dramas, International Movies"
s1252,Movie,,Kevin Costner,United States,2021-03-01,1990,PG-13,181 min,"Action & Adventure, Classic Movies, Dramas"
s1253,Movie,,Marco Petry,Germany,2021-03-01,2018,TV-14,100 min,"Comedies, International Movies"
s1254,Movie,,"Andrew Duncan, Ken Cunningham",United States,2021-03-01,2019,TV-Y,22 min,"Children & Family Movies, Comedies"
s1255,Movie,,Barry Levinson,United States,2021-03-01,1988,R,134 min,"Classic Movies, Dramas"
s1257,Movie,,Liam Lynch,United States,2021-03-01,2006,R,94 min,"Comedies, Cult Movies, Music & Musicals"
s1256,Movie,,Hidenori Inoue,Not Given,2021-03-01,2011,TV-14,177 min,"Action & Adventure, Dramas, International Movies"
s1259,Movie,,"Jérémie Degruson, Ben Stassen",Belgium,2021-02-26,2021,TV-Y7,88 min,"Children & Family Movies, Comedies"
s1260,Movie,,Matt Ross,United States,2021-02-26,2016,R,119 min,"Comedies, Dramas, Independent Movies"
s1261,Movie,,Dani de la Orden,Spain,2021-02-26,2021,TV-MA,107 min,"Comedies, International Movies, Romantic Movies"
s1262,Movie,,Pablo Larraín,Argentina,2021-02-26,2006,TV-MA,112 min,"Dramas, Independent Movies, International Movies"
s1264,Movie,,John Erick Dowdle,United States,2021-02-26,2015,R,103 min,Action & Adventure
s1265,Movie,,Jesse Peretz,United States,2021-02-26,2011,R,90 min,"Comedies, Dramas, Independent Movies"
s1266,Movie,,Ribhu Dasgupta,India,2021-02-26,2021,TV-MA,120 min,"International Movies, Thrillers"
s1267,Movie,,Pablo Larraín,Chile,2021-02-26,2008,TV-MA,97 min,"Dramas, Independent Movies, International Movies"
s1268,Movie,,Baran bo Odar,Germany,2021-02-26,2014,TV-MA,102 min,"International Movies, Thrillers"
s1270,Movie,,Rizki Balki,Indonesia,2021-02-25,2021,TV-PG,106 min,"Dramas, International Movies, Romantic Movies"
s1277,Movie,,Jeferson De,Not Given,2021-02-24,2019,TV-MA,84 min,"Dramas, International Movies"
s1274,Movie,,Shunsuke Kariyama,Japan,2021-02-24,2020,TV-14,119 min,"International Movies, Thrillers"
s1279,Movie,,Troy Miller,United States,2021-02-23,2021,TV-G,58 min,Stand-Up Comedy
s1280,Movie,,Barry Avrich,Canada,2021-02-23,2020,TV-14,90 min,"Documentaries, International Movies"
s1281,Movie,,"David Tryhorn, Ben Nicholas",United Kingdom,2021-02-23,2021,TV-14,109 min,"Documentaries, International Movies, Sports Movies"
s1282,Movie,,Tirumala Kishore,India,2021-02-23,2021,TV-14,143 min,"Dramas, International Movies"
s1284,Movie,,James Wan,United States,2021-02-21,2013,R,112 min,"Horror Movies, Thrillers"
s1285,Movie,,James Wan,Canada,2021-02-21,2016,R,134 min,Horror Movies
s1287,Movie,,Huang Hsin-Yao,Taiwan,2021-02-20,2020,TV-MA,123 min,"Comedies, Dramas, Independent Movies"
s1289,Movie,,Chris Weitz,United States,2021-02-20,2018,PG-13,123 min,"Dramas, Thrillers"
s1291,Movie,,J Blakeson,United Kingdom,2021-02-19,2021,R,118 min,"Comedies, LGBTQ Movies, Thrillers"
s1292,Movie,,Khalid Rahman,India,2021-02-19,2020,TV-14,91 min,"Dramas, Independent Movies, International Movies"
s1293,Movie,,Luis Ara,Uruguay,2021-02-19,2017,TV-PG,76 min,"Documentaries, International Movies"
s1294,TV Show,,"Tharun Bhascker Dhaassyam, B. V. Nandini Reddy, Nag Ashwin, Sankalp Reddy",India,2021-02-19,2021,TV-MA,1 Season,"International TV Shows, TV Dramas"
s1290,Movie,,Saron Sakina,Not Given,2021-02-20,2020,TV-G,58 min,"Documentaries, International Movies, Music & Musicals"
s1296,Movie,,Prateek Vats,India,2021-02-18,2019,TV-MA,97 min,"Comedies, Dramas, Independent Movies"
s1298,Movie,,Alex Merkin,United States,2021-02-18,2018,TV-14,85 min,Horror Movies
s1304,Movie,,Ian Cheney,United States,2021-02-17,2018,TV-PG,92 min,Documentaries
s1305,Movie,,Ben Simms,United States,2021-02-16,2021,TV-PG,139 min,Children & Family Movies
s1306,Movie,,Vikram Bhatt,India,2021-02-16,2002,TV-14,162 min,"Action & Adventure, Comedies, Dramas"
s1308,Movie,,Dallas Jenkins,United States,2021-02-16,2017,PG,92 min,"Children & Family Movies, Comedies, Dramas"
s1310,Movie,,Damián Romay,United States,2021-02-15,2018,TV-14,86 min,Thrillers
s1312,Movie,,Hamisha Daryani Ahuja,Nigeria,2021-02-14,2021,TV-14,107 min,"Comedies, Dramas, International Movies"
s1313,Movie,,Hong Khaou,United Kingdom,2021-02-13,2020,TV-MA,85 min,"Dramas, Independent Movies, LGBTQ Movies"
s1316,Movie,,Mario Briongos,Spain,2021-02-12,2021,TV-MA,83 min,Stand-Up Comedy
s1317,Movie,,Vinay Bharadwaj,India,2021-02-12,2019,TV-MA,104 min,"Dramas, International Movies, Romantic Movies"
s1319,Movie,,Michael Fimognari,United States,2021-02-12,2021,TV-14,116 min,"Comedies, Romantic Movies"
s1320,Movie,,Eric D. Cabello Díaz,Mexico,2021-02-12,2021,TV-Y7,87 min,Children & Family Movies
s1323,Movie,,Clara Martínez-Lázaro,Spain,2021-02-11,2018,TV-14,91 min,"Comedies, Dramas, International Movies"
s1324,Movie,,Monty Tiwa,Indonesia,2021-02-11,2020,TV-14,119 min,"Dramas, International Movies, Romantic Movies"
s1325,Movie,,Ava DuVernay,United States,2021-02-11,2012,R,102 min,"Dramas, Independent Movies, Romantic Movies"
s1326,Movie,,Alain Darborg,Sweden,2021-02-11,2021,TV-MA,86 min,"International Movies, Thrillers"
s1327,Movie,,Filip Zylber,Poland,2021-02-11,2021,TV-14,102 min,"Comedies, International Movies, Romantic Movies"
s1309,TV Show,,Not Given,United Kingdom,2021-02-15,2021,TV-Y7,4 Seasons,"Kids' TV, TV Comedies"
s1328,Movie,,Ava DuVernay,United States,2021-02-11,2008,TV-MA,98 min,"Documentaries, Music & Musicals"
s1329,TV Show,,Joe Berlinger,United States,2021-02-10,2021,TV-MA,1 Season,"Crime TV Shows, Docuseries"
s1330,Movie,,Julien Royal,France,2021-02-10,2021,TV-MA,99 min,"Comedies, International Movies"
s1331,Movie,,Brian Baugh,United States,2021-02-10,2019,PG,108 min,"Dramas, Romantic Movies"
s1334,Movie,,Todd Phillips,United States,2021-02-08,2016,R,114 min,"Comedies, Dramas"
s1335,Movie,,Henri Wong,China,2021-02-07,2020,TV-14,104 min,"Action & Adventure, International Movies"
s1337,Movie,,Maïa Sandoz,France,2021-02-05,2017,TV-MA,88 min,Stand-Up Comedy
s1338,Movie,,Mostofa Sarwar Farooki,Bangladesh,2021-02-05,2017,TV-PG,104 min,"Dramas, Independent Movies, International Movies"
s1341,Movie,,Joseph Hsu,Taiwan,2021-02-05,2020,TV-14,123 min,"Dramas, International Movies"
s1342,Movie,,Sam Levinson,United States,2021-02-05,2021,R,106 min,"Dramas, Independent Movies"
s1343,Movie,,Jo Sung-hee,South Korea,2021-02-05,2021,TV-MA,138 min,"Action & Adventure, Dramas, International Movies"
s1344,Movie,,Michèle Ohayon,United States,2021-02-05,2021,R,113 min,Documentaries
s1345,Movie,,Rocco Ricciardulli,Italy,2021-02-05,2020,TV-MA,107 min,"Dramas, International Movies, Romantic Movies"
s1346,Movie,,Guo Jingming,China,2021-02-05,2021,TV-14,133 min,"Action & Adventure, International Movies"
s1347,Movie,,Jan Belcl,Poland,2021-02-03,2020,TV-MA,97 min,"Comedies, Dramas, International Movies"
s1348,Movie,,Esteban Crespo,Spain,2021-02-03,2020,TV-MA,116 min,"Action & Adventure, International Movies"
s1352,Movie,,Noé González,Mexico,2021-02-02,2020,TV-PG,123 min,"Dramas, Faith & Spirituality, International Movies"
s1354,Movie,,Dennis Dugan,United States,2021-02-01,1997,PG-13,89 min,"Action & Adventure, Comedies"
s1358,Movie,,Sarah Gavron,United Kingdom,2021-02-01,2019,TV-MA,93 min,Dramas
s1359,Movie,,Martin Scorsese,United States,2021-02-01,2010,R,139 min,Thrillers
s1360,Movie,,Roger Donaldson,United Kingdom,2021-02-01,2008,R,112 min,"Dramas, International Movies, Thrillers"
s1361,TV Show,,Richard Arellano,Philippines,2021-02-01,2020,TV-MA,1 Season,"International TV Shows, Romantic TV Shows, TV Comedies"
s1365,Movie,,Jon Favreau,United States,2021-02-01,2005,PG,101 min,"Children & Family Movies, Sci-Fi & Fantasy"
s1367,Movie,,Marco Pontecorvo,Portugal,2021-01-31,2020,PG-13,113 min,"Dramas, Faith & Spirituality"
s1368,Movie,,Gregory Plotkin,United States,2021-01-31,2018,R,89 min,Horror Movies
s1369,Movie,,Lluís Quílez,Spain,2021-01-29,2021,TV-MA,107 min,"Action & Adventure, International Movies"
s1370,Movie,,Jude Weng,United States,2021-01-29,2021,PG,123 min,"Children & Family Movies, Comedies"
s1371,Movie,,Simon Stone,United Kingdom,2021-01-29,2021,PG-13,113 min,"Dramas, International Movies"
s1382,Movie,,Ifeanyi Ikpoenyi,Not Given,2021-01-26,2019,TV-14,108 min,"Comedies, International Movies, Romantic Movies"
s1373,Movie,,Noviandra Santosa,Indonesia,2021-01-28,2021,TV-PG,90 min,"Children & Family Movies, Dramas, International Movies"
s1383,Movie,,Chris Eneng Enaji,Not Given,2021-01-26,2019,TV-PG,102 min,"Dramas, International Movies, Romantic Movies"
s1375,Movie,,Jeremy Grant,United States,2021-01-27,2021,TV-14,52 min,"Documentaries, International Movies, Sports Movies"
s1377,Movie,,Jeo Baby,India,2021-01-27,2020,TV-MA,127 min,"Comedies, Dramas, Independent Movies"
s1379,Movie,,Glendyn Ivin,Australia,2021-01-27,2021,TV-14,95 min,"Children & Family Movies, Dramas"
s1380,Movie,,Okey Oku,Nigeria,2021-01-26,2018,TV-14,121 min,"Dramas, International Movies"
s1387,Movie,,Ángeles Reiné,Portugal,2021-01-22,2020,TV-MA,95 min,"Comedies, International Movies, LGBTQ Movies"
s1388,Movie,,Paul Haggis,United States,2021-01-22,2010,PG-13,133 min,"Dramas, Thrillers"
s1389,Movie,,Ramin Bahrani,India,2021-01-22,2021,R,127 min,Dramas
s1390,Movie,,Nicol Paone,United States,2021-01-21,2020,R,95 min,Comedies
s1391,Movie,,Nick Rowland,United Kingdom,2021-01-21,2020,R,101 min,Dramas
s1392,Movie,,RZA,United States,2021-01-20,2020,R,123 min,Dramas
s1394,Movie,,Cooper Karl,United States,2021-01-20,2020,TV-14,89 min,Thrillers
s1397,Movie,,Gary Fleder,United States,2021-01-18,2013,R,100 min,Action & Adventure
s1398,Movie,,J.A. Bayona,United Kingdom,2021-01-16,2016,PG-13,108 min,"Dramas, Sci-Fi & Fantasy"
s1399,Movie,,Darren Lynn Bousman,United States,2021-01-16,2020,R,94 min,Horror Movies
s1400,Movie,,"Lydia Dean Pilcher, Ginny Mohler",United States,2021-01-16,2018,TV-14,103 min,"Dramas, Independent Movies"
s1404,Movie,,Cris D'Amato,Brazil,2021-01-15,2020,TV-G,105 min,"Children & Family Movies, Comedies, Dramas"
s1406,Movie,,Mikael Håfström,Hungary,2021-01-15,2021,R,116 min,Action & Adventure
s1407,Movie,,"Eric Darnell, Simon J. Smith",United States,2021-01-15,2014,PG,92 min,"Children & Family Movies, Comedies"
s1408,Movie,,Byeon Hee-sun,United States,2021-01-15,2019,TV-Y,65 min,Children & Family Movies
s1419,Movie,,Chris Rock,Not Given,2021-01-12,2021,TV-MA,98 min,Stand-Up Comedy
s1410,Movie,,Peter Facinelli,United States,2021-01-15,2020,R,115 min,Thrillers
s1411,Movie,,Renuka Shahane,India,2021-01-15,2021,TV-MA,96 min,"Dramas, International Movies"
s1412,Movie,,Ross Kauffman,United States,2021-01-15,2021,TV-14,32 min,Documentaries
s1413,Movie,,Sung Do-jun,South Korea,2021-01-15,2021,TV-PG,102 min,"Dramas, International Movies, LGBTQ Movies"
s1414,Movie,,Hanung Bramantyo,Indonesia,2021-01-14,2011,TV-MA,102 min,"Dramas, International Movies"
s1415,Movie,,"Charles Gozali, Bagus Bramanti",Indonesia,2021-01-14,2020,TV-14,101 min,"Comedies, Dramas, International Movies"
s1416,Movie,,James Toback,United States,2021-01-13,2017,R,71 min,"Dramas, Thrillers"
s1417,TV Show,,Tiller Russell,United States,2021-01-13,2021,TV-MA,1 Season,"Crime TV Shows, Docuseries"
s1418,Movie,,Francisco D'Eufemia,Argentina,2021-01-12,2019,TV-MA,81 min,"International Movies, Thrillers"
s1420,TV Show,,Juliet May,United Kingdom,2021-01-12,2020,TV-MA,4 Seasons,"British TV Shows, Romantic TV Shows, TV Dramas"
s1421,Movie,,Stanley Nelson,United States,2021-01-11,2021,TV-MA,90 min,Documentaries
s1422,Movie,,"Olivier Nakache, Éric Toledano",France,2021-01-11,2011,R,112 min,"Comedies, Dramas, International Movies"
s1423,Movie,,Prakash Jha,India,2021-01-08,2005,TV-14,161 min,"Dramas, International Movies"
s1424,Movie,,Rohan Sippy,India,2021-01-08,2005,TV-14,129 min,"Comedies, International Movies, Romantic Movies"
s1425,Movie,,Ross Venokur,Canada,2021-01-08,2021,TV-Y7,85 min,"Children & Family Movies, Comedies"
s1427,Movie,,Prakash Jha,India,2021-01-08,2003,TV-MA,148 min,"Dramas, International Movies"
s1437,Movie,,"Alejandro Ruax, Ramiro Martínez",Not Given,2021-01-06,2021,TV-MA,76 min,"Documentaries, International Movies, Music & Musicals"
s1429,Movie,,Rohena Gera,India,2021-01-08,2018,TV-MA,99 min,"Dramas, Independent Movies, International Movies"
s1433,TV Show,,Maite Ruiz De Austri,Spain,2021-01-08,2021,TV-14,2 Seasons,"Anime Series, International TV Shows, Spanish-Language TV Shows"
s1434,Movie,,Jastis Arimba,Indonesia,2021-01-07,2020,TV-14,101 min,"Dramas, International Movies"
s1435,Movie,,"Eric Summer, Éric Warin",France,2021-01-07,2016,PG,89 min,"Children & Family Movies, Comedies"
s1436,Movie,,Kornél Mundruczó,Canada,2021-01-07,2020,R,128 min,Dramas
s1439,Movie,,Florent Bodin,France,2021-01-06,2020,TV-14,99 min,"Documentaries, International Movies, Sports Movies"
s1442,Movie,,Sohail Khan,India,2021-01-04,1999,TV-14,126 min,"Action & Adventure, Comedies, International Movies"
s1445,Movie,,Gabriele Muccino,United States,2021-01-03,2012,PG-13,106 min,"Comedies, Romantic Movies, Sports Movies"
s1446,Movie,,Hallvard Bræin,Norway,2021-01-02,2020,TV-14,101 min,"Action & Adventure, Comedies, International Movies"
s1447,Movie,,Jeff Tremaine,United States,2021-01-01,2014,TV-MA,87 min,Comedies
s1448,Movie,,Christian Alvart,United States,2021-01-01,2009,R,111 min,"Horror Movies, Thrillers"
s1451,Movie,,Robert Townsend,United States,2021-01-01,1987,R,90 min,Stand-Up Comedy
s1452,Movie,,Jeff Deverett,United States,2021-01-01,2020,TV-Y,91 min,"Children & Family Movies, Dramas, Sports Movies"
s1453,Movie,,Ron Krauss,United States,2021-01-01,2013,PG-13,101 min,"Dramas, Independent Movies"
s1454,Movie,,Brian Robbins,United States,2021-01-01,1997,PG,96 min,"Children & Family Movies, Comedies"
s1455,Movie,,Jeff Stilson,United States,2021-01-01,2009,PG-13,96 min,Documentaries
s1457,Movie,,Sean Penn,United States,2021-01-01,2007,R,148 min,"Action & Adventure, Dramas, Independent Movies"
s1459,Movie,,Mark McQueen,United Kingdom,2021-01-01,2017,R,96 min,Action & Adventure
s1460,Movie,,Melanie Mayron,United States,2021-01-01,2011,PG-13,98 min,Comedies
s1462,Movie,,Donald Petrie,United States,2021-01-01,1988,R,104 min,"Comedies, Dramas, Independent Movies"
s1464,TV Show,,Tony Collingwood,Canada,2021-01-01,2014,TV-Y,1 Season,Kids' TV
s1465,Movie,,"Jennifer Beamish, Toby Trackman",United States,2021-01-01,2019,TV-14,53 min,Documentaries
s1468,Movie,,Jaume Collet-Serra,United Kingdom,2021-01-01,2011,PG-13,113 min,"Action & Adventure, Thrillers"
s1469,Movie,,Kim Dong-kyu,South Korea,2021-01-01,2021,TV-MA,102 min,"Comedies, International Movies"
s1470,Movie,,Lasse Hallström,United States,2021-01-01,1993,PG-13,118 min,"Classic Movies, Dramas, Independent Movies"
s1471,Movie,,Shaz Bennett,United States,2020-12-31,2017,TV-MA,83 min,"Dramas, LGBTQ Movies"
s1473,Movie,,Samar Shaikh,India,2020-12-31,2014,TV-14,116 min,"Comedies, Dramas, International Movies"
s1475,Movie,,Archie Hekagery,Indonesia,2020-12-31,2020,TV-PG,116 min,"Action & Adventure, Dramas, Faith & Spirituality"
s1476,Movie,,Sabrina Rochelle Kalangie,Indonesia,2020-12-31,2019,TV-14,106 min,"Comedies, Dramas, International Movies"
s1480,TV Show,,Cosima Spender,Italy,2020-12-30,2020,TV-MA,1 Season,"Crime TV Shows, Docuseries, International TV Shows"
s1482,Movie,,Liao Shih-han,Taiwan,2020-12-30,2020,TV-MA,105 min,"Horror Movies, International Movies"
s1485,Movie,,"Arnon Manor, Timothy Ware-Hill",United States,2020-12-28,2020,PG-13,8 min,Dramas
s1486,Movie,,Gore Verbinski,United States,2020-12-28,2011,PG,110 min,"Children & Family Movies, Comedies"
s1487,Movie,,"Al Campbell, Alice Mathias",United States,2020-12-27,2020,TV-MA,71 min,Comedies
s1489,Movie,,Maïwenn,France,2020-12-26,2020,TV-MA,91 min,"Dramas, International Movies"
s1491,Movie,,Richard Weston,Canada,2020-12-26,2020,TV-Y,46 min,Children & Family Movies
s1492,Movie,,Vikramaditya Motwane,India,2020-12-25,2020,TV-MA,109 min,"Comedies, Dramas, International Movies"
s1494,Movie,,Prime Cruz,Philippines,2020-12-25,2019,TV-G,102 min,"International Movies, Romantic Movies"
s1495,Movie,,Robert Rodriguez,United States,2020-12-25,2020,PG,101 min,"Children & Family Movies, Comedies"
s1496,Movie,,Andibachtiar Yusuf,Indonesia,2020-12-24,2019,TV-MA,94 min,"Comedies, Dramas, International Movies"
s1497,Movie,,Yandy Laurens,Indonesia,2020-12-24,2018,TV-G,110 min,"Children & Family Movies, Dramas, International Movies"
s1498,Movie,,Cathy Garcia-Molina,Philippines,2020-12-24,2019,TV-14,117 min,"Dramas, International Movies, Romantic Movies"
s1499,Movie,,"John Mitchell, Jeremy Kipp Walker",United States,2020-12-23,2012,TV-14,85 min,"Action & Adventure, Comedies, Independent Movies"
s1500,Movie,,George Clooney,United States,2020-12-23,2020,PG-13,119 min,Dramas
s1501,Movie,,Liu Kuang-hui,Taiwan,2020-12-23,2020,TV-MA,115 min,"Dramas, International Movies, LGBTQ Movies"
s1502,Movie,,Roger Kumble,United States,2020-12-22,2020,R,105 min,"Dramas, Romantic Movies"
s1503,Movie,,Kristian Mercado,United States,2020-12-22,2020,TV-MA,68 min,Stand-Up Comedy
s1505,Movie,,"Daan Jansen, Stijn Verlinde",Netherlands,2020-12-22,2020,TV-14,57 min,Music & Musicals
s1508,Movie,,Jay Grace,United Kingdom,2020-12-22,2020,TV-Y,28 min,"Children & Family Movies, Comedies"
s1510,Movie,,Paul Dugdale,United States,2020-12-21,2020,TV-MA,98 min,"Documentaries, Music & Musicals"
s1511,Movie,,James Haslam,United States,2020-12-21,2018,R,95 min,Comedies
s1512,Movie,,Muhammad Ali,Egypt,2020-12-20,2019,TV-14,96 min,"Comedies, International Movies"
s1513,Movie,,Thomas Toby Parkinson,United Kingdom,2020-12-20,2020,TV-MA,66 min,Stand-Up Comedy
s1514,Movie,,John Putch,United States,2020-12-19,2012,PG-13,112 min,Dramas
s1516,Movie,,Sam Macaroni,United States,2020-12-18,2020,R,84 min,Comedies
s1518,Movie,,George C. Wolfe,United States,2020-12-18,2020,R,94 min,"Dramas, Music & Musicals"
s1520,Movie,,Yasmin Ahmad,Malaysia,2020-12-18,2006,TV-PG,98 min,"Children & Family Movies, Comedies, Dramas"
s1521,TV Show,,"Sudha Kongara, Vignesh Shivan, Gautham Vasudev Menon, Vetri Maaran",India,2020-12-18,2020,TV-MA,1 Season,"International TV Shows, TV Dramas"
s1522,Movie,,Yasmin Ahmad,Malaysia,2020-12-18,2004,TV-PG,85 min,"Dramas, Independent Movies, International Movies"
s1523,Movie,,Yasmin Ahmad,Malaysia,2020-12-18,2009,TV-14,120 min,"Dramas, International Movies, Romantic Movies"
s1524,Movie,,Juan Camilo Pinzon,Colombia,2020-12-17,2020,TV-14,83 min,"Comedies, Dramas, International Movies"
s1525,Movie,,Lin Oeding,Canada,2020-12-17,2018,R,94 min,Action & Adventure
s1526,Movie,,Naya Anindita,Indonesia,2020-12-17,2019,TV-14,102 min,"Dramas, International Movies, Romantic Movies"
s1527,Movie,,Antoinette Jadaone,Philippines,2020-12-17,2017,TV-14,111 min,"Comedies, International Movies, Romantic Movies"
s1532,Movie,,Farishad I. Latjuba,Not Given,2020-12-17,2019,TV-PG,111 min,"Dramas, International Movies, Romantic Movies"
s1534,TV Show,,Picky Talarico,Not Given,2020-12-16,2020,TV-MA,1 Season,"Docuseries, Spanish-Language TV Shows"
s1530,Movie,,JP Habac,Philippines,2020-12-17,2019,TV-14,90 min,"International Movies, Romantic Movies"
s1531,TV Show,,Alexx Media,United States,2020-12-17,2020,TV-MA,1 Season,"Stand-Up Comedy & Talk Shows, TV Comedies"
s1533,TV Show,,"Andrucha Waddington, Pedro Waddington",Brazil,2020-12-16,2020,TV-MA,1 Season,"Docuseries, International TV Shows"
s1535,Movie,,Jun Lana,Philippines,2020-12-16,2012,TV-MA,110 min,"Dramas, International Movies, LGBTQ Movies"
s1537,Movie,,Brad Peyton,United States,2020-12-16,2016,PG-13,87 min,"Horror Movies, Thrillers"
s1538,Movie,,Lee Daniels,United States,2020-12-16,2013,PG-13,132 min,Dramas
s1541,Movie,,Tom Ford,United States,2020-12-16,2016,R,117 min,"Dramas, Thrillers"
s1542,TV Show,,"Ellena Wood, Jesse Vile",United Kingdom,2020-12-16,2020,TV-MA,1 Season,"British TV Shows, Crime TV Shows, Docuseries"
s1543,Movie,,Vir Das,India,2020-12-16,2020,TV-MA,50 min,Stand-Up Comedy
s1557,Movie,,Eddie Rosas,Not Given,2020-12-11,2020,TV-Y,28 min,Children & Family Movies
s1545,Movie,,Miranda de Pencier,Canada,2020-12-15,2018,R,106 min,"Dramas, Independent Movies, Sports Movies"
s1550,Movie,,Farhad Safinia,Ireland,2020-12-15,2019,TV-14,125 min,"Dramas, Independent Movies"
s1551,Movie,,Shaun Paul Piccinino,United States,2020-12-14,2020,PG-13,107 min,"Comedies, Romantic Movies"
s1558,Movie,,Frank E. Abney III,United States,2020-12-11,2020,G,9 min,"Children & Family Movies, Dramas"
s1559,Movie,,"James D. Stern, Fernando Villena",United States,2020-12-11,2020,PG-13,91 min,Documentaries
s1561,Movie,,Ryan Murphy,United States,2020-12-11,2020,PG-13,132 min,"Comedies, LGBTQ Movies, Music & Musicals"
s1562,Movie,,Girish Malik,India,2020-12-11,2020,TV-MA,133 min,"Dramas, International Movies, Sports Movies"
s2436,Movie,,Wael Ehsan,Egypt,2020-06-02,2006,TV-14,109 min,"Comedies, International Movies"
s1547,TV Show,,Not Given,United States,2020-12-15,2020,TV-MA,2 Seasons,Docuseries
s1565,TV Show,,Lai Chun-yu,Not Given,2020-12-10,2020,TV-14,1 Season,"Crime TV Shows, International TV Shows, TV Dramas"
s1564,Movie,,Deepa Mehta,Canada,2020-12-10,2020,TV-MA,109 min,"Dramas, LGBTQ Movies"
s1566,Movie,,Theodore Boborol,Philippines,2020-12-10,2016,TV-G,107 min,"International Movies, Romantic Movies"
s1567,Movie,,Mae Czarina Cruz,Philippines,2020-12-10,2013,TV-14,111 min,"Dramas, International Movies, Romantic Movies"
s1568,Movie,,Jun Lana,Philippines,2020-12-10,2019,TV-MA,108 min,"Comedies, International Movies, LGBTQ Movies"
s1569,Movie,,Jun Lana,Philippines,2020-12-09,2019,TV-MA,105 min,"Dramas, Independent Movies, International Movies"
s1601,Movie,,Darragh O'Connell,Not Given,2020-12-03,2020,TV-Y,25 min,Children & Family Movies
s1572,Movie,,Sydney Sibilia,Italy,2020-12-09,2020,TV-14,119 min,"Comedies, Dramas, International Movies"
s1576,Movie,,Josiah Ng,Singapore,2020-12-08,2020,TV-PG,104 min,"Documentaries, International Movies"
s1577,Movie,,Kirk Wise,United States,2020-12-08,2020,PG,83 min,"Children & Family Movies, Comedies"
s1581,Movie,,"Beth Sleven, Allan Jacobsen, Kevin Wotton",United States,2020-12-08,2020,TV-Y7,79 min,Children & Family Movies
s1583,Movie,,John Hillcoat,United States,2020-12-08,2016,R,115 min,"Dramas, Thrillers"
s1582,Movie,,Steve Ball,United States,2020-12-08,2020,TV-Y,24 min,Children & Family Movies
s1585,Movie,,Tate Taylor,United States,2020-12-07,2020,R,97 min,"Action & Adventure, Dramas"
s1587,TV Show,,Jalil Lespert,France,2020-12-07,2020,TV-MA,1 Season,"Crime TV Shows, Docuseries, International TV Shows"
s1588,TV Show,,"Su I-Hsuan, Chuang Shiang-an, Liu Yi",Taiwan,2020-12-05,2020,TV-MA,1 Season,"International TV Shows, TV Dramas, TV Horror"
s1589,Movie,,Clint Butler,Canada,2020-12-05,2020,TV-Y,26 min,Children & Family Movies
s1592,Movie,,"Erik Kling, Kevin Peaty",United States,2020-12-04,2020,TV-Y7,46 min,"Children & Family Movies, Comedies"
s1593,Movie,,Detlev Buck,Germany,2020-12-04,2020,TV-MA,106 min,"Comedies, International Movies, Thrillers"
s1596,Movie,,David Fincher,United States,2020-12-04,2020,R,133 min,"Dramas, Independent Movies"
s1598,Movie,,Amanda Raymond,United States,2020-12-04,2020,TV-PG,93 min,"Children & Family Movies, Dramas"
s1599,Movie,,Jason Paul Laxamana,Philippines,2020-12-03,2019,TV-14,108 min,"Dramas, International Movies, Romantic Movies"
s1600,Movie,,Marc Fouchard,France,2020-12-03,2018,TV-MA,96 min,"Comedies, Dramas, International Movies"
s1602,Movie,,Roberto Santucci,Brazil,2020-12-03,2020,TV-MA,101 min,"Comedies, International Movies"
s1603,Movie,,Dado C. Lumibao,Philippines,2020-12-03,2013,TV-14,106 min,"Comedies, Dramas, International Movies"
s1605,Movie,,August Jakobsson,Iceland,2020-12-02,2020,TV-MA,54 min,Stand-Up Comedy
s1607,Movie,,Anna Wieczur-Bluszcz,Poland,2020-12-02,2020,TV-MA,118 min,"Comedies, Dramas, International Movies"
s1609,Movie,,McG,United States,2020-12-01,2014,PG-13,117 min,Action & Adventure
s1610,Movie,,Damien O’Connor,United States,2020-12-01,2020,TV-Y,48 min,Children & Family Movies
s1611,Movie,,Ron Howard,United States,2020-12-01,2009,PG-13,139 min,Thrillers
s1613,Movie,,Jon Favreau,United States,2020-12-01,2014,R,115 min,"Comedies, Independent Movies"
s1614,Movie,,Richard Laxton,United Kingdom,2020-12-01,2014,PG-13,109 min,"Dramas, International Movies, Romantic Movies"
s1617,Movie,,Gil Kenan,United States,2020-12-01,2006,PG,91 min,"Children & Family Movies, Comedies"
s1618,Movie,,Phil Burgers,United States,2020-12-01,2020,TV-MA,60 min,Comedies
s1621,Movie,,Pierre Morel,Hong Kong,2020-12-01,2018,R,102 min,Action & Adventure
s1608,Movie,,Not Given,Germany,2020-12-02,2020,TV-MA,58 min,Stand-Up Comedy
s1622,Movie,,Simon Wincer,Australia,2020-12-01,1990,PG-13,120 min,Action & Adventure
s1625,Movie,,Ron Howard,United States,2020-12-01,2006,PG-13,149 min,Thrillers
s1627,Movie,,Brian Henson,United States,2020-12-01,2018,R,91 min,"Action & Adventure, Comedies"
s1630,Movie,,Derick Cabrido,Philippines,2020-12-01,2020,TV-MA,99 min,"Horror Movies, International Movies"
s1631,Movie,,Marla M. Ancheta,Philippines,2020-11-30,2020,TV-PG,106 min,"Dramas, International Movies"
s1632,Movie,,Jen McGowan,United States,2020-11-30,2018,R,108 min,Thrillers
s1633,Movie,,Bernie Denk,United States,2020-11-30,2019,TV-Y,45 min,Children & Family Movies
s1634,Movie,,Brian Skiba,United States,2020-11-30,2020,TV-MA,93 min,Action & Adventure
s1636,Movie,,"Stanley Moore, Alex Woo",United States,2020-11-27,2020,TV-Y,22 min,Children & Family Movies
s1637,Movie,,Oliver Bokelberg,United States,2020-11-27,2020,TV-PG,81 min,"Children & Family Movies, Documentaries"
s1638,Movie,,Ángel Gómez Hernández,Spain,2020-11-27,2020,TV-MA,98 min,"Horror Movies, International Movies"
s1658,Movie,,Carlos Sorín,Argentina,2020-11-24,2020,TV-MA,84 min,"Dramas, International Movies"
s1653,Movie,,V Vignarajan,India,2020-11-24,2020,TV-14,171 min,"Horror Movies, International Movies, Thrillers"
s1643,Movie,,Ludovico Di Martino,Italy,2020-11-27,2020,TV-MA,100 min,"Action & Adventure, International Movies"
s1644,Movie,,Lee Chung-hyun,South Korea,2020-11-27,2020,TV-MA,112 min,"International Movies, Thrillers"
s1645,Movie,,Barry Gonzalez,Philippines,2020-11-26,2018,TV-PG,114 min,"Comedies, International Movies, LGBTQ Movies"
s1646,Movie,,Brian Volk-Weiss,United States,2020-11-26,2020,TV-14,68 min,Stand-Up Comedy
s1647,Movie,,Matthew Michael Carnahan,United States,2020-11-26,2020,TV-MA,103 min,"Action & Adventure, Dramas, International Movies"
s1648,Movie,,Cathy Garcia-Molina,Philippines,2020-11-26,2017,TV-14,121 min,"Comedies, International Movies, Romantic Movies"
s1649,Movie,,Eric Bress,United Kingdom,2020-11-25,2020,R,95 min,Horror Movies
s1651,Movie,,Paul Dugdale,United Kingdom,2020-11-25,2020,TV-PG,87 min,Music & Musicals
s1652,Movie,,Chris Columbus,Canada,2020-11-25,2020,PG,115 min,"Children & Family Movies, Comedies"
s1654,Movie,,V Vignarajan,India,2020-11-24,2020,TV-14,171 min,"Horror Movies, International Movies, Thrillers"
s1655,TV Show,,BB Sasore,Nigeria,2020-11-24,2015,TV-MA,1 Season,"International TV Shows, Romantic TV Shows, TV Comedies"
s1656,Movie,,"Greg Rankin, TJ Sullivan",United States,2020-11-24,2020,TV-Y,46 min,"Children & Family Movies, Comedies"
s1657,Movie,,Ron Howard,United States,2020-11-24,2020,R,117 min,Dramas
s1660,Movie,,Matt Eskandari,United States,2020-11-23,2020,R,98 min,Action & Adventure
s1661,Movie,,Grant Singer,United States,2020-11-23,2020,TV-MA,83 min,"Documentaries, Music & Musicals"
s1663,Movie,,Mohammad Adel,Egypt,2020-11-23,2018,TV-14,97 min,"Action & Adventure, Comedies, International Movies"
s1664,Movie,,Debbie Allen,United States,2020-11-22,2020,TV-PG,99 min,"Children & Family Movies, Music & Musicals"
s1665,Movie,,Robert Rodriguez,United States,2020-11-22,2013,R,108 min,Action & Adventure
s1666,Movie,,Victor Gatonye,Kenya,2020-11-20,2019,TV-14,93 min,"International Movies, Thrillers"
s1667,Movie,,Stephen Chiodo,United States,2020-11-20,2020,TV-Y,42 min,Children & Family Movies
s1670,Movie,,"Will McCormack, Michael Govier",United States,2020-11-20,2020,PG,13 min,Dramas
s1672,Movie,,Monica Floyd,United States,2020-11-20,2020,TV-PG,64 min,"Children & Family Movies, Comedies"
s1674,Movie,,Anurag Kashyap,India,2020-11-19,2004,TV-MA,162 min,"Dramas, International Movies"
s1675,Movie,,Siddique,India,2020-11-19,2011,TV-14,130 min,"Action & Adventure, Comedies, International Movies"
s1676,Movie,,Danish Aslam,India,2020-11-19,2010,TV-14,108 min,"Comedies, International Movies, Music & Musicals"
s1677,Movie,,Vibhu Virender Puri,India,2020-11-19,2015,TV-14,129 min,"Dramas, International Movies, Romantic Movies"
s1678,Movie,,Cathy Garcia-Molina,Philippines,2020-11-19,2010,TV-14,105 min,"International Movies, Romantic Movies"
s1679,Movie,,Anurag Kashyap,India,2020-11-19,2016,TV-MA,133 min,"International Movies, Thrillers"
s1680,Movie,,Rohit Shetty,India,2020-11-19,2011,TV-14,142 min,"Action & Adventure, Dramas, International Movies"
s1681,Movie,,Ribhu Dasgupta,India,2020-11-19,2016,TV-14,128 min,"Dramas, International Movies, Thrillers"
s1682,Movie,,Mike Rohl,United States,2020-11-19,2020,TV-G,97 min,"Children & Family Movies, Comedies, Dramas"
s1683,Movie,,Cathy Garcia-Molina,Philippines,2020-11-19,2018,TV-G,107 min,"Comedies, Dramas, International Movies"
s1684,Movie,,Shyam Benegal,India,2020-11-19,2009,TV-14,135 min,"Comedies, International Movies"
s1686,Movie,,Takeshi Fukunaga,United States,2020-11-17,2020,TV-PG,84 min,"Dramas, International Movies"
s1687,Movie,,Leslie Small,United States,2020-11-17,2020,TV-MA,70 min,Stand-Up Comedy
s1690,Movie,,Jeff Nichols,United Kingdom,2020-11-16,2016,PG-13,124 min,"Dramas, Romantic Movies"
s1691,Movie,,"Sabaah Folayan, Damon Davis",United States,2020-11-16,2017,R,102 min,Documentaries
s1692,Movie,,Justin G. Dyck,United States,2020-11-15,2017,TV-G,84 min,"Music & Musicals, Romantic Movies"
s1695,Movie,,"Cody Cameron, Kris Pearn",United States,2020-11-15,2013,PG,95 min,"Children & Family Movies, Comedies"
s1696,Movie,,Justin G. Dyck,Canada,2020-11-15,2018,TV-G,84 min,Romantic Movies
s1716,TV Show,,Carla Barros,Brazil,2020-11-11,2020,TV-14,1 Season,"International TV Shows, Reality TV"
s1700,Movie,,Michael Curtiz,United States,2020-11-15,1954,TV-G,120 min,"Children & Family Movies, Classic Movies, Comedies"
s1701,Movie,,Damián Romay,United States,2020-11-14,2019,TV-14,87 min,Thrillers
s1703,Movie,,Avinash Walzade,India,2020-11-13,2020,TV-Y7,75 min,"Children & Family Movies, Comedies"
s1704,Movie,,David E. Talbert,United States,2020-11-13,2020,PG,124 min,"Children & Family Movies, Music & Musicals"
s1705,Movie,,Renata Terra,Brazil,2020-11-13,2020,TV-PG,92 min,"Documentaries, International Movies"
s1706,Movie,,Edoardo Ponti,Italy,2020-11-13,2020,PG-13,95 min,"Dramas, International Movies"
s1707,TV Show,,Mateo Gil,Spain,2020-11-13,2020,TV-MA,1 Season,"Crime TV Shows, International TV Shows, Spanish-Language TV Shows"
s1708,Movie,,Cathy Garcia-Molina,Philippines,2020-11-12,2008,TV-G,107 min,"International Movies, Romantic Movies"
s1710,Movie,,Paul Soriano,Philippines,2020-11-12,2018,TV-MA,123 min,"Dramas, International Movies, Romantic Movies"
s1711,Movie,,Ryan Coogler,United States,2020-11-12,2013,R,85 min,"Dramas, Independent Movies"
s1713,Movie,,Anurag Basu,India,2020-11-12,2020,TV-MA,150 min,"Comedies, Dramas, International Movies"
s1714,Movie,,Lucas Santa Ana,Argentina,2020-11-12,2019,TV-MA,97 min,"Dramas, International Movies, LGBTQ Movies"
s1715,Movie,,Nelson McCormick,United States,2020-11-12,2008,PG-13,88 min,Horror Movies
s1721,Movie,,Ulrike Kofler,Austria,2020-11-11,2020,TV-MA,93 min,"Dramas, International Movies"
s1722,TV Show,,"Steven Bognar, Julia Reichert",United States,2020-11-10,2006,TV-14,1 Season,TV Shows
s1726,Movie,,Kunle Afolayan,Nigeria,2020-11-06,2020,TV-MA,151 min,"Dramas, International Movies"
s1728,Movie,,Weica Wang,Taiwan,2020-11-06,2020,TV-MA,82 min,"Dramas, International Movies"
s1729,Movie,,"Aitor Arregi, Jon Garaño, Jose Mari Goenaga",Spain,2020-11-06,2019,TV-MA,148 min,"Dramas, Independent Movies, International Movies"
s1730,Movie,,Kevin Pollak,United States,2020-11-06,2016,R,95 min,Comedies
s1732,Movie,,Otoja Abit,United States,2020-11-05,2020,TV-MA,90 min,"Dramas, LGBTQ Movies, Romantic Movies"
s1733,Movie,,Antoinette Jadaone,Philippines,2020-11-05,2019,TV-14,103 min,"Dramas, International Movies, Romantic Movies"
s1734,TV Show,,Alejandro Hartmann,Argentina,2020-11-05,2020,TV-14,1 Season,"Crime TV Shows, Docuseries, International TV Shows"
s1735,Movie,,Maxwell McGuire,Canada,2020-11-05,2020,TV-G,87 min,"Comedies, Romantic Movies"
s1736,Movie,,Ruel S. Bayani,Philippines,2020-11-05,2012,TV-14,102 min,"Dramas, International Movies, Romantic Movies"
s1737,Movie,,Martin Wood,United States,2020-11-05,2020,TV-G,96 min,"Children & Family Movies, Comedies, Romantic Movies"
s1745,Movie,,Estela Renner,Brazil,2020-11-03,2016,TV-PG,96 min,"Documentaries, International Movies"
s1740,Movie,,Justin G. Dyck,Canada,2020-11-04,2018,TV-PG,86 min,"Comedies, Dramas, Romantic Movies"
s1742,Movie,,Narendra Nath,India,2020-11-04,2020,TV-PG,136 min,"Dramas, International Movies"
s1743,Movie,,Jan-Peter Horns,Germany,2020-11-03,2020,TV-MA,60 min,Stand-Up Comedy
s1744,Movie,,Tatsushi Omori,Japan,2020-11-03,2020,TV-14,127 min,"Dramas, International Movies"
s1748,Movie,,"Zeek Earl, Christopher Caldwell",Canada,2020-11-02,2018,R,100 min,"Sci-Fi & Fantasy, Thrillers"
s1750,Movie,,Michael Kampa,United States,2020-11-01,2019,TV-PG,87 min,"Children & Family Movies, Comedies"
s1752,Movie,,Chanda Bell,United States,2020-11-01,2020,TV-Y,28 min,Children & Family Movies
s1753,Movie,,Chanda Bell,United States,2020-11-01,2020,TV-Y,27 min,Children & Family Movies
s1754,Movie,,Jennifer Westcott,Canada,2020-11-01,2018,PG,90 min,Children & Family Movies
s1762,Movie,,Richard Greenberg,United States,2020-11-01,1989,PG,102 min,"Children & Family Movies, Comedies"
s1763,Movie,,Peter Berg,United States,2020-11-01,2018,R,94 min,Action & Adventure
s1764,Movie,,Nicolas Pesce,United States,2020-11-01,2018,R,81 min,"Dramas, Independent Movies, Thrillers"
s1765,Movie,,Oliver Stone,United Kingdom,2020-11-01,2016,R,134 min,"Dramas, Thrillers"
s1768,Movie,,J.A. Bayona,Spain,2020-11-01,2012,PG-13,114 min,Dramas
s1769,Movie,,Christopher Cain,United States,2020-11-01,1994,PG,107 min,"Action & Adventure, Dramas, Sports Movies"
s1771,Movie,,Shaun Paul Piccinino,United States,2020-11-01,2020,R,107 min,"Comedies, Sports Movies"
s1772,TV Show,,Juliana Vicente,Brazil,2020-10-31,2017,TV-PG,1 Season,"Docuseries, International TV Shows"
s1773,Movie,,Harald Zwart,Norway,2020-10-31,2018,TV-MA,130 min,"Action & Adventure, Dramas, International Movies"
s1775,Movie,,Stacia Crawford,United States,2020-10-30,2019,TV-14,87 min,"Dramas, Independent Movies, Thrillers"
s1776,Movie,,Remi Weekes,United Kingdom,2020-10-30,2020,TV-14,93 min,"Horror Movies, Independent Movies"
s1777,Movie,,Tope Oshin,Nigeria,2020-10-30,2017,TV-14,114 min,"Dramas, International Movies"
s1778,Movie,,Terrie Samundra,India,2020-10-30,2020,TV-14,91 min,"Horror Movies, International Movies"
s1787,Movie,,Antonio Díaz,Not Given,2020-10-28,2016,TV-14,50 min,International Movies
s1781,Movie,,Olivier Marchal,France,2020-10-30,2020,TV-MA,116 min,"Dramas, International Movies, Thrillers"
s1784,Movie,,Santiago Alvarado Ilarri,Mexico,2020-10-30,2020,TV-MA,93 min,"Horror Movies, International Movies"
s1785,Movie,,Frasco Mortiz,Philippines,2020-10-29,2013,TV-14,106 min,"Horror Movies, International Movies"
s1786,Movie,,John Whitesell,United States,2020-10-28,2020,TV-MA,105 min,"Comedies, Romantic Movies"
s1788,Movie,,Nimród Antal,United States,2020-10-28,2013,R,93 min,Music & Musicals
s1789,Movie,,Bartosz M. Kowalski,Poland,2020-10-28,2020,TV-MA,103 min,"Horror Movies, International Movies"
s1790,Movie,,James Tovell,United States,2020-10-28,2020,TV-PG,114 min,Documentaries
s1793,Movie,,Matías Gueilburt,Argentina,2020-10-27,2020,TV-14,95 min,"Documentaries, International Movies, Sports Movies"
s1794,Movie,,Natasha Lyonne,United States,2020-10-27,2020,TV-MA,50 min,Comedies
s1795,TV Show,,"Chang Chin-jung, Chen Rong-hui",Taiwan,2020-10-26,2020,TV-14,1 Season,"International TV Shows, Romantic TV Shows, TV Mysteries"
s1796,Movie,,Rajkumar Santoshi,India,2020-10-25,2009,TV-14,150 min,"Comedies, International Movies, Music & Musicals"
s1797,Movie,,Lance Daly,Ireland,2020-10-24,2018,R,100 min,"Action & Adventure, Dramas, Independent Movies"
s1798,Movie,,Unjoo Moon,Australia,2020-10-24,2019,TV-MA,117 min,"Dramas, Music & Musicals"
s1799,Movie,,Gil Baroni,Brazil,2020-10-23,2019,TV-MA,87 min,"Comedies, International Movies, LGBTQ Movies"
s1801,TV Show,,"Thierry Demaizière, Alban Teurlai",United States,2020-10-23,2020,TV-MA,1 Season,"Docuseries, International TV Shows"
s1802,Movie,,Glen Keane,China,2020-10-23,2020,PG,100 min,"Children & Family Movies, Music & Musicals"
s1803,Movie,,Chris Sivertson,United States,2020-10-23,2018,TV-14,86 min,"Dramas, Thrillers"
s1806,Movie,,"Kief Davidson, Pedro Kos",United States,2020-10-22,2017,TV-MA,102 min,Documentaries
s1807,Movie,,Jarand Herdal,Norway,2020-10-22,2020,TV-MA,87 min,"Horror Movies, International Movies"
s1808,Movie,,Dan Villegas,Philippines,2020-10-22,2018,TV-MA,103 min,"Dramas, International Movies, Romantic Movies"
s1809,Movie,,Chris Foggin,United Kingdom,2020-10-22,2019,PG-13,112 min,"Comedies, Dramas, Music & Musicals"
s1810,Movie,,Cathy Garcia-Molina,Philippines,2020-10-22,2018,TV-14,120 min,"Dramas, International Movies, Romantic Movies"
s1811,Movie,,Kim Nguyen,Canada,2020-10-22,2018,R,111 min,"Dramas, Independent Movies"
s1812,Movie,,Karen Maine,United States,2020-10-22,2020,R,78 min,"Comedies, Dramas, Independent Movies"
s1813,Movie,,Tim Neeves,Canada,2020-10-21,2020,TV-PG,51 min,"Documentaries, International Movies"
s1815,Movie,,Ben Wheatley,United Kingdom,2020-10-21,2020,PG-13,123 min,"Dramas, Romantic Movies, Thrillers"
s1816,Movie,,Richard Weston,Canada,2020-10-20,2020,TV-Y,46 min,Children & Family Movies
s1817,Movie,,Don Michael Paul,United States,2020-10-20,2020,PG-13,102 min,"Action & Adventure, Horror Movies"
s1818,Movie,,Maroun Baghdadi,Lebanon,2020-10-19,1975,TV-14,106 min,"Classic Movies, Dramas, International Movies"
s1819,Movie,,Philippe Aractingi,Lebanon,2020-10-19,2005,TV-14,112 min,"Dramas, International Movies, Music & Musicals"
s1820,Movie,,Amin Dora,Lebanon,2020-10-19,2013,TV-MA,101 min,"Comedies, Dramas, International Movies"
s1821,Movie,,Philippe Aractingi,Lebanon,2020-10-19,2014,TV-14,96 min,"Documentaries, International Movies"
s1822,Movie,,Philippe Aractingi,Lebanon,2020-10-19,2017,TV-MA,103 min,"Dramas, Independent Movies, International Movies"
s1823,Movie,,Maroun Baghdadi,France,2020-10-19,1991,TV-MA,94 min,"Classic Movies, Dramas, Independent Movies"
s1824,Movie,,Rana Eid,Lebanon,2020-10-19,2017,TV-MA,69 min,"Documentaries, International Movies"
s1825,Movie,,Daniel Joseph,Lebanon,2020-10-19,2012,TV-MA,81 min,"Dramas, International Movies"
s1826,Movie,,Randa Chahal Sabbag,Lebanon,2020-10-19,2003,TV-MA,76 min,"Dramas, International Movies, Romantic Movies"
s1827,Movie,,Maroun Baghdadi,France,2020-10-19,1982,TV-14,108 min,"Dramas, Independent Movies, International Movies"
s1828,Movie,,Philippe Aractingi,France,2020-10-19,2007,TV-MA,94 min,"Dramas, Independent Movies, International Movies"
s1830,Movie,,Ziad Doueiri,France,2020-10-19,1999,TV-MA,106 min,"Dramas, International Movies"
s1831,Movie,,Shady Hanna,Lebanon,2020-10-19,2018,TV-14,98 min,"Comedies, International Movies, Romantic Movies"
s1832,Movie,,Maroun Baghdadi,Lebanon,2020-10-19,1980,TV-14,93 min,"Documentaries, International Movies"
s1833,Movie,,Josef Fares,Sweden,2020-10-19,2005,TV-MA,99 min,"Dramas, International Movies"
s1834,Movie,,"Sam Fell, Chris Butler",United States,2020-10-18,2012,PG,93 min,"Children & Family Movies, Comedies"
s1854,Movie,,"Pavitra Chalam, Akshay Shankar",India,2020-10-15,2020,TV-PG,42 min,"Documentaries, International Movies"
s1836,Movie,,Ross Boyask,United Kingdom,2020-10-17,2020,R,82 min,Action & Adventure
s1837,Movie,,"David 'Tosh' Gitonga, Michael Jones",Kenya,2020-10-16,2018,TV-MA,107 min,"Comedies, International Movies, Romantic Movies"
s1839,Movie,,Ti West,United States,2020-10-16,2016,R,104 min,Action & Adventure
s1841,TV Show,,Manolo Caro,Mexico,2020-10-16,2020,TV-MA,1 Season,"Crime TV Shows, International TV Shows, Spanish-Language TV Shows"
s1843,Movie,,Aaron Sorkin,United States,2020-10-16,2020,R,130 min,Dramas
s1844,Movie,,Levan Gabriadze,United States,2020-10-16,2014,R,83 min,"Horror Movies, Thrillers"
s1845,Movie,,Rachel Talalay,United States,2020-10-15,2020,TV-PG,99 min,Children & Family Movies
s1846,Movie,,Sam Liu,United States,2020-10-15,2016,R,77 min,Action & Adventure
s1847,Movie,,Peter Mimi,Egypt,2020-10-15,2018,TV-14,94 min,"Action & Adventure, Comedies, International Movies"
s1850,Movie,,Hanung Bramantyo,Indonesia,2020-10-15,2017,TV-PG,118 min,"Dramas, International Movies"
s1851,Movie,,Lasja Fauzia Susatyo,Indonesia,2020-10-15,2020,TV-14,87 min,"Dramas, International Movies, Romantic Movies"
s1856,Movie,,"Kevin Ko, Peter Tsi",Taiwan,2020-10-14,2020,TV-14,101 min,"Action & Adventure, International Movies, Romantic Movies"
s1857,Movie,,Caroline Suh,United States,2020-10-14,2020,TV-14,80 min,"Documentaries, Music & Musicals"
s1858,Movie,,Carlos Pérez Osorio,Mexico,2020-10-14,2020,TV-MA,110 min,"Documentaries, International Movies"
s1859,Movie,,Ken Ghosh,India,2020-10-13,2004,TV-14,117 min,"International Movies, Romantic Movies, Thrillers"
s1860,Movie,,Blair Simmons,United Kingdom,2020-10-13,2020,TV-Y,47 min,Children & Family Movies
s1862,Movie,,Indra Kumar,India,2020-10-12,1990,TV-14,165 min,"Comedies, Dramas, International Movies"
s1863,Movie,,B. Subhash,India,2020-10-12,1982,TV-14,134 min,"Cult Movies, Dramas, International Movies"
s1864,Movie,,Harshavardhan Kulkarni,India,2020-10-12,2015,TV-MA,140 min,"Comedies, International Movies, Romantic Movies"
s1866,Movie,,Neeraj Vora,India,2020-10-12,2006,TV-14,150 min,"Comedies, International Movies"
s1867,Movie,,Rajkumar Santoshi,India,2020-10-12,2002,TV-14,156 min,"Dramas, International Movies"
s1868,Movie,,Alex Merkin,United States,2020-10-11,2017,TV-MA,86 min,Horror Movies
s1870,Movie,,Puneet Khanna,India,2020-10-09,2020,TV-MA,126 min,"Comedies, International Movies, Romantic Movies"
s1871,Movie,,Meltem Bozoflu,Turkey,2020-10-09,2018,TV-MA,100 min,"Comedies, International Movies"
s1873,Movie,,Radha Blank,United States,2020-10-09,2020,R,124 min,"Comedies, Dramas, Independent Movies"
s1875,Movie,,"Bigflo & Oli, Jérémie Levypon",France,2020-10-08,2020,TV-MA,100 min,"Documentaries, International Movies, Music & Musicals"
s1877,Movie,,Eduardo Pinto,Argentina,2020-10-08,2004,TV-MA,106 min,"Dramas, International Movies"
s1880,Movie,,Steve Brill,United States,2020-10-07,2020,PG-13,104 min,"Comedies, Horror Movies"
s1881,TV Show,,Pavel Kostomarov,Russia,2020-10-07,2020,TV-MA,1 Season,"International TV Shows, TV Dramas, TV Mysteries"
s1882,Movie,,Mike Elliott,United States,2020-10-06,2020,R,96 min,Comedies
s1883,Movie,,Francis Whately,United Kingdom,2020-10-06,2019,TV-14,90 min,"Documentaries, Music & Musicals"
s1884,Movie,,Jon Izen,Canada,2020-10-06,2020,TV-Y,33 min,Children & Family Movies
s1885,Movie,,Christopher Nolen,United States,2020-10-06,2017,TV-14,81 min,"Dramas, Romantic Movies"
s1887,Movie,,"Alastair Fothergill, Jonnie Hughes, Keith Scholey",United Kingdom,2020-10-04,2020,PG,84 min,Documentaries
s1888,Movie,,Amy Segal,Canada,2020-10-03,2020,TV-MA,44 min,"Documentaries, LGBTQ Movies"
s1889,Movie,,Umut Aral,Turkey,2020-10-03,2018,TV-14,115 min,"Dramas, International Movies, Sports Movies"
s1892,Movie,,Umut Kirca,Turkey,2020-10-02,2016,TV-14,94 min,"Comedies, International Movies, Romantic Movies"
s1931,Movie,,Tom Whitworth,United Kingdom,2020-09-30,2018,TV-MA,28 min,"Dramas, International Movies, Thrillers"
s1893,Movie,,"Alex Woo, Stanley Moore",United States,2020-10-02,2020,TV-Y,22 min,Children & Family Movies
s1897,Movie,,Kenneth Gyang,Nigeria,2020-10-02,2020,TV-MA,107 min,"Dramas, International Movies"
s1898,Movie,,Sudhir Mishra,India,2020-10-02,2020,TV-MA,115 min,"Comedies, Dramas, International Movies"
s1899,Movie,,Domenico de Feudis,Italy,2020-10-02,2020,TV-MA,93 min,"Horror Movies, International Movies, Thrillers"
s1900,Movie,,Burak Aksak,Turkey,2020-10-02,2017,TV-MA,107 min,"Comedies, International Movies, Romantic Movies"
s1901,Movie,,Oz Rodriguez,United States,2020-10-02,2020,PG-13,86 min,"Comedies, Horror Movies"
s1902,Movie,,Salvador Espinosa,Mexico,2020-10-02,2020,TV-MA,112 min,"Comedies, International Movies, Romantic Movies"
s1903,Movie,,Adrian Teh,Malaysia,2020-10-01,2020,TV-PG,102 min,"Action & Adventure, Comedies, International Movies"
s1904,Movie,,Brad Silberling,Serbia,2020-10-01,2017,R,91 min,"Dramas, Thrillers"
s1905,Movie,,"Elsa Flores Almaraz, Richard J Montoya",United States,2020-10-01,2019,TV-14,83 min,"Documentaries, LGBTQ Movies"
s1906,Movie,,Carey McKenzie,South Africa,2020-10-01,2013,TV-MA,73 min,"Action & Adventure, Dramas, International Movies"
s1910,Movie,,Gary Ross,United States,2020-10-01,2016,R,139 min,"Action & Adventure, Dramas"
s1920,Movie,,Mostafa Abu Seif,Not Given,2020-10-01,2019,TV-PG,91 min,"Comedies, International Movies, Romantic Movies"
s1912,Movie,,Adam Bolt,United States,2020-10-01,2019,TV-14,95 min,Documentaries
s1913,Movie,,Taika Waititi,New Zealand,2020-10-01,2016,PG-13,101 min,"Action & Adventure, Comedies, Dramas"
s1914,Movie,,"Lindsey Cordero, Armando Croda",United States,2020-10-01,2019,TV-MA,75 min,"Documentaries, International Movies"
s1917,Movie,,David LaChapelle,United States,2020-10-01,2005,PG-13,87 min,"Documentaries, Music & Musicals"
s1921,Movie,,Faris Godus,Saudi Arabia,2020-10-01,2020,TV-14,120 min,"Comedies, Independent Movies, International Movies"
s1922,Movie,,Rod Lurie,United States,2020-10-01,2020,R,123 min,"Action & Adventure, Dramas"
s1925,Movie,,Stacie Passon,United States,2020-10-01,2018,TV-14,95 min,"Dramas, Thrillers"
s1927,Movie,,Jenny Popplewell,United States,2020-09-30,2020,TV-MA,84 min,Documentaries
s1928,Movie,,Florian Schott,Namibia,2020-09-30,2019,TV-PG,29 min,"Dramas, International Movies"
s1932,Movie,,Joe Mantello,United States,2020-09-30,2020,R,122 min,"Dramas, LGBTQ Movies"
s1935,Movie,,Lee Hirsch,United States,2020-09-29,2012,PG-13,98 min,Documentaries
s1936,Movie,,Page Hurwitz,United States,2020-09-29,2020,TV-MA,59 min,Stand-Up Comedy
s1937,Movie,,Dallas Jackson,United States,2020-09-29,2020,R,80 min,Action & Adventure
s1938,Movie,,Lee Hirsch,South Africa,2020-09-28,2002,PG-13,103 min,"Documentaries, International Movies, Music & Musicals"
s1939,Movie,,Rajat Kapoor,India,2020-09-28,2013,TV-PG,104 min,"Dramas, Independent Movies, International Movies"
s1940,Movie,,Abhishek Chaubey,India,2020-09-28,2014,TV-14,146 min,"Comedies, Dramas, International Movies"
s1941,Movie,,Rohit Shetty,India,2020-09-28,2008,TV-MA,135 min,"Comedies, International Movies, Music & Musicals"
s1942,Movie,,Ken Ghosh,India,2020-09-28,2003,TV-PG,129 min,"Comedies, International Movies, Music & Musicals"
s1943,Movie,,Abhishek Chaubey,India,2020-09-28,2009,TV-14,115 min,"Comedies, International Movies, Romantic Movies"
s1944,Movie,,Imtiaz Ali,India,2020-09-28,2007,TV-14,143 min,"Comedies, International Movies, Music & Musicals"
s1945,Movie,,Indra Kumar,India,2020-09-28,1999,TV-14,173 min,"Dramas, International Movies, Romantic Movies"
s1946,Movie,,Navdeep Singh,India,2020-09-28,2007,TV-14,129 min,"Dramas, International Movies, Thrillers"
s1947,Movie,,Anees Bazmee,India,2020-09-28,2007,TV-PG,149 min,"Comedies, International Movies, Music & Musicals"
s1951,Movie,,Rikhil Bahadur,India,2020-09-26,2015,TV-14,98 min,"Dramas, Independent Movies, International Movies"
s1954,Movie,,Ozan Açıktan,Turkey,2020-09-25,2016,TV-MA,115 min,"Dramas, International Movies"
s1969,Movie,,Shigeaki Kubo,Japan,2020-09-20,2019,TV-MA,125 min,"Action & Adventure, International Movies"
s1958,Movie,,Shawn Levy,United States,2020-09-24,2011,PG-13,127 min,"Action & Adventure, Sci-Fi & Fantasy, Sports Movies"
s1960,Movie,,Harry Bradbeer,United Kingdom,2020-09-23,2020,PG-13,124 min,"Action & Adventure, Children & Family Movies, Dramas"
s1961,Movie,,"Joshua Tickell, Rebecca Harrell Tickell",United States,2020-09-22,2020,TV-G,85 min,Documentaries
s1963,Movie,,Sophia Nahli Allison,United States,2020-09-21,2020,TV-PG,20 min,Documentaries
s1964,Movie,,Norihisa Hiranuma,Japan,2020-09-20,2018,TV-PG,102 min,"Dramas, International Movies"
s1965,Movie,,Shigeaki Kubo,Japan,2020-09-20,2016,TV-MA,129 min,"Action & Adventure, International Movies"
s1966,Movie,,"Shigeaki Kubo, Tsuyoshi Nakakuki",Japan,2020-09-20,2017,TV-MA,124 min,"Action & Adventure, International Movies"
s1967,Movie,,"Shigeaki Kubo, Tsuyoshi Nakakuki",Japan,2020-09-20,2017,TV-MA,118 min,"Action & Adventure, International Movies"
s1968,Movie,,Yudai Yamaguchi,Japan,2020-09-20,2016,TV-MA,111 min,"Action & Adventure, International Movies"
s2026,Movie,,Vijay Maurya,India,2020-09-10,2016,TV-14,138 min,"Comedies, Dramas, International Movies"
s1970,Movie,,Shigeaki Kubo,Japan,2020-09-20,2016,TV-MA,94 min,"Action & Adventure, International Movies"
s1971,Movie,,Marwan Hamed,Egypt,2020-09-20,2019,TV-MA,130 min,"Horror Movies, International Movies, Thrillers"
s1972,Movie,,Smeep Kang,India,2020-09-19,2013,TV-14,117 min,"Comedies, International Movies"
s1973,Movie,,Raja Chanda,India,2020-09-19,2015,TV-14,137 min,"Action & Adventure, International Movies"
s1987,Movie,,Sekhar Kammula,India,2020-09-17,2014,TV-14,137 min,"International Movies, Thrillers"
s1975,Movie,,Tigmanshu Dhulia,India,2020-09-19,2013,TV-MA,139 min,"Dramas, International Movies, Romantic Movies"
s1976,Movie,,Akashdeep,India,2020-09-19,2016,TV-14,111 min,"Comedies, International Movies"
s1977,Movie,,Rajesh Ganguly,India,2020-09-19,2014,TV-MA,103 min,"Dramas, International Movies, Thrillers"
s1978,Movie,,Alankrita Shrivastava,India,2020-09-18,2020,TV-MA,120 min,"Dramas, Independent Movies, International Movies"
s1982,Movie,,Chandra Liow,Indonesia,2020-09-18,2020,TV-14,98 min,"Comedies, International Movies, Romantic Movies"
s1983,Movie,,Sekhar Kammula,India,2020-09-17,2014,TV-14,130 min,"International Movies, Thrillers"
s1985,Movie,,Florent Bodin,France,2020-09-17,2020,TV-MA,96 min,"Documentaries, International Movies, Music & Musicals"
s1986,Movie,,Gary Andrews,United Kingdom,2020-09-17,2020,TV-Y,61 min,"Children & Family Movies, Comedies"
s1988,Movie,,Merawi Gerima,United States,2020-09-17,2020,TV-MA,90 min,"Dramas, Independent Movies"
s1993,Movie,,Kubhaer T. Jethwani,Not Given,2020-09-16,2018,TV-MA,69 min,Stand-Up Comedy
s2005,Movie,,Steve Bencich,Not Given,2020-09-15,2020,PG,93 min,Children & Family Movies
s1996,Movie,,Antonio Campos,United States,2020-09-16,2020,R,139 min,"Dramas, Thrillers"
s1997,Movie,,Carles Torras,Spain,2020-09-16,2020,TV-MA,94 min,"Dramas, International Movies, Thrillers"
s1998,Movie,,James Watkins,United Kingdom,2020-09-16,2016,R,92 min,"Action & Adventure, International Movies"
s1999,TV Show,,Philippa Lowthorpe,United Kingdom,2020-09-15,2020,TV-MA,9 Seasons,"British TV Shows, International TV Shows, TV Dramas"
s2000,Movie,,Pailin Wedel,Thailand,2020-09-15,2020,TV-PG,80 min,"Documentaries, International Movies"
s2001,Movie,,Chris Howe,United Kingdom,2020-09-15,2020,TV-MA,63 min,Stand-Up Comedy
s2002,Movie,,Peter Sollett,France,2020-09-15,2002,R,88 min,"Dramas, Independent Movies, Romantic Movies"
s2004,Movie,,Raja Gosnell,United States,2020-09-15,2013,PG,105 min,"Children & Family Movies, Comedies"
s2006,Movie,,Tosin Coker,Nigeria,2020-09-14,2018,TV-MA,140 min,"Dramas, International Movies, Music & Musicals"
s2008,Movie,,Javier Colinas,Mexico,2020-09-11,2020,TV-14,103 min,"Children & Family Movies, Comedies, Dramas"
s2015,Movie,,Shaun Mir,Not Given,2020-09-11,2014,TV-14,69 min,Stand-Up Comedy
s2011,Movie,,Dean DeBlois,United States,2020-09-11,2014,PG,102 min,Children & Family Movies
s2012,Movie,,Reinhard Klooss,Germany,2020-09-11,2020,TV-Y7,93 min,"Children & Family Movies, Comedies"
s2016,Movie,,Satish Rajwade,India,2020-09-10,2018,TV-14,133 min,"Dramas, International Movies, Thrillers"
s2017,Movie,,Abhijeet Deshpande,India,2020-09-10,2018,TV-14,157 min,"Dramas, International Movies"
s2018,Movie,,Mahesh Manjrekar,India,2020-09-10,2019,TV-14,116 min,"Dramas, International Movies"
s2019,Movie,,Mahesh Manjrekar,India,2020-09-10,2019,TV-PG,112 min,"Dramas, International Movies"
s2020,Movie,,Prakash Kunte,India,2020-09-10,2018,TV-PG,96 min,"Comedies, Dramas, International Movies"
s2021,Movie,,Manish Saini,India,2020-09-10,2017,TV-G,127 min,"Children & Family Movies, Dramas, International Movies"
s2023,TV Show,,Kenny Ortega,United States,2020-09-10,2020,TV-G,1 Season,"Kids' TV, TV Comedies"
s2024,Movie,,Makarand Mane,India,2020-09-10,2019,TV-MA,130 min,"Dramas, International Movies, Romantic Movies"
s2025,Movie,,Hakan Algül,Turkey,2020-09-10,2018,TV-MA,93 min,"Comedies, International Movies, Romantic Movies"
s2027,Movie,,Sameer Patil,India,2020-09-10,2016,TV-14,138 min,"Comedies, Dramas, International Movies"
s2028,Movie,,"Kenzo Maihara, Amandha Wyanto",Indonesia,2020-09-10,2017,TV-G,92 min,Children & Family Movies
s2029,Movie,,Ahmed Nader Galal,Egypt,2020-09-10,2018,TV-14,110 min,"Dramas, International Movies, Thrillers"
s2030,Movie,,McG,United States,2020-09-10,2020,TV-MA,102 min,"Comedies, Horror Movies"
s2031,Movie,,Arati Kadav,India,2020-09-09,2020,TV-14,113 min,"Comedies, Dramas, Independent Movies"
s2032,Movie,,Maïmouna Doucouré,France,2020-09-09,2020,TV-MA,96 min,"Dramas, International Movies"
s2034,TV Show,,Pepe Mora,Spain,2020-09-09,2020,TV-MA,1 Season,"Crime TV Shows, Docuseries, International TV Shows"
s2035,Movie,,Marcos Carnevale,Argentina,2020-09-09,2020,TV-14,108 min,"Comedies, International Movies, Music & Musicals"
s2036,Movie,,Jeff Orlowski,United States,2020-09-09,2020,PG-13,94 min,Documentaries
s2037,Movie,,Cho Il,South Korea,2020-09-08,2020,TV-MA,99 min,"Horror Movies, International Movies, Thrillers"
s2039,Movie,,"Pippa Ehrlich, James Reed",South Africa,2020-09-07,2020,TV-G,86 min,"Children & Family Movies, Documentaries, International Movies"
s2040,Movie,,Tolga Karaçelik,Turkey,2020-09-07,2010,TV-MA,98 min,"Dramas, Independent Movies, International Movies"
s2042,Movie,,Davis Guggenheim,United States,2020-09-07,2010,PG,111 min,Documentaries
s2044,Movie,,Philip Barantini,United Kingdom,2020-09-05,2020,R,97 min,Dramas
s2046,Movie,,Charlie Kaufman,United States,2020-09-04,2020,R,135 min,"Dramas, Independent Movies"
s2631,Movie,,Khaled Marei,Egypt,2020-04-25,2010,TV-MA,132 min,"Comedies, Dramas, International Movies"
s2047,Movie,,Jayan Moodley,South Africa,2020-09-04,2019,TV-14,93 min,"Comedies, Dramas, International Movies"
s2049,Movie,,Abba T. Makama,Nigeria,2020-09-04,2019,TV-MA,94 min,"Comedies, Dramas, Independent Movies"
s2050,Movie,,Antoinette Jadaone,Philippines,2020-09-04,2015,TV-14,117 min,"Comedies, International Movies, Romantic Movies"
s2051,Movie,,"Junior Carelli, Rudge Campos",Brazil,2020-09-03,2020,TV-MA,63 min,Stand-Up Comedy
s2052,Movie,,Ertanto Robby Soediskam,Indonesia,2020-09-03,2018,TV-PG,73 min,"Dramas, Independent Movies, International Movies"
s2053,Movie,,Mark Steven Johnson,United States,2020-09-03,2020,TV-PG,91 min,"Comedies, Independent Movies, Romantic Movies"
s2056,Movie,,Felix Binder,Germany,2020-09-02,2020,TV-MA,93 min,"Dramas, Independent Movies, International Movies"
s2057,Movie,,Thor Freudenthal,Germany,2020-09-02,2009,PG,101 min,"Children & Family Movies, Comedies"
s2058,Movie,,Nguyen Thanh Tung,Vietnam,2020-09-02,2020,TV-G,93 min,"Documentaries, International Movies, Music & Musicals"
s2060,Movie,,Baltasar Kormákur,Hong Kong,2020-09-01,2018,PG-13,96 min,"Action & Adventure, Dramas, Romantic Movies"
s2061,Movie,,Dan Villegas,Philippines,2020-09-01,2016,TV-14,112 min,"International Movies, Romantic Movies"
s2062,Movie,,Conrad Helten,Netherlands,2020-09-01,2020,TV-Y,72 min,"Children & Family Movies, Music & Musicals"
s2083,Movie,,Shamzu Zayba,India,2020-08-31,2020,TV-14,110 min,"Comedies, International Movies, Romantic Movies"
s2066,Movie,,Ayumu Watanabe,Japan,2020-09-01,2019,TV-PG,112 min,"Anime Features, International Movies"
s2068,Movie,,Hitoshi Namba,Japan,2020-09-01,2016,TV-14,72 min,"Action & Adventure, Anime Features, International Movies"
s2072,Movie,,Chris Miller,United States,2020-09-01,2011,PG,92 min,"Children & Family Movies, Comedies"
s2073,Movie,,Sean Anders,United States,2020-09-01,2008,R,109 min,Comedies
s2075,Movie,,Abbas Mustan,India,2020-09-01,1998,TV-14,155 min,"Comedies, Dramas, International Movies"
s2076,Movie,,Duncan McMath,Spain,2020-09-01,2018,TV-MA,109 min,"Documentaries, International Movies, Sports Movies"
s2077,Movie,,"Dan Forgione, Pete Jacobs, Matt Whitlock",United States,2020-09-01,2020,TV-Y7,115 min,"Children & Family Movies, Comedies"
s2078,Movie,,Francesco Carnesecchi,Italy,2020-09-01,2020,TV-MA,97 min,"Dramas, International Movies, Sports Movies"
s2080,Movie,,Raja Gosnell,United States,2020-09-01,2011,PG,103 min,"Children & Family Movies, Comedies"
s2081,TV Show,,Greg Tiernan,United Kingdom,2020-09-01,2020,TV-Y,2 Seasons,"British TV Shows, Classic & Cult TV, Kids' TV"
s2082,Movie,,"Mark Thornton, Todd Kauffman",Canada,2020-09-01,2020,TV-Y,24 min,Children & Family Movies
s2084,Movie,,Jesse V. Johnson,United States,2020-08-31,2020,TV-MA,97 min,Action & Adventure
s2085,Movie,,Brett Haley,United States,2020-08-29,2020,PG,94 min,Dramas
s2088,Movie,,"Chris Roland, Maradona Dias Dos Santos",South Africa,2020-08-28,2020,TV-MA,107 min,"Action & Adventure, International Movies"
s2089,Movie,,David Galán Galindo,Spain,2020-08-28,2020,TV-MA,97 min,"International Movies, Thrillers"
s2091,Movie,,David Moreton,United States,2020-08-27,1998,TV-MA,103 min,"Comedies, Dramas, Independent Movies"
s2092,Movie,,Lester Hsi,Taiwan,2020-08-27,2020,TV-MA,88 min,"Horror Movies, International Movies, Thrillers"
s2093,Movie,,Cyrus Nowrasteh,United States,2020-08-27,2016,PG-13,111 min,"Dramas, Faith & Spirituality"
s2095,Movie,,Isabel Sandoval,United States,2020-08-26,2019,TV-MA,94 min,"Dramas, International Movies, LGBTQ Movies"
s2096,Movie,,Nathan Wiley,United States,2020-08-26,2020,TV-MA,33 min,Documentaries
s2101,Movie,,Wayne Blair,United States,2020-08-24,2016,PG-13,110 min,"Dramas, Thrillers"
s2104,Movie,,Atul Sabharwal,India,2020-08-21,2020,TV-14,98 min,"Dramas, International Movies, Thrillers"
s2105,Movie,,Bernardo Arellano,Mexico,2020-08-21,2020,TV-MA,81 min,"Horror Movies, Independent Movies, International Movies"
s2108,Movie,,Trish Sie,United States,2020-08-21,2020,TV-PG,104 min,"Action & Adventure, Children & Family Movies, Comedies"
s2109,TV Show,,Hong Won-ki,South Korea,2020-08-20,2020,TV-MA,1 Season,"International TV Shows, TV Horror, TV Mysteries"
s2111,Movie,,Khaled Marei,Egypt,2020-08-20,2019,TV-MA,121 min,"Comedies, International Movies"
s2112,Movie,,Sebastián Schindel,Argentina,2020-08-20,2020,TV-14,100 min,"Dramas, International Movies"
s2116,Movie,,Fred Wolf,United States,2020-08-18,2019,R,97 min,Comedies
s2117,Movie,,Niyi Akinmolayan,Nigeria,2020-08-18,2017,TV-PG,75 min,"Comedies, Dramas, International Movies"
s2118,Movie,,Sammaria Sari Simanjuntak,Indonesia,2020-08-17,2020,TV-PG,102 min,"Comedies, Dramas, International Movies"
s2120,Movie,,Chairun Nissa,Indonesia,2020-08-17,2018,TV-PG,88 min,"Documentaries, Faith & Spirituality, International Movies"
s2121,Movie,,Tom Hooper,United Kingdom,2020-08-16,2012,PG-13,158 min,"Dramas, International Movies, Music & Musicals"
s2122,Movie,,Sergei Bodrov,United States,2020-08-16,2014,PG-13,102 min,"Action & Adventure, Sci-Fi & Fantasy"
s2115,Movie,,Prakash Satam,Not Given,2020-08-19,2020,TV-Y7,70 min,"Children & Family Movies, Comedies"
s2129,Movie,,Anna Stone,Not Given,2020-08-14,2020,TV-G,59 min,"Documentaries, International Movies, Sports Movies"
s2127,Movie,,Ashutosh Gowariker,India,2020-08-15,2009,TV-PG,203 min,"Comedies, International Movies, Music & Musicals"
s2130,Movie,,Cory Edwards,Canada,2020-08-14,2020,TV-Y7,92 min,"Children & Family Movies, Comedies"
s2131,Movie,,Faraday Okoro,United States,2020-08-14,2018,TV-MA,104 min,"Dramas, Independent Movies"
s2132,Movie,,Blair Simmons,United Kingdom,2020-08-14,2020,TV-Y,72 min,Children & Family Movies
s2133,Movie,,"Henry Joost, Ariel Schulman",United States,2020-08-14,2020,R,113 min,Action & Adventure
s2138,Movie,,Rebecca Zlotowski,France,2020-08-13,2019,TV-MA,93 min,"Comedies, Dramas, International Movies"
s2139,Movie,,Antonio Campos,United Kingdom,2020-08-13,2016,R,119 min,"Dramas, Independent Movies"
s2140,Movie,,Antonio Campos,United States,2020-08-13,2012,TV-MA,105 min,"Dramas, Independent Movies, Thrillers"
s2148,Movie,,Kunle Afolayan,Nigeria,2020-08-08,2018,TV-14,113 min,"Dramas, International Movies"
s2142,Movie,,Sharan Sharma,India,2020-08-12,2020,TV-14,113 min,"Action & Adventure, Dramas, International Movies"
s2143,Movie,,Rob Minkoff,United States,2020-08-11,2014,PG,93 min,"Children & Family Movies, Comedies, Sci-Fi & Fantasy"
s2144,Movie,,Tyler Spindel,United States,2020-08-11,2020,TV-MA,44 min,Stand-Up Comedy
s2147,Movie,,Vicky Wight,United States,2020-08-10,2020,PG-13,110 min,"Dramas, Romantic Movies"
s2150,Movie,,Marc Meyers,United States,2020-08-08,2020,R,90 min,"Horror Movies, Thrillers"
s2151,Movie,,Franziska Meyer Price,Germany,2020-08-07,2020,TV-MA,82 min,"Comedies, International Movies"
s2155,Movie,,Steven Rinella,United States,2020-08-07,2018,TV-14,69 min,Documentaries
s2156,Movie,,Richard Weston,United States,2020-08-07,2020,TV-Y,46 min,Children & Family Movies
s2160,Movie,,Laura Terruso,United States,2020-08-07,2020,TV-14,94 min,Comedies
s2162,Movie,,Martín Sastre,Uruguay,2020-08-06,2020,TV-PG,72 min,"Documentaries, International Movies, Music & Musicals"
s2167,Movie,,"Stanley Moore, Alex Woo",United States,2020-08-04,2020,TV-Y,21 min,Children & Family Movies
s2164,Movie,,Franck Nataf,France,2020-08-05,2020,TV-14,95 min,"Documentaries, International Movies, Sports Movies"
s2168,Movie,,Savage Steve Holland,United States,2020-08-04,2020,TV-G,71 min,"Children & Family Movies, Comedies"
s2170,Movie,,Kristian Mercado,United States,2020-08-04,2020,TV-MA,64 min,Stand-Up Comedy
s2172,Movie,,Mike Doyle,United States,2020-08-02,2020,TV-MA,92 min,"Comedies, Dramas, Independent Movies"
s2173,Movie,,Darren Grant,United States,2020-08-01,2017,R,80 min,Comedies
s2177,Movie,,Mike Gunther,United States,2020-08-01,2020,R,104 min,Action & Adventure
s2178,Movie,,Steve Ball,Canada,2020-08-01,2020,TV-Y,25 min,Children & Family Movies
s2198,Movie,,Matias Mariani,Brazil,2020-07-29,2020,TV-MA,103 min,"Dramas, Independent Movies, International Movies"
s2165,Movie,,Pascal Amanfo,Not Given,2020-08-05,2019,TV-14,101 min,"International Movies, Thrillers"
s2183,Movie,,Mfanelo Ngoma,Not Given,2020-08-01,2020,TV-MA,72 min,Stand-Up Comedy
s2180,Movie,,Joseph Ruben,Turkey,2020-08-01,2017,R,111 min,"Dramas, Romantic Movies"
s2195,TV Show,,Nopparoj Chotmunkongsit,Not Given,2020-07-30,2020,TV-MA,1 Season,"International TV Shows, Romantic TV Shows, TV Comedies"
s2184,Movie,,Colin Minihan,Canada,2020-08-01,2018,R,99 min,"LGBTQ Movies, Thrillers"
s2186,Movie,,"Regina Welker, Nina Wels",Germany,2020-07-31,2020,TV-Y,83 min,"Children & Family Movies, Comedies"
s2187,Movie,,Honey Trehan,India,2020-07-31,2020,TV-MA,150 min,"Dramas, International Movies, Thrillers"
s2188,Movie,,"Katleho Ramaphakela, Rethabile Ramaphakela",South Africa,2020-07-31,2020,TV-MA,108 min,"Comedies, International Movies, Romantic Movies"
s2189,Movie,,Ariel Boles,United States,2020-07-31,2020,TV-G,44 min,Children & Family Movies
s2192,Movie,,Álvaro Delgado-Aparicio L.,Peru,2020-07-30,2017,TV-MA,102 min,"Dramas, International Movies"
s2194,Movie,,Venkatesh Maha,India,2020-07-30,2020,TV-MA,137 min,"Comedies, Dramas, Independent Movies"
s2196,Movie,,Aniedi Anwah,Nigeria,2020-07-29,2016,TV-MA,112 min,"Comedies, International Movies, Romantic Movies"
s2197,Movie,,Mickey Fonseca,Mozambique,2020-07-29,2019,TV-MA,102 min,"Dramas, International Movies, Thrillers"
s2199,Movie,,Jan Komasa,Poland,2020-07-29,2020,TV-MA,136 min,"Dramas, International Movies, Thrillers"
s2200,Movie,,Sue Kim,United States,2020-07-29,2020,TV-PG,41 min,Documentaries
s2201,Movie,,Paul Solet,United States,2020-07-29,2019,TV-MA,88 min,Documentaries
s2203,Movie,,Ben Kasulke,United States,2020-07-26,2020,TV-MA,84 min,"Comedies, Dramas, Independent Movies"
s2205,Movie,,Gagan Puri,India,2020-07-25,2020,TV-14,114 min,"Comedies, International Movies"
s2206,Movie,,Teddy Chan,China,2020-07-25,2020,TV-14,110 min,"Action & Adventure, International Movies"
s2207,Movie,,Bhavin Wadia,India,2020-07-25,2016,TV-MA,103 min,"Dramas, Independent Movies, International Movies"
s2208,Movie,,"Tony Bancroft, Scott Christian Sava",China,2020-07-24,2020,TV-Y7,106 min,"Children & Family Movies, Comedies"
s2209,Movie,,"Greg Rankin, TJ Sullivan",United States,2020-07-24,2020,TV-Y,46 min,"Children & Family Movies, Comedies"
s2210,Movie,,Tope Alake,Nigeria,2020-07-24,2019,TV-MA,115 min,"Dramas, International Movies"
s2211,Movie,,Fernando González Molina,Spain,2020-07-24,2020,TV-MA,140 min,"International Movies, Thrillers"
s2212,Movie,,Yuki Tanada,Japan,2020-07-24,2020,TV-MA,124 min,"Dramas, International Movies, Romantic Movies"
s2214,Movie,,Vince Marcello,United Kingdom,2020-07-24,2020,TV-14,133 min,"Comedies, Romantic Movies"
s2215,TV Show,,Alex Gibney,United States,2020-07-23,2015,TV-14,1 Season,Docuseries
s2216,Movie,,Ahn Byoung-wook,South Korea,2020-07-23,2020,TV-Y7,91 min,"Children & Family Movies, Comedies"
s2217,Movie,,Sibusiso Khuzwayo,South Africa,2020-07-23,2019,TV-PG,30 min,"Dramas, International Movies"
s2220,Movie,,"Lisa Cortés, Farah X",United States,2020-07-22,2019,TV-MA,67 min,"Documentaries, Music & Musicals"
s2221,Movie,,Wilson Yip,Hong Kong,2020-07-21,2019,TV-MA,105 min,"Action & Adventure, Dramas, International Movies"
s2222,Movie,,"Dave Skinner, Freddie Waters",United Kingdom,2020-07-21,2020,TV-MA,58 min,Stand-Up Comedy
s2225,Movie,,Denis Do,France,2020-07-18,2018,TV-14,87 min,"Dramas, International Movies"
s2229,Movie,,"Leslye Davis, Catrin Einhorn",United States,2020-07-17,2020,R,100 min,Documentaries
s2232,Movie,,"Toka McBaror, Tunde Apalowo",Nigeria,2020-07-17,2019,TV-MA,95 min,"Comedies, International Movies"
s2233,Movie,,Peter Sullivan,United States,2020-07-16,2020,TV-14,90 min,Thrillers
s2234,Movie,,Axelle Laffont,France,2020-07-16,2018,TV-MA,102 min,"Comedies, International Movies, Romantic Movies"
s2235,Movie,,Moses Inwang,Nigeria,2020-07-15,2019,TV-14,98 min,"Dramas, International Movies, Romantic Movies"
s2240,Movie,,Daniel Oriahi,Nigeria,2020-07-15,2018,TV-14,104 min,"Dramas, International Movies, Thrillers"
s2241,Movie,,Stefano Mordini,Italy,2020-07-15,2020,TV-MA,89 min,"Comedies, International Movies"
s2253,Movie,,Funke Akindele,Not Given,2020-07-10,2019,TV-G,120 min,"Comedies, International Movies"
s2243,Movie,,Hayden Guppy,Australia,2020-07-14,2020,TV-MA,62 min,Stand-Up Comedy
s2244,Movie,,Stéphane de Freitas,France,2020-07-14,2020,TV-MA,86 min,"Documentaries, International Movies, Music & Musicals"
s2245,Movie,,"André Odendaal, Johan Vorster",South Africa,2020-07-11,2016,TV-MA,104 min,"Dramas, International Movies"
s2246,TV Show,,Cassia Dian,Brazil,2020-07-10,2020,TV-14,1 Season,"International TV Shows, Reality TV, Romantic TV Shows"
s2248,Movie,,Amro Salah,Egypt,2020-07-10,2018,TV-14,101 min,"Comedies, International Movies"
s2249,Movie,,Sue Ding,United States,2020-07-10,2020,TV-14,17 min,Documentaries
s2251,Movie,,Gina Prince-Bythewood,United States,2020-07-10,2020,R,126 min,Action & Adventure
s2252,TV Show,,Wouter Bouvijn,Belgium,2020-07-10,2019,TV-MA,1 Season,"Crime TV Shows, International TV Shows, TV Dramas"
s2257,Movie,,Bryn Evans,New Zealand,2020-07-08,2018,R,89 min,"Documentaries, Sports Movies"
s2258,Movie,,"Cristina Costantini, Kareem Tabsch",United States,2020-07-08,2020,TV-14,96 min,"Documentaries, LGBTQ Movies"
s2260,Movie,,Hannah Fidell,United States,2020-07-08,2018,R,91 min,"Comedies, Independent Movies"
s2261,Movie,,"Chris Renaud, Kyle Balda",United States,2020-07-07,2012,PG,86 min,Children & Family Movies
s2263,Movie,,"Coodie, Chike",United States,2020-07-06,2019,TV-MA,89 min,"Documentaries, Sports Movies"
s2265,Movie,,Sachin Kundalkar,India,2020-07-05,2012,TV-14,151 min,"Comedies, International Movies, Music & Musicals"
s2266,Movie,,Puri Jagannadh,India,2020-07-05,2011,TV-14,116 min,"Action & Adventure, Comedies, Dramas"
s2267,Movie,,Vishal Mahadkar,India,2020-07-05,2012,TV-14,110 min,"Dramas, International Movies, Romantic Movies"
s2268,Movie,,"Anurag Kashyap, Dibakar Banerjee, Karan Johar, Zoya Akhtar",India,2020-07-05,2013,TV-MA,123 min,"Dramas, International Movies"
s2269,Movie,,Anthony D'Souza,India,2020-07-05,2013,TV-14,139 min,"Action & Adventure, Comedies, Dramas"
s2270,Movie,,Soumendra Padhi,India,2020-07-05,2016,TV-MA,95 min,"Dramas, Independent Movies, International Movies"
s2271,Movie,,David Dhawan,India,2020-07-05,2013,TV-14,121 min,"Comedies, International Movies, Music & Musicals"
s2272,Movie,,Fuwad Khan,India,2020-07-05,2015,TV-PG,127 min,"Comedies, Dramas, International Movies"
s2273,Movie,,Nishikant Kamat,India,2020-07-05,2015,TV-14,162 min,"Dramas, International Movies, Thrillers"
s2274,Movie,,Krish,India,2020-07-05,2015,TV-14,128 min,"Action & Adventure, Dramas, International Movies"
s2275,Movie,,Kabir Sadanand,India,2020-07-05,2014,TV-14,112 min,"Action & Adventure, Comedies, International Movies"
s2276,TV Show,,Rachit Kusonkoonsiri,Thailand,2020-07-05,2020,TV-MA,1 Season,"International TV Shows, Romantic TV Shows, TV Comedies"
s2277,Movie,,Sudhir Mishra,India,2020-07-05,2013,TV-MA,125 min,"Dramas, International Movies, Romantic Movies"
s2278,Movie,,Shoojit Sircar,India,2020-07-05,2013,TV-14,128 min,"Dramas, International Movies, Thrillers"
s2279,Movie,,Omung Kumar,India,2020-07-05,2014,TV-PG,120 min,"Dramas, International Movies, Sports Movies"
s2262,Movie,,Scott Zabielski,United States,2020-07-07,2020,TV-MA,67 min,Stand-Up Comedy
s2264,Movie,,QLF,Not Given,2020-07-06,2020,TV-MA,65 min,"International Movies, Music & Musicals"
s2280,Movie,,Ribhu Dasgupta,India,2020-07-05,2011,TV-MA,86 min,"Dramas, Independent Movies, International Movies"
s2281,Movie,,Satish Rajwade,India,2020-07-05,2014,TV-MA,107 min,"Comedies, International Movies, Romantic Movies"
s2282,Movie,,Umesh Shukla,India,2020-07-05,2012,TV-PG,129 min,"Comedies, Dramas, International Movies"
s2283,Movie,,Devika Bhagat,India,2020-07-05,2014,TV-14,135 min,"Comedies, Dramas, International Movies"
s2284,Movie,,Takashi Doscher,United States,2020-07-05,2019,TV-MA,97 min,"Dramas, Independent Movies, Romantic Movies"
s2285,Movie,,Shubham Singh,India,2020-07-05,2019,TV-14,125 min,"Dramas, Independent Movies, International Movies"
s2286,Movie,,"Abbas Alibhai Burmawalla, Mastan Alibhai Burmawalla",India,2020-07-05,2012,TV-14,162 min,"Action & Adventure, International Movies"
s2287,Movie,,Luv Ranjan,India,2020-07-05,2015,TV-MA,136 min,"Comedies, Dramas, International Movies"
s2288,Movie,,Vikas Bahl,India,2020-07-05,2014,TV-MA,138 min,"Comedies, Dramas, International Movies"
s2289,Movie,,Bejoy Nambiar,India,2020-07-05,2011,TV-MA,126 min,"Action & Adventure, Dramas, Independent Movies"
s2290,Movie,,Neeraj Pandey,India,2020-07-05,2013,TV-PG,137 min,"Dramas, International Movies, Thrillers"
s2291,Movie,,Aanand Rai,India,2020-07-05,2011,TV-14,114 min,"Comedies, Dramas, International Movies"
s2292,Movie,,Gurmmeet Singh,India,2020-07-05,2013,TV-14,96 min,"Comedies, International Movies"
s2295,Movie,,LP,United States,2020-07-03,2020,TV-MA,107 min,"Comedies, Romantic Movies"
s2296,Movie,,Rako Prijanto,Indonesia,2020-07-03,2020,TV-MA,89 min,"Dramas, International Movies"
s2297,Movie,,Raoul Peck,Switzerland,2020-07-03,2017,PG-13,94 min,Documentaries
s2398,Movie,,Michael McKay,United States,2020-06-12,2020,TV-MA,55 min,Stand-Up Comedy
s2301,Movie,,Shirley Frimpong-Manso,Ghana,2020-07-03,2019,TV-MA,148 min,"Comedies, Dramas, International Movies"
s2303,Movie,,"Fabio Ock, Joana Mazzucchelli",Brazil,2020-07-02,2020,TV-MA,82 min,Stand-Up Comedy
s2305,Movie,,"Sabina Fedeli, Anna Migotto",Italy,2020-07-01,2019,TV-14,95 min,"Documentaries, International Movies"
s2308,TV Show,,Kyran Kelly,United States,2020-07-01,2019,TV-Y,1 Season,Kids' TV
s2309,Movie,,Salvador Calvo,Spain,2020-07-01,2020,TV-MA,120 min,"Dramas, International Movies"
s2310,Movie,,Cem Yılmaz,Turkey,2020-07-01,2015,TV-MA,115 min,"Action & Adventure, Comedies, International Movies"
s2311,Movie,,Barry Avrich,Canada,2020-07-01,2019,TV-MA,107 min,"Documentaries, Music & Musicals"
s2312,Movie,,Bruce Beresford,United States,2020-07-01,1999,R,105 min,Thrillers
s2313,Movie,,Cem Yılmaz,Turkey,2020-07-01,2014,TV-MA,134 min,"Comedies, International Movies"
s2315,Movie,,Matthew Vaughn,United Kingdom,2020-07-01,2007,PG-13,128 min,"Action & Adventure, International Movies, Romantic Movies"
s2316,Movie,,Michael Duggan,United States,2020-07-01,2019,TV-MA,103 min,Comedies
s2317,Movie,,"Almudena Carracedo, Robert Bahar",Spain,2020-07-01,2019,TV-14,96 min,"Documentaries, International Movies"
s2318,Movie,,Paul Verhoeven,United States,2020-07-01,1990,R,114 min,"Action & Adventure, Sci-Fi & Fantasy"
s2320,Movie,,Younuts!,Italy,2020-07-01,2020,TV-MA,102 min,"Comedies, International Movies, Romantic Movies"
s2327,Movie,,Abhijit Panse,India,2020-06-28,2019,TV-14,135 min,"Dramas, International Movies"
s2322,Movie,,Troy Miller,United States,2020-06-30,2020,TV-MA,52 min,Stand-Up Comedy
s2324,Movie,,Obi Emelonye,United Kingdom,2020-06-30,2011,TV-14,86 min,"Action & Adventure, Dramas, International Movies"
s2325,Movie,,Rako Prijanto,Indonesia,2020-06-28,2020,TV-G,104 min,"Dramas, International Movies, Romantic Movies"
s2326,Movie,,Daniel Effiong,Nigeria,2020-06-28,2019,TV-MA,76 min,"Documentaries, International Movies"
s2329,Movie,,Rachel Griffiths,Australia,2020-06-27,2020,PG,99 min,"Children & Family Movies, Dramas, Independent Movies"
s2331,Movie,,David Dobkin,United States,2020-06-26,2020,PG-13,124 min,"Comedies, Music & Musicals, Romantic Movies"
s2333,Movie,,Oluseyi Asurf,Nigeria,2020-06-26,2019,TV-14,117 min,"Comedies, International Movies, Romantic Movies"
s2334,Movie,,Eduardo Roy Jr.,Philippines,2020-06-26,2016,TV-MA,107 min,"Dramas, Independent Movies, International Movies"
s2337,Movie,,Abhijit Panse,India,2020-06-26,2019,TV-14,135 min,"Dramas, International Movies"
s2339,Movie,,Ravikanth Perepu,India,2020-06-25,2020,TV-MA,126 min,"International Movies, Romantic Movies"
s2340,Movie,,Sooraj R. Barjatya,India,2020-06-25,2015,TV-14,164 min,"Action & Adventure, Dramas, International Movies"
s2341,Movie,,Sooraj R. Barjatya,India,2020-06-25,2006,TV-14,166 min,"Dramas, International Movies, Romantic Movies"
s2342,Movie,,"Bonni Cohen, Jon Shenk",United States,2020-06-24,2020,PG-13,104 min,"Documentaries, Sports Movies"
s2343,Movie,,Anvita Dutt,India,2020-06-24,2020,TV-MA,94 min,"Horror Movies, International Movies"
s2345,Movie,,Gaspar Antillo,Chile,2020-06-24,2020,TV-MA,92 min,"Dramas, Independent Movies, International Movies"
s2346,Movie,,Eric Notarnicola,United States,2020-06-23,2020,TV-MA,52 min,Stand-Up Comedy
s2348,Movie,,Musthafa,India,2020-06-22,2020,TV-14,112 min,"Dramas, Independent Movies, International Movies"
s2349,Movie,,Ishaya Bako,Nigeria,2020-06-22,2017,TV-PG,90 min,"Comedies, International Movies, Romantic Movies"
s2351,Movie,,"Kate Mulleavy, Laura Mulleavy",United States,2020-06-21,2017,R,101 min,"Dramas, Independent Movies, Thrillers"
s2352,Movie,,Akhigbe Ilozobhie,Nigeria,2020-06-20,2019,TV-MA,84 min,"Dramas, International Movies"
s2354,Movie,,Apurva Dhar Badgaiyann,India,2020-06-19,2020,TV-MA,112 min,"Comedies, Dramas, International Movies"
s2355,Movie,,Youssef Chahine,Egypt,2020-06-19,1997,TV-14,136 min,"Dramas, International Movies"
s2357,Movie,,Elissa Down,United States,2020-06-19,2020,TV-G,110 min,"Children & Family Movies, Comedies, Dramas"
s2359,Movie,,Guillaume Pierret,France,2020-06-19,2020,TV-MA,93 min,"Action & Adventure, Dramas, International Movies"
s2371,Movie,,Pablo Aulita,Not Given,2020-06-18,2020,TV-PG,48 min,"Documentaries, International Movies, Sports Movies"
s2361,Movie,,Ozan Açıktan,Turkey,2020-06-19,2020,TV-MA,90 min,"Dramas, International Movies, Romantic Movies"
s2362,Movie,,Youssef Chahine,Egypt,2020-06-19,1994,TV-14,130 min,"Dramas, International Movies"
s2364,Movie,,Olivier Assayas,France,2020-06-19,2020,TV-MA,128 min,"Dramas, International Movies, Thrillers"
s2365,Movie,,"Junichi Sato, Tomotaka Shibayama",Japan,2020-06-18,2020,TV-PG,104 min,"Anime Features, Children & Family Movies, International Movies"
s2366,Movie,,Youssef Chahine,Egypt,2020-06-18,1979,TV-MA,131 min,"Classic Movies, Dramas, International Movies"
s2367,Movie,,Youssef Chahine,Egypt,2020-06-18,1989,TV-MA,109 min,"Classic Movies, Dramas, International Movies"
s2368,Movie,,Youssef Chahine,Egypt,2020-06-18,1982,TV-MA,129 min,"Classic Movies, Dramas, Independent Movies"
s2369,Movie,,Youssef Chahine,Egypt,2020-06-18,1958,TV-14,73 min,"Classic Movies, Dramas, International Movies"
s2370,Movie,,Youssef Chahine,Egypt,2020-06-18,1956,TV-14,104 min,"Classic Movies, Dramas, International Movies"
s2372,Movie,,Eduardo Roy Jr.,Philippines,2020-06-18,2019,TV-14,114 min,"Comedies, International Movies"
s2373,Movie,,Manatsanun Phanlerdwongsakul,Thailand,2020-06-18,2020,TV-G,86 min,"Documentaries, International Movies, Music & Musicals"
s2374,Movie,,Youssef Chahine,Egypt,2020-06-18,1963,TV-MA,194 min,"Action & Adventure, Classic Movies, Dramas"
s2375,Movie,,Georges Hachem,Lebanon,2020-06-18,2010,TV-MA,76 min,"Dramas, International Movies, Romantic Movies"
s2376,Movie,,Youssef Chahine,Egypt,2020-06-18,1954,TV-14,116 min,"Classic Movies, Dramas, International Movies"
s2377,Movie,,Youssef Chahine,Egypt,2020-06-18,1970,TV-MA,130 min,"Classic Movies, Dramas, International Movies"
s2378,Movie,,Peter Lepeniotis,Canada,2020-06-18,2014,PG,85 min,"Children & Family Movies, Comedies"
s4654,Movie,,Madeleine Gavin,United States,2018-09-07,2018,TV-MA,77 min,Documentaries
s2380,Movie,,Jim Hosking,United Kingdom,2020-06-17,2018,R,108 min,"Comedies, Independent Movies"
s2381,Movie,,Paco Aguilar,United States,2020-06-17,2020,TV-PG,81 min,"Children & Family Movies, Dramas, Faith & Spirituality"
s2382,Movie,,Obi Emelonye,Nigeria,2020-06-16,2012,TV-14,76 min,"Dramas, International Movies"
s2383,Movie,,Greg McLean,United States,2020-06-16,2016,PG-13,92 min,"Horror Movies, Thrillers"
s2386,Movie,,Juan José Campanella,Argentina,2020-06-15,2013,PG,85 min,"Children & Family Movies, Sports Movies"
s2387,Movie,,Adrian Teh,Malaysia,2020-06-15,2019,TV-14,108 min,"Action & Adventure, Dramas, International Movies"
s2388,Movie,,Ishaya Bako,Nigeria,2020-06-13,2019,TV-MA,120 min,"Dramas, International Movies, Thrillers"
s2390,Movie,,A. Raajdheep,India,2020-06-13,2020,TV-14,117 min,"Dramas, International Movies"
s2392,Movie,,"Fajar Bustomi, Pidi Baiq",Indonesia,2020-06-13,2020,TV-14,100 min,"Dramas, International Movies, Romantic Movies"
s2393,Movie,,Nicholas Kharkongor,India,2020-06-12,2020,TV-MA,101 min,"Comedies, Dramas, Independent Movies"
s2394,Movie,,Spike Lee,United States,2020-06-12,2020,R,156 min,"Action & Adventure, Dramas"
s2399,Movie,,Kitaro Kosaka,Japan,2020-06-12,2018,PG,96 min,"Anime Features, Children & Family Movies"
s2403,Movie,,Ali F. Mostafa,United Arab Emirates,2020-06-11,2014,TV-MA,104 min,"Comedies, Dramas, International Movies"
s2404,Movie,,Ayman Makram,Saudi Arabia,2020-06-11,2008,TV-14,101 min,"Comedies, International Movies"
s2406,TV Show,,Rob Seidenglanz,United States,2020-06-10,2020,TV-14,5 Seasons,"TV Action & Adventure, TV Sci-Fi & Fantasy"
s2408,Movie,,George Gallo,United States,2020-06-10,2009,R,113 min,"Comedies, Dramas, Independent Movies"
s2411,Movie,,Park Hoon-jung,South Korea,2020-06-10,2018,TV-MA,126 min,"Action & Adventure, International Movies, Sci-Fi & Fantasy"
s2412,Movie,,Ry Russo-Young,United States,2020-06-08,2017,PG-13,98 min,"Dramas, Romantic Movies"
s2413,Movie,,"Barbara Białowąs, Tomasz Mandes",Poland,2020-06-07,2020,TV-MA,114 min,"Dramas, International Movies, Romantic Movies"
s2414,Movie,,"Akhil Paul, Anas Khan",India,2020-06-07,2020,TV-14,132 min,"International Movies, Thrillers"
s2415,Movie,,Kanika Batra,India,2020-06-07,2018,TV-14,92 min,"Dramas, Independent Movies, International Movies"
s2417,Movie,,Michael Cristofer,United States,2020-06-06,2020,R,90 min,"Dramas, Independent Movies"
s2419,Movie,,Mohamed Khan,Egypt,2020-06-05,2016,TV-14,86 min,"Dramas, International Movies"
s2420,Movie,,Adriana Trigiani,United States,2020-06-05,2014,PG-13,103 min,"Comedies, Romantic Movies"
s2421,Movie,,Anurag Kashyap,India,2020-06-05,2020,TV-14,114 min,"Dramas, International Movies"
s2422,Movie,,Moses Inwang,Nigeria,2020-06-05,2019,TV-MA,115 min,"Comedies, International Movies"
s2424,TV Show,,Phil Sgriccia,United States,2020-06-05,2019,TV-14,15 Seasons,"Classic & Cult TV, TV Action & Adventure, TV Horror"
s2425,Movie,,Olivier Megaton,United States,2020-06-05,2020,TV-MA,149 min,"Action & Adventure, Dramas, Independent Movies"
s2428,Movie,,Andaç Haznedaroğlu,Turkey,2020-06-04,2017,TV-14,102 min,"Dramas, International Movies, Romantic Movies"
s2429,Movie,,Murat Kepez,Turkey,2020-06-04,2017,TV-MA,105 min,"Comedies, International Movies"
s2430,Movie,,Ahmed Nader Galal,Egypt,2020-06-03,2007,TV-MA,114 min,"Comedies, International Movies, Romantic Movies"
s2431,Movie,,Greta Gerwig,United States,2020-06-03,2017,R,94 min,"Comedies, Dramas, Independent Movies"
s2432,Movie,,Sam Rega,United States,2020-06-03,2020,TV-G,83 min,"Children & Family Movies, Documentaries"
s2434,Movie,,Wael Ehsan,Egypt,2020-06-02,2008,TV-14,106 min,"Comedies, International Movies"
s2435,Movie,,Inas El-Degheidy,Egypt,2020-06-02,2006,TV-14,116 min,"Comedies, Dramas, International Movies"
s2438,Movie,,Sameh Abdulaziz,Egypt,2020-06-02,2012,TV-MA,100 min,"Comedies, Dramas, International Movies"
s2439,Movie,,Khaled Marei,Egypt,2020-06-02,2008,TV-14,116 min,"Dramas, International Movies"
s2440,Movie,,Wael Ihsan,Egypt,2020-06-02,2004,TV-14,111 min,"Action & Adventure, Comedies, International Movies"
s2442,Movie,,Izidore K. Musallam,Saudi Arabia,2020-06-02,2006,TV-PG,95 min,"Comedies, Dramas, International Movies"
s2443,Movie,,Sherif Arafa,Egypt,2020-06-02,2011,TV-14,135 min,"Comedies, International Movies, Romantic Movies"
s2444,Movie,,Yasir Al Yasiri,Egypt,2020-06-01,2019,TV-MA,95 min,"Horror Movies, International Movies"
s2437,Movie,,Ahmed Al-Badry,Egypt,2020-06-02,2009,TV-14,97 min,"Comedies, International Movies, Romantic Movies"
s2446,Movie,,Safdar Rahman,India,2020-06-01,2020,TV-14,92 min,"Comedies, Dramas, Independent Movies"
s2447,Movie,,Tomas Brickhill,Zimbabwe,2020-06-01,2017,TV-G,100 min,"Comedies, International Movies, Romantic Movies"
s2449,Movie,,Hani Al-Shaibani,United Arab Emirates,2020-06-01,2019,TV-PG,80 min,"Comedies, International Movies"
s2452,Movie,,Mamoru Hosoda,Japan,2020-06-01,2018,PG,98 min,"Action & Adventure, Anime Features, Children & Family Movies"
s2455,Movie,,James Franco,United States,2020-06-01,2017,R,104 min,"Comedies, Dramas"
s2448,TV Show,,Not Given,South Korea,2020-06-01,2016,TV-MA,1 Season,"International TV Shows, Korean TV Shows, TV Dramas"
s2456,Movie,,Niall Johnson,United Kingdom,2020-06-01,2016,TV-14,98 min,Dramas
s2457,Movie,,Michael Damian,Romania,2020-05-31,2019,TV-14,104 min,"Dramas, Music & Musicals, Romantic Movies"
s2458,Movie,,Ahmed Zain,United Arab Emirates,2020-05-29,2018,TV-PG,99 min,"Comedies, Dramas, International Movies"
s2459,Movie,,Angshuman Ghosh,India,2020-05-29,2020,TV-MA,68 min,Stand-Up Comedy
s2461,Movie,,Youssef Chahine,Egypt,2020-05-29,1999,TV-MA,106 min,"Dramas, International Movies, Romantic Movies"
s2464,Movie,,Ahmed Zein,United Arab Emirates,2020-05-28,2014,TV-14,71 min,"Comedies, Horror Movies, International Movies"
s2465,Movie,,Ahmed Zein,United Arab Emirates,2020-05-28,2015,TV-14,80 min,"Comedies, Horror Movies, International Movies"
s2466,Movie,,Alejandro Montiel,Argentina,2020-05-28,2020,TV-MA,116 min,"Dramas, International Movies, Thrillers"
s2468,Movie,,Fernando Frías de la Parra,Mexico,2020-05-27,2019,TV-MA,112 min,"Dramas, Independent Movies, International Movies"
s2469,Movie,,Madeleine Parry,Australia,2020-05-26,2020,TV-MA,73 min,Stand-Up Comedy
s2470,Movie,,Yu Yang,China,2020-05-25,2019,TV-14,110 min,"Action & Adventure, Comedies, International Movies"
s2471,TV Show,,Jesse Warn,United States,2020-05-25,2019,TV-14,5 Seasons,"TV Action & Adventure, TV Sci-Fi & Fantasy"
s2472,Movie,,"Josh Safdie, Benny Safdie",United States,2020-05-25,2019,R,135 min,"Dramas, Thrillers"
s2484,Movie,,Fouad Al Shatti,Not Given,2020-05-21,1996,TV-14,204 min,"Comedies, International Movies"
s2475,Movie,,Angga Dwimas Sasongko,Indonesia,2020-05-23,2020,TV-G,128 min,"Dramas, International Movies"
s2476,Movie,,Rano Karno,Indonesia,2020-05-23,2020,TV-G,93 min,"Dramas, International Movies, Music & Musicals"
s2485,Movie,,Fouad El-Mohandes,Not Given,2020-05-21,1982,TV-PG,233 min,"Comedies, International Movies, Romantic Movies"
s2478,Movie,,Ramsey Nouah,Nigeria,2020-05-22,2019,TV-MA,149 min,"Horror Movies, International Movies, Thrillers"
s2479,Movie,,"Hiromasa Yonebayashi, Yoshiyuki Momose, Akihiko Yamashita",Japan,2020-05-22,2018,PG,54 min,"Anime Features, Children & Family Movies"
s2480,Movie,,Michael Showalter,United States,2020-05-22,2020,R,87 min,"Action & Adventure, Comedies, Romantic Movies"
s2481,TV Show,,"Norm Hiscock, Gary Howsam, Mike Smith, John Paul Tremblay, Robb Wells",Canada,2020-05-22,2020,TV-MA,2 Seasons,TV Comedies
s2482,Movie,,Rako Prijanto,Indonesia,2020-05-21,2018,TV-G,102 min,"Dramas, International Movies, Romantic Movies"
s2483,Movie,,Almunsif Alsuwaisi,Kuwait,2020-05-21,1981,TV-14,177 min,"Comedies, Dramas, International Movies"
s2486,Movie,,Andrés Feddersen,Chile,2020-05-21,2019,TV-14,98 min,"Comedies, International Movies, Romantic Movies"
s2489,Movie,,Hussein Kamal,Not Given,2020-05-21,1984,TV-14,230 min,"Comedies, Dramas, International Movies"
s2488,Movie,,Samir Al Asfory,Egypt,2020-05-21,1979,TV-14,237 min,"Comedies, Dramas, International Movies"
s2491,Movie,,Hassan AbdulSalam,Egypt,2020-05-21,1981,TV-14,195 min,"Comedies, International Movies, Romantic Movies"
s2492,Movie,,Houssam El-Din Mustafa,Egypt,2020-05-21,1973,TV-14,253 min,"Comedies, Dramas, International Movies"
s2571,Movie,,Shaun Paul Piccinino,United States,2020-05-02,2019,PG,104 min,"Dramas, Sports Movies"
s2490,Movie,,Hussein Kamal,Not Given,2020-05-21,1985,TV-14,173 min,"Comedies, International Movies"
s2493,Movie,,"Muhammad Fadl, Hany Motawie",Egypt,2020-05-21,1976,TV-PG,157 min,"Comedies, International Movies"
s2494,Movie,,Lonzo Nzekwe,Canada,2020-05-20,2010,TV-MA,97 min,"Dramas, International Movies"
s2495,Movie,,"Alex Timbers, Sam Wrench",United States,2020-05-20,2020,TV-PG,85 min,Music & Musicals
s2497,Movie,,Rebecca Johnson,United Kingdom,2020-05-20,2014,TV-MA,94 min,"Dramas, Independent Movies"
s2498,Movie,,Ava DuVernay,United States,2020-05-20,2010,TV-14,80 min,"Dramas, Independent Movies, Romantic Movies"
s2499,Movie,,Carlos Morett,Mexico,2020-05-20,2020,TV-MA,94 min,"Comedies, International Movies"
s2501,Movie,,Megha Ramaswamy,India,2020-05-20,2020,TV-MA,92 min,"Comedies, Dramas, Independent Movies"
s2502,Movie,,Saeed Hamed,Egypt,2020-05-19,2006,TV-PG,105 min,"Comedies, International Movies"
s2503,Movie,,Sherif Arafa,Egypt,2020-05-19,2009,TV-14,120 min,"Action & Adventure, International Movies"
s2504,Movie,,Ahmed Al-Badry,Egypt,2020-05-19,2012,TV-14,96 min,"Comedies, International Movies, Romantic Movies"
s2505,Movie,,Ali Ragab,Egypt,2020-05-19,2007,TV-14,107 min,"Comedies, International Movies"
s2506,Movie,,Ahmad El-Badri,Egypt,2020-05-19,2008,TV-PG,93 min,"Comedies, International Movies"
s2507,Movie,,Ahmad El-Badri,Egypt,2020-05-19,2009,TV-14,101 min,"Comedies, International Movies"
s2508,TV Show,,Marcus Raboy,United States,2020-05-19,2020,TV-MA,1 Season,"Stand-Up Comedy & Talk Shows, TV Comedies"
s2510,Movie,,Wael Ehsan,Egypt,2020-05-19,2006,TV-14,110 min,"Comedies, International Movies, Romantic Movies"
s2511,Movie,,Ali Ragab,Egypt,2020-05-19,2004,TV-14,112 min,"Comedies, International Movies"
s2572,Movie,,Seth Barrish,United States,2020-05-02,2013,TV-14,76 min,Stand-Up Comedy
s2512,Movie,,Haifaa Al-Mansour,Saudi Arabia,2020-05-19,2012,PG,93 min,"Dramas, Independent Movies, International Movies"
s2513,Movie,,Wael Ihsan,Egypt,2020-05-19,2005,TV-PG,109 min,"Comedies, International Movies, Romantic Movies"
s2514,Movie,,Ekene Som Mekwunye,Nigeria,2020-05-18,2019,TV-14,105 min,"Dramas, International Movies"
s2517,Movie,,Mohammed Alhmly,Kuwait,2020-05-17,2019,TV-MA,97 min,"Action & Adventure, Comedies, International Movies"
s2521,Movie,,Lucien Bourjeily,Lebanon,2020-05-15,2017,TV-MA,91 min,"Dramas, International Movies"
s2522,Movie,,Laura Mañá,Spain,2020-05-15,2019,TV-MA,88 min,"Comedies, International Movies, Romantic Movies"
s2523,TV Show,,Ziad Doueiri,France,2020-05-15,2020,TV-MA,1 Season,"Crime TV Shows, International TV Shows, TV Dramas"
s2528,TV Show,,Sivaroj Kongsakul,Thailand,2020-05-15,2020,TV-MA,1 Season,"Crime TV Shows, International TV Shows, TV Dramas"
s2536,Movie,,Obaid Alhmoudi,Not Given,2020-05-14,2017,TV-14,91 min,"Dramas, International Movies"
s2532,Movie,,"Fajar Bustomi, Pidi Baiq",Indonesia,2020-05-14,2018,TV-14,109 min,"Dramas, International Movies, Romantic Movies"
s2533,Movie,,"Fajar Bustomi, Pidi Baiq",Indonesia,2020-05-14,2019,TV-14,118 min,"Dramas, International Movies, Romantic Movies"
s2534,Movie,,Salmeen AlMurry Amer,United Arab Emirates,2020-05-14,2018,TV-G,109 min,"Children & Family Movies, Dramas, International Movies"
s2535,Movie,,Mohit Suri,India,2020-05-14,2020,TV-MA,131 min,"Action & Adventure, International Movies, Romantic Movies"
s2537,Movie,,Julián Hernández,Mexico,2020-05-14,2018,TV-MA,152 min,"Dramas, Independent Movies, International Movies"
s2538,Movie,,Adekunle Nodash Adejuyigbe,Nigeria,2020-05-14,2018,TV-14,67 min,"International Movies, Thrillers"
s2539,Movie,,Sadeq Behbehani,Kuwait,2020-05-14,2018,TV-PG,72 min,"Comedies, Dramas, International Movies"
s2540,Movie,,Dylan Mohan Gray,India,2020-05-13,2012,TV-14,83 min,"Documentaries, International Movies"
s2541,Movie,,Tyler Spindel,United States,2020-05-13,2020,TV-MA,90 min,"Comedies, Romantic Movies"
s2542,Movie,,Hussein El Ansary,United Arab Emirates,2020-05-12,2019,TV-14,106 min,"Dramas, International Movies, Romantic Movies"
s2544,Movie,,Claire Scanlon,United States,2020-05-12,2020,TV-14,190 min,Comedies
s2545,Movie,,Vipul Amrutlal Shah,India,2020-05-11,2010,TV-PG,129 min,"Children & Family Movies, Comedies, International Movies"
s2546,Movie,,Rajkumar Santoshi,India,2020-05-11,1994,TV-14,160 min,"Action & Adventure, Comedies, Cult Movies"
s2548,Movie,,Donick Cary,United States,2020-05-11,2020,TV-MA,86 min,Documentaries
s2550,Movie,,Will Forbes,United States,2020-05-09,2020,R,92 min,"Dramas, Thrillers"
s2549,TV Show,,Not Given,United States,2020-05-11,2020,TV-MA,1 Season,"Crime TV Shows, Docuseries"
s2551,Movie,,Francesco Amato,Italy,2020-05-08,2020,TV-MA,114 min,"Dramas, Independent Movies, International Movies"
s2561,Movie,,Pedro Flores Maldonado,Not Given,2020-05-06,2020,TV-MA,107 min,"Comedies, International Movies, Romantic Movies"
s2554,TV Show,,"Damien Chazelle, Houda Benyamina, Laïla Marrakchi, Alan Poul",United Kingdom,2020-05-08,2020,TV-MA,1 Season,"International TV Shows, TV Dramas"
s2556,Movie,,S.A. Zaidi,United Arab Emirates,2020-05-07,2016,TV-14,90 min,"International Movies, Sci-Fi & Fantasy"
s2557,Movie,,Hamad AlSarraf,Kuwait,2020-05-07,2019,TV-14,94 min,"International Movies, Sci-Fi & Fantasy, Thrillers"
s2558,TV Show,,He Xiaofeng,China,2020-05-07,2020,TV-MA,2 Seasons,"International TV Shows, TV Action & Adventure, TV Comedies"
s2559,Movie,,Rano Karno,Indonesia,2020-05-07,2018,TV-PG,86 min,"Dramas, International Movies"
s2560,Movie,,Nadia Hallgren,United States,2020-05-06,2020,PG,89 min,Documentaries
s2562,Movie,,Joe DeMaio,United States,2020-05-05,2020,TV-PG,61 min,Stand-Up Comedy
s2563,Movie,,Aaron Woodley,India,2020-05-04,2019,PG,93 min,"Children & Family Movies, Comedies"
s2564,Movie,,Lucas Margutti,Brazil,2020-05-04,2020,TV-G,81 min,"Children & Family Movies, Comedies, Music & Musicals"
s2565,Movie,,Ashok Nanda,India,2020-05-03,2019,TV-14,120 min,"Dramas, International Movies"
s2566,TV Show,,Hernán Guerschuny,Argentina,2020-05-02,2020,TV-MA,1 Season,"International TV Shows, Spanish-Language TV Shows, TV Comedies"
s2567,Movie,,Alex Ranarivelo,United States,2020-05-02,2019,PG-13,94 min,"Dramas, Sports Movies"
s2568,Movie,,Fernando Ayllón,Colombia,2020-05-02,2020,TV-14,91 min,"Comedies, International Movies"
s2573,Movie,,Shaun Paul Piccinino,United States,2020-05-02,2020,PG,90 min,"Children & Family Movies, Dramas, Romantic Movies"
s2574,Movie,,Brett Hedlund,United States,2020-05-02,2020,R,103 min,"Dramas, Independent Movies, Thrillers"
s2577,Movie,,Joe Robert Cole,United States,2020-05-01,2020,R,122 min,"Dramas, Independent Movies"
s2578,Movie,,Michelle Esrick,United States,2020-05-01,2018,TV-MA,97 min,Documentaries
s2579,Movie,,Olivier Abbou,France,2020-05-01,2019,TV-MA,98 min,"International Movies, Thrillers"
s2580,Movie,,"Alex Woo, Stanley Moore",United States,2020-05-01,2020,TV-Y,42 min,Children & Family Movies
s2582,Movie,,Jeffrey Schwarz,United States,2020-05-01,2013,TV-MA,90 min,"Documentaries, LGBTQ Movies"
s2583,Movie,,"Eric Darnell, Tom McGrath",United States,2020-05-01,2008,PG,91 min,"Children & Family Movies, Comedies"
s2585,Movie,,Craig Freimond,South Africa,2020-05-01,2012,TV-14,94 min,"Comedies, Dramas, International Movies"
s2588,Movie,,Shirish Kunder,India,2020-05-01,2020,TV-MA,107 min,"International Movies, Thrillers"
s2590,Movie,,Mysskin,India,2020-05-01,2020,TV-MA,143 min,"Horror Movies, International Movies, Thrillers"
s2592,Movie,,Alice Wu,United States,2020-05-01,2020,PG-13,105 min,"Comedies, Dramas, LGBTQ Movies"
s2593,Movie,,"Bobby Farrelly, Peter Farrelly",United States,2020-05-01,2007,R,116 min,"Comedies, Romantic Movies"
s2597,Movie,,Dennie Gordon,United States,2020-05-01,2003,PG,105 min,"Children & Family Movies, Comedies"
s2598,Movie,,Michael M. Scott,United States,2020-04-30,2020,TV-14,97 min,Thrillers
s2602,Movie,,Bruno Garotti,Brazil,2020-04-30,2020,TV-14,105 min,"Comedies, International Movies, Romantic Movies"
s2603,TV Show,,Sion Sono,Japan,2020-04-30,2020,TV-MA,1 Season,"Crime TV Shows, International TV Shows, TV Dramas"
s2604,TV Show,,"David Chuang, Chen Kuan-chung",Taiwan,2020-04-30,2020,TV-MA,1 Season,"Crime TV Shows, International TV Shows, TV Dramas"
s2605,Movie,,Chris Bolan,United States,2020-04-29,2020,TV-14,83 min,"Documentaries, LGBTQ Movies"
s2606,Movie,,Yılmaz Erdoğan,Turkey,2020-04-29,2016,TV-PG,109 min,"Dramas, International Movies"
s2608,Movie,,Omoni Oboli,Nigeria,2020-04-29,2019,TV-14,111 min,"Comedies, Dramas, International Movies"
s2611,Movie,,Saravana Rajan,India,2020-04-29,2019,TV-14,132 min,"Action & Adventure, Comedies, Dramas"
s2594,Movie,,Joey So,Not Given,2020-05-01,2020,TV-Y,23 min,Children & Family Movies
s2595,Movie,,Joey So,Not Given,2020-05-01,2020,TV-Y,23 min,Children & Family Movies
s2596,Movie,,Joey So,Not Given,2020-05-01,2020,TV-Y,23 min,Children & Family Movies
s2620,Movie,,Ashraf Fayeq,Not Given,2020-04-28,2010,TV-MA,111 min,"Comedies, International Movies"
s2613,Movie,,"Muharrem Gülmez, Sırrı Süreyya Önder",Turkey,2020-04-28,2006,TV-MA,102 min,"Comedies, Dramas, International Movies"
s2614,Movie,,Sermiyan Midyat,Turkey,2020-04-28,2016,TV-MA,107 min,"Action & Adventure, Comedies, International Movies"
s2615,Movie,,"Ahmed Yousry, Hazem Fouda",Egypt,2020-04-28,2008,TV-MA,100 min,"Comedies, International Movies"
s2616,Movie,,Handan İpekçi,Turkey,2020-04-28,2011,TV-14,115 min,"Comedies, Dramas, International Movies"
s2617,Movie,,Kıvanç Baruönü,Turkey,2020-04-28,2016,TV-MA,104 min,"Comedies, International Movies, Music & Musicals"
s2618,Movie,,Ferzan Özpetek,Italy,2020-04-28,2017,TV-MA,110 min,"Dramas, Independent Movies, International Movies"
s2619,Movie,,Bedran Güzel,Turkey,2020-04-28,2016,TV-MA,100 min,"Comedies, International Movies"
s2621,Movie,,Yılmaz Erdoğan,Turkey,2020-04-28,2009,TV-14,108 min,"Comedies, International Movies"
s2622,Movie,,Yılmaz Erdoğan,Turkey,2020-04-28,2005,TV-14,104 min,"Action & Adventure, Comedies, International Movies"
s2623,Movie,,Paul Munger,United States,2020-04-28,2019,PG-13,116 min,"Dramas, Faith & Spirituality"
s2624,Movie,,Ahmed Nader Galal,Egypt,2020-04-28,2012,TV-14,106 min,"Action & Adventure, Comedies, International Movies"
s2625,Movie,,Matei Dima,Romania,2020-04-27,2019,TV-14,96 min,"Comedies, International Movies"
s2626,Movie,,Imtiaz Ali,India,2020-04-27,2020,TV-MA,140 min,"Dramas, International Movies, Romantic Movies"
s2627,Movie,,Jonathan Augustin,India,2020-04-27,2020,TV-MA,107 min,"Dramas, Independent Movies, International Movies"
s2630,Movie,,Venky Kudumula,India,2020-04-25,2020,TV-14,138 min,"Action & Adventure, Comedies, International Movies"
s2633,Movie,,Martin Scorsese,United States,2020-04-25,2005,TV-MA,208 min,"Documentaries, Music & Musicals"
s2634,Movie,,Amr Arafa,Egypt,2020-04-25,2006,TV-14,105 min,"Comedies, International Movies"
s2635,Movie,,Michel Hazanavicius,France,2020-04-25,2011,PG-13,101 min,"Comedies, Dramas, Independent Movies"
s2636,Movie,,Ahmed Saleh,Egypt,2020-04-25,2010,TV-14,124 min,"Action & Adventure, International Movies"
s2637,Movie,,Ahmed Medhat,Egypt,2020-04-25,2009,TV-14,93 min,"Dramas, International Movies, Sports Movies"
s2638,Movie,,Mohamed Yassin,Egypt,2020-04-25,2008,TV-14,110 min,"Dramas, International Movies"
s2639,Movie,,Ahmed Nader Galal,Egypt,2020-04-25,2009,TV-14,115 min,"Comedies, Dramas, International Movies"
s2643,Movie,,Chakri Toleti,India,2020-04-24,2019,TV-14,107 min,"International Movies, Thrillers"
s2645,Movie,,Neville Shah,India,2020-04-24,2020,TV-MA,72 min,Stand-Up Comedy
s2647,Movie,,Upi Avianto,Indonesia,2020-04-23,2016,TV-G,107 min,"Comedies, International Movies"
s2648,Movie,,Upi Avianto,Indonesia,2020-04-23,2019,TV-14,95 min,"Comedies, International Movies"
s2650,Movie,,Hanung Bramantyo,Indonesia,2020-04-23,2019,TV-14,180 min,"Dramas, International Movies"
s2651,Movie,,Yoon Sung-hyun,South Korea,2020-04-23,2020,TV-MA,135 min,"International Movies, Thrillers"
s2653,Movie,,Rachel Mason,United States,2020-04-22,2020,TV-MA,87 min,"Documentaries, LGBTQ Movies"
s2654,Movie,,Patryk Vega,Poland,2020-04-22,2018,TV-MA,94 min,"International Movies, Thrillers"
s2655,Movie,,Niyi Akinmolayan,Nigeria,2020-04-22,2019,TV-MA,105 min,"Dramas, International Movies"
s2656,Movie,,Marc Vigil,Spain,2020-04-22,2019,TV-MA,93 min,"International Movies, Thrillers"
s2657,Movie,,Kris Pearn,Canada,2020-04-22,2020,PG,92 min,"Children & Family Movies, Comedies"
s2660,TV Show,,Ryan Polito,United States,2020-04-21,2020,TV-MA,1 Season,TV Comedies
s2664,Movie,,Anoop Sathyan,India,2020-04-20,2020,TV-14,144 min,"Comedies, Dramas, International Movies"
s2668,Movie,,Müfit Can Saçıntı,Turkey,2020-04-17,2018,TV-MA,101 min,"Comedies, International Movies"
s2669,Movie,,Julien Leclercq,France,2020-04-17,2020,TV-MA,81 min,"Dramas, International Movies, Thrillers"
s2672,Movie,,Cüneyt Kaya,Germany,2020-04-17,2020,TV-MA,95 min,"Dramas, International Movies"
s2673,Movie,,Greg Barker,United States,2020-04-17,2020,R,119 min,"Dramas, Independent Movies"
s2674,Movie,,Fernando González Molina,Spain,2020-04-17,2019,TV-MA,121 min,"International Movies, Thrillers"
s2675,Movie,,Leticia Jorge Romero,Uruguay,2020-04-16,2019,TV-MA,88 min,"Comedies, Dramas, International Movies"
s2676,TV Show,,"Adrien Lagier, Ousmane Ly",France,2020-04-16,2020,TV-MA,2 Seasons,"International TV Shows, Stand-Up Comedy & Talk Shows, TV Comedies"
s2678,Movie,,"Ethan Coen, Joel Coen",United States,2020-04-16,2016,PG-13,106 min,Comedies
s2679,Movie,,Jon M. Chu,United States,2020-04-16,2015,PG,119 min,"Children & Family Movies, Dramas, Music & Musicals"
s2680,Movie,,Diego Pignataro,Brazil,2020-04-16,2020,TV-MA,63 min,Stand-Up Comedy
s2681,Movie,,Ian Edelman,United States,2020-04-16,2015,R,82 min,Comedies
s2682,Movie,,Ali Yorgancıoğlu,Turkey,2020-04-16,2019,TV-G,95 min,"Children & Family Movies, Comedies, International Movies"
s2683,Movie,,Digo Ricio,Philippines,2020-04-15,2018,TV-14,93 min,"Dramas, International Movies, Romantic Movies"
s2684,Movie,,Emcy Joseph,India,2020-04-15,2019,TV-PG,120 min,"Comedies, Dramas, Independent Movies"
s2686,Movie,,Kranthi Madhav,India,2020-04-15,2020,TV-MA,147 min,"Dramas, International Movies, Romantic Movies"
s2687,Movie,,Matt D'Elia,United States,2020-04-14,2020,TV-MA,55 min,Stand-Up Comedy
s2688,Movie,,Tope Oshin,Nigeria,2020-04-14,2018,TV-14,107 min,"Dramas, International Movies"
s2689,Movie,,Omoni Oboli,Nigeria,2020-04-13,2018,TV-14,92 min,"Comedies, Dramas, International Movies"
s2691,Movie,,Jeff Chan,Canada,2020-04-11,2019,TV-MA,98 min,"Action & Adventure, Independent Movies, International Movies"
s2694,Movie,,Dean Craig,United Kingdom,2020-04-10,2020,TV-MA,101 min,"Comedies, International Movies, Romantic Movies"
s2695,Movie,,"Grand Corps Malade, Mehdi Idir",France,2020-04-10,2019,TV-MA,112 min,"Comedies, Dramas, International Movies"
s2696,Movie,,Jay Karas,United States,2020-04-10,2020,TV-G,103 min,"Children & Family Movies, Comedies, Sports Movies"
s2697,TV Show,,Stefano Lodovichi,Italy,2020-04-10,2019,TV-MA,1 Season,"Crime TV Shows, International TV Shows, TV Dramas"
s2698,Movie,,Alan Yang,United States,2020-04-10,2020,PG,91 min,Dramas
s2701,Movie,,Perci Intalan,Philippines,2020-04-08,2019,TV-MA,96 min,"Comedies, Dramas, International Movies"
s2702,Movie,,M. Night Shyamalan,United States,2020-04-08,2010,PG,104 min,"Action & Adventure, Children & Family Movies, Sci-Fi & Fantasy"
s2703,Movie,,Chris Robinson,United States,2020-04-07,2017,TV-MA,66 min,Stand-Up Comedy
s2704,Movie,,Eddie Mensore,United States,2020-04-06,2019,TV-MA,83 min,"Dramas, Independent Movies"
s2705,Movie,,Sean Baker,United States,2020-04-06,2017,R,111 min,"Dramas, Independent Movies"
s2706,Movie,,Padraig Reynolds,United States,2020-04-05,2019,TV-MA,90 min,"Horror Movies, Independent Movies, Sci-Fi & Fantasy"
s2707,Movie,,Yorgos Lanthimos,Ireland,2020-04-05,2017,R,121 min,"Dramas, Independent Movies, Thrillers"
s2708,Movie,,Ric Roman Waugh,United States,2020-04-04,2019,R,121 min,Action & Adventure
s2710,Movie,,Michael Dowse,United States,2020-04-03,2020,TV-MA,88 min,"Action & Adventure, Comedies"
s2712,Movie,,"Pablo Lejarreta, Luis Alfaro",Spain,2020-04-03,2020,TV-MA,57 min,"Documentaries, International Movies"
s2713,Movie,,Armando Iannucci,United Kingdom,2020-04-03,2017,R,107 min,"Comedies, Dramas, Independent Movies"
s2714,Movie,,Akira Saitoh,Japan,2020-04-02,2020,TV-14,5 min,"Action & Adventure, Anime Features, International Movies"
s2715,Movie,,Haruka Fujita,Japan,2020-04-02,2019,TV-PG,91 min,"Anime Features, International Movies, Sci-Fi & Fantasy"
s2716,Movie,,Mukul Anand,India,2020-04-01,1990,TV-14,174 min,"Dramas, International Movies"
s2717,Movie,,Karan Malhotra,India,2020-04-01,2015,TV-14,155 min,"Action & Adventure, Dramas, International Movies"
s2718,Movie,,Rajiv Chilaka,India,2020-04-01,2012,TV-Y7,87 min,Children & Family Movies
s2720,Movie,,"David Batra, Jon Rudberg",Sweden,2020-04-01,2020,TV-MA,77 min,Stand-Up Comedy
s2721,Movie,,Tarun Mansukhani,India,2020-04-01,2008,TV-14,142 min,"Comedies, Dramas, International Movies"
s2722,Movie,,Ramesh Talwar,India,2020-04-01,1984,TV-14,170 min,"Action & Adventure, Dramas, International Movies"
s2723,Movie,,Mahesh Bhatt,India,2020-04-01,1998,TV-14,165 min,"Comedies, Dramas, International Movies"
s2724,Movie,,Raj Khosla,India,2020-04-01,1980,TV-14,161 min,"Action & Adventure, Dramas, International Movies"
s2725,Movie,,Punit Malhotra,India,2020-04-01,2013,TV-14,144 min,"Comedies, Dramas, International Movies"
s2726,Movie,,Mahesh Bhatt,India,2020-04-01,1993,TV-14,149 min,"Action & Adventure, Dramas, International Movies"
s2727,Movie,,Vinil Mathew,India,2020-04-01,2014,TV-14,135 min,"Comedies, Dramas, International Movies"
s2729,Movie,,Shashank Khaitan,India,2020-04-01,2014,TV-14,131 min,"Comedies, International Movies, Romantic Movies"
s2730,Movie,,Soham Shah,India,2020-04-01,2005,TV-14,126 min,"Horror Movies, International Movies, Thrillers"
s2731,Movie,,Karan Johar,India,2020-04-01,2006,TV-14,192 min,"Dramas, International Movies, Romantic Movies"
s2732,Movie,,Karan Johar,India,2020-04-01,2001,TV-14,209 min,"Dramas, International Movies"
s2733,Movie,,Nikkhil Advani,India,2020-04-01,2003,TV-14,187 min,"Comedies, Dramas, International Movies"
s2734,Movie,,Shakun Batra,India,2020-04-01,2016,TV-14,138 min,"Comedies, Dramas, International Movies"
s2735,Movie,,Karan Johar,India,2020-04-01,1998,TV-14,185 min,"Comedies, Dramas, International Movies"
s2736,Movie,,Vikas Bahl,India,2020-04-01,2015,TV-14,143 min,"Comedies, International Movies, Romantic Movies"
s2738,Movie,,"Rajiv Chilaka, Anirban Majumder, Alka Amarkant Dubey",India,2020-04-01,2014,TV-Y7,97 min,"Children & Family Movies, Sports Movies"
s2739,Movie,,Prakash Mehra,India,2020-04-01,1987,TV-14,172 min,"Action & Adventure, Comedies, Dramas"
s2742,Movie,,Anand Ravichandran,India,2020-04-01,2020,TV-MA,103 min,"Dramas, Independent Movies, International Movies"
s2745,Movie,,"Richard Claus, Karsten Kiilerich",Netherlands,2020-04-01,2017,TV-G,83 min,Children & Family Movies
s2746,Movie,,Floria Sigismondi,United States,2020-04-01,2010,R,107 min,"Dramas, Independent Movies, Music & Musicals"
s2748,Movie,,Renzil D'Silva,India,2020-04-01,2014,TV-14,114 min,"Comedies, Dramas, International Movies"
s2750,Movie,,Fritz Böhm,United States,2020-04-01,2018,R,93 min,"Horror Movies, Independent Movies, Sci-Fi & Fantasy"
s2751,Movie,,Ravishankar Venkateswaran,India,2020-03-31,2020,TV-Y7,85 min,Children & Family Movies
s5431,Movie,,Caio Cobra,Brazil,2017-06-15,2017,TV-MA,73 min,Stand-Up Comedy
s2753,TV Show,,Vijay S. Bhanushali,Not Given,2020-03-31,2019,TV-Y7,1 Season,Kids' TV
s2755,Movie,,David Hunt,United States,2020-03-31,2016,PG,131 min,"Children & Family Movies, Dramas, Sports Movies"
s2756,Movie,,Stephen S. Campanelli,Canada,2020-03-31,2017,TV-MA,101 min,"Dramas, Independent Movies, Sports Movies"
s2757,Movie,,Rakesh Ranjan Kumar,India,2020-03-31,2019,TV-MA,107 min,"Dramas, Independent Movies, International Movies"
s2758,Movie,,Sam Irvin,United States,2020-03-31,2018,TV-14,84 min,Thrillers
s2759,Movie,,Gary Stretch,Canada,2020-03-31,2019,R,104 min,"Documentaries, Sports Movies"
s2761,Movie,,Desingh Periyasamy,India,2020-03-29,2020,TV-14,160 min,"Comedies, Dramas, International Movies"
s2763,Movie,,Mike Gunther,United States,2020-03-28,2019,R,103 min,Action & Adventure
s2764,Movie,,"TJ Sullivan, Greg Rankin",United States,2020-03-27,2020,TV-Y,46 min,"Children & Family Movies, Comedies"
s2767,Movie,,Neeraj Udhwani,India,2020-03-27,2020,TV-MA,112 min,"Comedies, Dramas, International Movies"
s2769,Movie,,Patrice Laliberté,Canada,2020-03-27,2020,TV-MA,83 min,"Action & Adventure, International Movies"
s2770,Movie,,"Ellen Page, Ian Daniel",Canada,2020-03-27,2019,TV-14,72 min,"Documentaries, International Movies"
s2771,Movie,,"Todd Kauffman, Mark Thornton",Canada,2020-03-27,2020,TV-Y,24 min,Children & Family Movies
s2772,Movie,,Prentice Penny,United States,2020-03-27,2020,TV-MA,104 min,"Dramas, Independent Movies"
s2774,Movie,,Zsolt Pálfi,Hungary,2020-03-27,2019,TV-Y,72 min,Children & Family Movies
s2776,Movie,,Nawapol Thamrongrattanarit,Thailand,2020-03-26,2019,TV-MA,113 min,"Dramas, International Movies, Romantic Movies"
s2777,Movie,,Marlene Melchior,Germany,2020-03-26,2020,TV-G,21 min,"Documentaries, International Movies"
s2779,Movie,,Aaron Lieber,United States,2020-03-25,2019,PG,100 min,"Children & Family Movies, Documentaries, Sports Movies"
s2781,Movie,,Tamas Yvan Topolanszky,Hungary,2020-03-25,2018,TV-MA,99 min,"Dramas, International Movies"
s2782,Movie,,"Àlex Pastor, David Pastor",Spain,2020-03-25,2020,TV-MA,104 min,"Independent Movies, International Movies, Thrillers"
s2783,Movie,,Rami Hachache,United States,2020-03-24,2020,TV-MA,70 min,Stand-Up Comedy
s2787,Movie,,Francisco Macri,Argentina,2020-03-20,2020,TV-14,93 min,"Documentaries, International Movies, Sports Movies"
s2790,Movie,,Gabriela García Rivas,Mexico,2020-03-20,2017,TV-14,95 min,"Dramas, Independent Movies, International Movies"
s2811,Movie,,Naman Nitin Mukesh,India,2020-03-15,2019,TV-14,135 min,"International Movies, Thrillers"
s2796,TV Show,,"Eric Goode, Rebecca Chaiklin",United States,2020-03-20,2020,TV-MA,1 Season,"Crime TV Shows, Docuseries"
s2797,Movie,,Francesco Lettieri,Italy,2020-03-20,2020,TV-MA,109 min,"Dramas, International Movies, Sports Movies"
s2799,Movie,,John Suits,United States,2020-03-19,2019,R,91 min,"Independent Movies, Sci-Fi & Fantasy, Thrillers"
s2800,Movie,,"Takeru Nakajima, Yoshiyuki Okada",Japan,2020-03-19,2020,TV-MA,75 min,"Action & Adventure, Anime Features, International Movies"
s2801,Movie,,Malik Nejer,Saudi Arabia,2020-03-19,2020,TV-14,100 min,"Comedies, International Movies"
s2802,Movie,,Susan Walter,United States,2020-03-18,2017,R,95 min,"Dramas, Romantic Movies"
s2804,Movie,,Masaaki Yuasa,Japan,2020-03-18,2017,PG,113 min,"Anime Features, Music & Musicals, Sci-Fi & Fantasy"
s2806,Movie,,Pierre Deschamps,United Kingdom,2020-03-18,2016,TV-14,91 min,"Documentaries, Sports Movies"
s2807,Movie,,Jeff Tomsic,United States,2020-03-17,2020,TV-MA,62 min,Stand-Up Comedy
s2810,Movie,,Scot Armstrong,United States,2020-03-16,2014,R,93 min,Comedies
s2814,TV Show,,Lynn Novick,United States,2020-03-15,2019,TV-MA,1 Season,Docuseries
s2816,Movie,,Navjot Gulati,India,2020-03-14,2020,TV-MA,101 min,"Comedies, International Movies, Romantic Movies"
s2812,Movie,,Joey So,Not Given,2020-03-15,2019,TV-Y,23 min,Children & Family Movies
s2818,Movie,,Stephanie Zwane,South Africa,2020-03-13,2018,TV-14,98 min,"Comedies, Dramas, International Movies"
s2813,Movie,,Joey So,Not Given,2020-03-15,2019,TV-Y,23 min,Children & Family Movies
s2820,Movie,,Owen Trevor,Australia,2020-03-13,2020,TV-PG,103 min,"Children & Family Movies, Dramas"
s2821,Movie,,Stephanie Turner,United States,2020-03-13,2019,TV-MA,106 min,"Dramas, Independent Movies"
s2822,TV Show,,Kim Seong-hun,South Korea,2020-03-13,2020,TV-MA,2 Seasons,"International TV Shows, Korean TV Shows, TV Action & Adventure"
s2823,Movie,,Liz Garbus,United States,2020-03-13,2020,R,95 min,Dramas
s2824,Movie,,Mehmet Ada Öztekin,Turkey,2020-03-13,2019,TV-14,132 min,"Dramas, International Movies"
s2815,Movie,,Joey So,Not Given,2020-03-15,2019,TV-Y,23 min,Children & Family Movies
s2829,Movie,,Jos Humphrey,Canada,2020-03-10,2020,TV-Y7,82 min,Children & Family Movies
s2830,Movie,,Lynn Shelton,United States,2020-03-10,2020,TV-MA,71 min,Stand-Up Comedy
s2831,Movie,,Sharmeen Obaid-Chinoy,Pakistan,2020-03-08,2020,TV-PG,16 min,"Children & Family Movies, Dramas"
s2833,Movie,,Adze Ugah,South Africa,2020-03-06,2017,TV-MA,79 min,"Dramas, International Movies, Romantic Movies"
s2834,Movie,,Ruchi Narain,India,2020-03-06,2020,TV-MA,120 min,"Dramas, International Movies"
s2835,Movie,,Christophe Charrier,France,2020-03-06,2019,TV-MA,82 min,"Dramas, Independent Movies, International Movies"
s2836,Movie,,Stanley Nelson,United States,2020-03-06,2019,TV-MA,115 min,"Documentaries, Music & Musicals"
s2837,Movie,,Peter Berg,United States,2020-03-06,2020,R,111 min,"Action & Adventure, Comedies"
s2838,Movie,,Daniel Calparsoro,Spain,2020-03-06,2020,TV-MA,110 min,"International Movies, Thrillers"
s2841,Movie,,Trivikram Srinivas,India,2020-03-05,2020,TV-14,162 min,"Action & Adventure, Comedies, Dramas"
s2840,Movie,,Steve Gukas,Nigeria,2020-03-05,2016,TV-PG,121 min,"Dramas, International Movies, Thrillers"
s2832,Movie,,Toyin Abraham,Not Given,2020-03-06,2017,TV-MA,104 min,"Comedies, International Movies"
s2843,Movie,,Kittiphak Thonguam,Thailand,2020-03-05,2019,TV-MA,108 min,"Comedies, International Movies, LGBTQ Movies"
s2844,Movie,,Cristi Puiu,Romania,2020-03-04,2010,TV-MA,186 min,"Dramas, International Movies"
s2845,Movie,,"Sebastian Jones, Ramez Silyan",United States,2020-03-04,2019,TV-MA,116 min,"Documentaries, Music & Musicals"
s2846,Movie,,Cristi Puiu,Romania,2020-03-04,2005,R,154 min,"Dramas, International Movies"
s2847,TV Show,,Carlos Sedes,Spain,2020-03-04,2016,TV-14,4 Seasons,"International TV Shows, Romantic TV Shows, Spanish-Language TV Shows"
s2848,Movie,,"Adam B. Stein, Zach Lipovsky",United States,2020-03-03,2018,R,105 min,"Independent Movies, Sci-Fi & Fantasy, Thrillers"
s2849,Movie,,Lucas Margutti,Brazil,2020-03-03,2019,TV-Y,71 min,"Children & Family Movies, Comedies, Music & Musicals"
s2850,Movie,,Marcus Raboy,United States,2020-03-03,2020,TV-MA,61 min,Stand-Up Comedy
s2851,Movie,,Athiyan Athirai,India,2020-03-03,2019,TV-14,133 min,"Dramas, Independent Movies, International Movies"
s2852,Movie,,Zuko Nodada,South Africa,2020-03-03,2019,TV-MA,98 min,"Dramas, International Movies"
s2853,Movie,,Madonna,United Kingdom,2020-03-03,2011,R,119 min,"Dramas, Romantic Movies"
s2854,Movie,,Milton Horowitz,United States,2020-03-02,2020,TV-MA,61 min,Stand-Up Comedy
s2859,Movie,,Momoko Kamiya,Not Given,2020-03-01,2019,TV-Y,11 min,Children & Family Movies
s2857,Movie,,Sneha Taurani,India,2020-03-01,2019,TV-14,130 min,"Comedies, Dramas, International Movies"
s2865,Movie,,Gustavo Ron,Not Given,2020-03-01,2020,TV-14,82 min,"Dramas, International Movies, Romantic Movies"
s2860,Movie,,Matthew Ross,United States,2020-03-01,2016,TV-MA,87 min,"Dramas, Thrillers"
s2861,Movie,,Martin Scorsese,United States,2020-03-01,2011,PG,127 min,"Children & Family Movies, Dramas"
s2862,Movie,,Lee Kirk,United States,2020-03-01,2016,TV-14,87 min,"Comedies, Dramas, Music & Musicals"
s2863,Movie,,Ziggy Hofmeyr,South Africa,2020-03-01,2017,TV-14,88 min,"Dramas, International Movies, Romantic Movies"
s2864,Movie,,Paul Thomas Anderson,United States,2020-03-01,2007,R,158 min,"Dramas, Independent Movies"
s2866,Movie,,Yacine Belhousse,France,2020-03-01,2018,TV-MA,93 min,"Documentaries, International Movies"
s2867,Movie,,Sam Dunn,United Kingdom,2020-03-01,2019,TV-MA,90 min,"Documentaries, Music & Musicals"
s2868,Movie,,Brett Haley,United States,2020-02-28,2020,TV-MA,109 min,"Dramas, Romantic Movies"
s2944,Movie,,Jared Moshé,United States,2020-02-07,2017,R,112 min,Dramas
s2885,Movie,,Oyefunke Fayoyin,Not Given,2020-02-26,2015,TV-MA,138 min,"Dramas, Independent Movies, International Movies"
s2874,Movie,,Trivikram Srinivas,India,2020-02-27,2020,TV-14,162 min,"Action & Adventure, Comedies, Dramas"
s2877,Movie,,"Kunihiko Yuyama, Motonori Sakakibara",Japan,2020-02-27,2019,TV-Y7,98 min,"Anime Features, Children & Family Movies"
s2878,TV Show,,"Ali Kalthami, Meshal Aljaser, Faris Godus, Mohamed al Salman, Faisal al Amer",Saudi Arabia,2020-02-27,2020,TV-14,1 Season,TV Shows
s2879,Movie,,Tolu Awobiyi,Nigeria,2020-02-26,2016,TV-14,103 min,"Dramas, International Movies, Romantic Movies"
s2880,Movie,,Walter Taylaur,Nigeria,2020-02-26,2015,TV-MA,97 min,"Dramas, International Movies"
s2882,Movie,,Daniel Oriahi,Nigeria,2020-02-26,2015,TV-MA,94 min,"Comedies, Dramas, Independent Movies"
s2883,Movie,,Niyi Akinmolayan,Nigeria,2020-02-26,2016,TV-MA,101 min,"Dramas, International Movies"
s2886,Movie,,Seyi Babatope,Nigeria,2020-02-26,2014,TV-14,109 min,"International Movies, Romantic Movies"
s2887,Movie,,Jason Orley,United States,2020-02-25,2020,TV-MA,50 min,Stand-Up Comedy
s2888,Movie,,Robert Eagar,United States,2020-02-23,2019,TV-PG,110 min,"Children & Family Movies, Dramas, Faith & Spirituality"
s2890,Movie,,Travis Stevens,United States,2020-02-22,2019,TV-MA,92 min,Horror Movies
s2891,TV Show,,Mick Grogan,Canada,2020-02-22,2018,TV-MA,1 Season,"Crime TV Shows, Docuseries"
s2896,Movie,,Nora Fingscheidt,Germany,2020-02-21,2020,TV-MA,120 min,"Dramas, Independent Movies, International Movies"
s2897,Movie,,Jeethu Joseph,India,2020-02-21,2019,TV-14,101 min,"International Movies, Thrillers"
s2898,Movie,,Dee Rees,United States,2020-02-21,2020,R,116 min,"Dramas, Thrillers"
s2899,Movie,,Sooni Taraporevala,India,2020-02-21,2020,TV-MA,117 min,"Dramas, International Movies"
s2900,Movie,,Linda Korsten,South Africa,2020-02-20,2012,TV-PG,95 min,"Comedies, International Movies, Music & Musicals"
s2902,Movie,,Tom Barton-Humphreys,Romania,2020-02-20,2018,TV-PG,93 min,"Children & Family Movies, Documentaries, International Movies"
s2904,Movie,,Angelina Jolie,France,2020-02-16,2015,R,122 min,"Dramas, Romantic Movies"
s2905,Movie,,R.J. Daniel Hanna,United States,2020-02-16,2019,TV-MA,102 min,"Dramas, Independent Movies"
s2906,Movie,,Paco Cabezas,United States,2020-02-16,2015,R,96 min,"Action & Adventure, Comedies, Romantic Movies"
s2907,TV Show,,Tosin Coker,Nigeria,2020-02-16,2017,TV-MA,1 Season,"International TV Shows, TV Dramas"
s2908,Movie,,Peter Billingsley,United States,2020-02-16,2016,R,93 min,"Dramas, Thrillers"
s2909,Movie,,Jason Zada,United States,2020-02-16,2016,PG-13,93 min,"Horror Movies, Independent Movies"
s2910,Movie,,Avgousta Zourelidi,Not Given,2020-02-15,2017,TV-Y,72 min,Movies
s2912,Movie,,"Richard Phelan, Will Becher",United Kingdom,2020-02-14,2019,G,87 min,"Children & Family Movies, Comedies"
s2913,Movie,,Rod Cabatana Marmol,Philippines,2020-02-14,2019,TV-MA,95 min,"Dramas, International Movies, Romantic Movies"
s2914,Movie,,Michał Tylka,Poland,2020-02-14,2017,TV-MA,33 min,"Comedies, Dramas, Independent Movies"
s2915,Movie,,Oliver Kienle,Germany,2020-02-14,2020,TV-MA,113 min,"Comedies, International Movies, Romantic Movies"
s2916,Movie,,Brian Webber,South Africa,2020-02-14,2010,TV-PG,118 min,"Comedies, International Movies, Music & Musicals"
s2917,Movie,,Ashutosh Gowariker,India,2020-02-14,2019,TV-14,171 min,"Dramas, International Movies, Romantic Movies"
s2919,Movie,,Charles Uwagbai,Nigeria,2020-02-14,2018,TV-14,100 min,"Comedies, International Movies"
s2920,Movie,,"Takashi Yamazaki, Ryuichi Yagi, Makoto Hanafusa",Japan,2020-02-13,2019,TV-PG,103 min,"Action & Adventure, Anime Features, Children & Family Movies"
s2924,TV Show,,"Pantham Thongsang, Cheewatan Pusitsuksa",Thailand,2020-02-13,2019,TV-MA,1 Season,"Crime TV Shows, International TV Shows, TV Dramas"
s2925,Movie,,"Paul Krüger, Anél Stolp",South Africa,2020-02-12,2015,TV-PG,86 min,"Comedies, International Movies, Romantic Movies"
s2926,Movie,,Michael Fimognari,United States,2020-02-12,2020,TV-14,102 min,"Comedies, Romantic Movies"
s2929,Movie,,"Benny Safdie, Josh Safdie",United States,2020-02-11,2017,R,101 min,"Dramas, Independent Movies, Thrillers"
s2930,Movie,,Andres Clariond,Mexico,2020-02-11,2020,TV-PG,73 min,"Documentaries, International Movies"
s2931,Movie,,Andibachtiar Yusuf,Indonesia,2020-02-10,2019,TV-14,96 min,"Dramas, International Movies, Romantic Movies"
s2933,Movie,,Andrew Dean,United States,2020-02-09,2018,TV-MA,106 min,"Dramas, Independent Movies, Thrillers"
s2934,Movie,,Lars Klevberg,United States,2020-02-09,2019,PG-13,88 min,Horror Movies
s2935,Movie,,Lukasz Kosmicki,Poland,2020-02-08,2019,TV-MA,103 min,"Dramas, International Movies, Thrillers"
s2936,Movie,,Shanavas K. Bavakutty,India,2020-02-08,2019,TV-14,139 min,"Comedies, Dramas, International Movies"
s2937,Movie,,Kwabena Gyansah,Ghana,2020-02-07,2018,TV-14,89 min,"Dramas, International Movies"
s2940,Movie,,Jeff Baena,United States,2020-02-07,2020,R,104 min,"Dramas, Independent Movies"
s2941,Movie,,Kumaran,India,2020-02-07,2019,TV-14,124 min,"Dramas, International Movies, Sports Movies"
s2947,Movie,,"Austin Peck, Anneliese Vandenberg",Kenya,2020-02-06,2014,TV-14,70 min,Documentaries
s2948,TV Show,,James Bamford,United States,2020-02-05,2019,TV-14,8 Seasons,"Crime TV Shows, TV Action & Adventure"
s2949,TV Show,,"Julia Willoughby Nason, Jenner Furst",United States,2020-02-05,2020,TV-MA,1 Season,"Crime TV Shows, Docuseries"
s2950,Movie,,"Nate Adams, Adam Carolla",United States,2020-02-05,2020,TV-MA,106 min,"Documentaries, Sports Movies"
s2951,Movie,,Ivan Silvestrini,United States,2020-02-04,2020,PG-13,97 min,"Action & Adventure, Sci-Fi & Fantasy"
s2952,Movie,,Robert Krantz,United States,2020-02-04,2019,PG,106 min,"Comedies, Faith & Spirituality, Romantic Movies"
s2953,Movie,,Gregory Jacobs,United States,2020-02-04,2020,TV-14,60 min,Stand-Up Comedy
s2955,Movie,,Jeethu Joseph,India,2020-02-03,2019,TV-14,148 min,"International Movies, Thrillers"
s2956,Movie,,Alfonso Cortés-Cavanillas,Spain,2020-02-03,2020,TV-MA,122 min,"Dramas, International Movies, Thrillers"
s2957,Movie,,Xavier Manrique,United States,2020-02-01,2016,TV-MA,86 min,"Comedies, Dramas, Independent Movies"
s2958,Movie,,Sooraj R. Barjatya,India,2020-02-01,1994,TV-14,193 min,"Classic Movies, Dramas, International Movies"
s2961,Movie,,Richard Gabai,United States,2020-02-01,2017,R,92 min,Movies
s2962,Movie,,Alfons Adetuyi,Canada,2020-02-01,2018,PG-13,94 min,"Comedies, International Movies, Romantic Movies"
s2963,TV Show,,Thomas Astruc,France,2020-02-01,2019,TV-Y7,5 Seasons,"Kids' TV, TV Action & Adventure"
s2964,Movie,,Erwin van den Eshof,Netherlands,2020-02-01,2019,TV-G,82 min,"Children & Family Movies, Comedies, International Movies"
s2969,Movie,,G.J. Echternkamp,United States,2020-02-01,2019,TV-MA,89 min,"Action & Adventure, Horror Movies, Sci-Fi & Fantasy"
s2970,Movie,,Sooraj R. Barjatya,India,2020-02-01,1999,TV-G,176 min,"Dramas, International Movies, Music & Musicals"
s2971,Movie,,Hikari,Japan,2020-01-31,2020,TV-MA,116 min,"Dramas, International Movies"
s2973,Movie,,Jean-Claude Flamand-Barny,France,2020-01-31,2016,TV-MA,86 min,"Dramas, International Movies"
s2974,Movie,,Oluseyi Asurf,Nigeria,2020-01-31,2017,TV-14,93 min,"Comedies, Dramas, Independent Movies"
s2976,Movie,,Lana Wilson,United States,2020-01-31,2020,TV-MA,85 min,"Documentaries, Music & Musicals"
s2979,Movie,,Shannon Hartman,United States,2020-01-30,2009,TV-MA,62 min,Stand-Up Comedy
s2982,Movie,,David Oelhoffen,France,2020-01-29,2018,TV-MA,112 min,"Dramas, International Movies"
s2986,Movie,,Ramesh Sippy,India,2020-01-27,2020,TV-14,121 min,"Comedies, International Movies, Romantic Movies"
s2987,Movie,,Halitha Shameem,India,2020-01-26,2019,TV-14,133 min,"Comedies, Dramas, Independent Movies"
s2988,Movie,,"Vir Das, Ajay Bhuyan",India,2020-01-26,2020,TV-MA,76 min,Stand-Up Comedy
s2989,Movie,,"Josh Z. Weinstein, Joshua Z. Weinstein",United States,2020-01-25,2017,PG,82 min,"Dramas, Independent Movies"
s2990,Movie,,Chung Mong-hong,Taiwan,2020-01-24,2019,TV-MA,156 min,"Dramas, Independent Movies, International Movies"
s2991,Movie,,Johnny Breedt,South Africa,2020-01-24,2015,TV-MA,90 min,"International Movies, Thrillers"
s2996,Movie,,César Rodrigues,United States,2020-01-23,2020,TV-PG,97 min,"Comedies, International Movies, Romantic Movies"
s2997,Movie,,Alex Díaz,Mexico,2020-01-23,2020,TV-MA,51 min,Stand-Up Comedy
s3000,TV Show,,Quek Shio-chuan,Taiwan,2020-01-23,2020,TV-14,1 Season,"International TV Shows, TV Dramas, TV Mysteries"
s3003,Movie,,"Pablo Stoll, Juan Pablo Rebella",Uruguay,2020-01-22,2004,TV-MA,98 min,"Comedies, Dramas, International Movies"
s3004,Movie,,Krysia Plonka,United States,2020-01-21,2020,TV-MA,61 min,Stand-Up Comedy
s3005,Movie,,Madhumita,India,2020-01-21,2019,TV-14,116 min,"Comedies, Dramas, Independent Movies"
s3007,Movie,,Debamitra Biswal,India,2020-01-20,2019,TV-14,132 min,"Comedies, Dramas, International Movies"
s3008,Movie,,David Lynch,United States,2020-01-20,2020,TV-14,17 min,"Dramas, Independent Movies"
s3009,Movie,,Sofia Coppola,United States,2020-01-18,2013,R,91 min,"Dramas, Independent Movies"
s3010,Movie,,Tyler Perry,United States,2020-01-17,2020,TV-MA,121 min,"Dramas, Thrillers"
s3015,Movie,,Caryn Waechter,United States,2020-01-16,2019,TV-14,78 min,Horror Movies
s3017,Movie,,Tim Hill,United States,2020-01-16,2011,PG,95 min,"Children & Family Movies, Comedies"
s3018,Movie,,Numa Perrier,United States,2020-01-16,2019,TV-MA,86 min,"Dramas, Independent Movies"
s3019,Movie,,Brian Helgeland,United Kingdom,2020-01-16,2015,R,132 min,"Dramas, International Movies, Thrillers"
s3020,Movie,,Yoshiyuki Momose,Japan,2020-01-16,2019,TV-14,107 min,"Action & Adventure, Anime Features, Children & Family Movies"
s3022,Movie,,Danny Boyle,United Kingdom,2020-01-16,2015,R,122 min,Dramas
s3023,Movie,,Rima Das,India,2020-01-15,2018,TV-14,95 min,"Dramas, Independent Movies, International Movies"
s3024,Movie,,Paco Plaza,Spain,2020-01-15,2019,TV-MA,108 min,"Dramas, International Movies, Thrillers"
s3026,Movie,,Andrew Goth,Austria,2020-01-15,2017,R,99 min,"International Movies, Sci-Fi & Fantasy, Thrillers"
s3027,Movie,,William Kaufman,United States,2020-01-15,2019,TV-MA,103 min,"Action & Adventure, Independent Movies"
s3028,Movie,,"David Benioff, D.B. Weiss",United States,2020-01-14,2020,TV-MA,66 min,Stand-Up Comedy
s3030,Movie,,Patryk Vega,Poland,2020-01-14,2019,TV-MA,132 min,"Action & Adventure, Dramas, International Movies"
s3032,Movie,,Steve Boettcher,United States,2020-01-12,2018,TV-14,56 min,Documentaries
s3033,Movie,,Mikhil Musale,India,2020-01-12,2019,TV-MA,128 min,"Comedies, Dramas, International Movies"
s3037,TV Show,,Soumendra Padhi,India,2020-01-10,2020,TV-MA,1 Season,"Crime TV Shows, International TV Shows, TV Dramas"
s3039,Movie,,Tom Green,United Kingdom,2020-01-10,2014,R,119 min,"Action & Adventure, Dramas, Independent Movies"
s3042,Movie,,Don Michael Paul,United States,2020-01-09,2020,TV-MA,97 min,"Action & Adventure, Comedies"
s3044,Movie,,David Lowery,United States,2020-01-07,2017,R,92 min,"Dramas, Independent Movies"
s3045,Movie,,Maria Ripoll,Spain,2020-01-07,2020,TV-MA,102 min,"Comedies, Dramas, International Movies"
s3047,Movie,,Yibrán Asuad,Mexico,2020-01-03,2020,TV-14,90 min,"Comedies, International Movies, Romantic Movies"
s3049,Movie,,Mohit Suri,India,2020-01-02,2017,TV-14,129 min,"Dramas, International Movies, Romantic Movies"
s3052,Movie,,Edwin,Indonesia,2020-01-01,2018,TV-14,106 min,"Dramas, International Movies"
s3055,Movie,,Vadim Jean,United Kingdom,2020-01-01,2014,TV-PG,105 min,"Comedies, International Movies"
s3058,Movie,,"Mark A.Z. Dippé, Kyung Ho Lee",United States,2020-01-01,2007,TV-Y,78 min,"Children & Family Movies, Comedies"
s3059,Movie,,"Mark A.Z. Dippé, Eondeok Han",United States,2020-01-01,2008,TV-Y7,79 min,"Children & Family Movies, Comedies"
s3060,Movie,,Mark A.Z. Dippé,South Korea,2020-01-01,2009,G,78 min,"Children & Family Movies, Comedies"
s3061,Movie,,"Anurag Kashyap, Dibakar Banerjee, Karan Johar, Zoya Akhtar",India,2020-01-01,2020,TV-MA,145 min,"Horror Movies, International Movies, Thrillers"
s3062,Movie,,Michael Simon,United States,2020-01-01,2015,TV-MA,71 min,Stand-Up Comedy
s3063,Movie,,John A. Davis,United States,2020-01-01,2001,G,83 min,"Children & Family Movies, Comedies, Sci-Fi & Fantasy"
s3065,Movie,,Lucas Margutti,Brazil,2020-01-01,2019,TV-G,81 min,"Children & Family Movies, Comedies, Music & Musicals"
s3073,Movie,,John Lyde,Not Given,2020-01-01,2015,TV-MA,88 min,Action & Adventure
s3068,TV Show,,Justin Webster,Spain,2020-01-01,2020,TV-MA,1 Season,"Crime TV Shows, Docuseries, International TV Shows"
s3069,Movie,,Guillermo del Toro,Mexico,2020-01-01,2006,R,119 min,"Dramas, International Movies, Sci-Fi & Fantasy"
s3070,Movie,,Tetsuo Yajima,Japan,2020-01-01,2018,TV-Y7,98 min,"Anime Features, Children & Family Movies"
s3071,Movie,,Edwin,Indonesia,2020-01-01,2017,TV-MA,102 min,"Dramas, International Movies, Romantic Movies"
s3074,Movie,,Steve Rash,United States,2020-01-01,2009,R,97 min,Comedies
s3078,Movie,,Ravi Babu,India,2019-12-31,2019,TV-14,110 min,"Horror Movies, International Movies, Thrillers"
s3079,Movie,,Soumitra Ranade,India,2019-12-31,2019,TV-MA,85 min,"Dramas, Independent Movies, International Movies"
s3081,Movie,,Jon Rosenbaum,United States,2019-12-31,2019,PG-13,90 min,"Comedies, Sports Movies"
s3082,Movie,,Bruce Leddy,United States,2019-12-31,2019,TV-MA,89 min,Comedies
s3094,Movie,,Odunlade Adekola,Not Given,2019-12-27,2018,TV-MA,103 min,"Comedies, International Movies"
s3090,Movie,,Yuki Yamato,Japan,2019-12-28,2019,TV-MA,120 min,"Dramas, International Movies"
s3091,Movie,,Andrew Wessels,South Africa,2019-12-27,2013,TV-MA,102 min,"Action & Adventure, Comedies, International Movies"
s3092,Movie,,Emir Kusturica,Argentina,2019-12-27,2018,TV-14,73 min,"Documentaries, International Movies"
s3095,Movie,,Elisa Fuksas,Italy,2019-12-26,2019,TV-MA,79 min,"Dramas, Independent Movies, International Movies"
s3097,TV Show,,Lee Toland Krieger,United States,2019-12-26,2019,TV-MA,2 Seasons,"Crime TV Shows, Romantic TV Shows, TV Dramas"
s3098,Movie,,Tony Giglio,United States,2019-12-25,2019,R,97 min,"Action & Adventure, Horror Movies, Sci-Fi & Fantasy"
s3099,Movie,,"Akiyuki Shinbo, Nobuyuki Takeuchi",Japan,2019-12-25,2017,TV-PG,91 min,"Anime Features, Romantic Movies"
s3100,Movie,,Ron Oliver,United States,2019-12-25,2019,PG-13,96 min,"Children & Family Movies, Comedies"
s3101,Movie,,Don Michael Paul,Israel,2019-12-25,2019,R,103 min,"Action & Adventure, Dramas"
s3102,Movie,,"Shojiro Nishimi, Guillaume Renard",France,2019-12-25,2017,R,95 min,"Action & Adventure, Comedies, International Movies"
s3103,Movie,,J.D. Dillard,United States,2019-12-25,2019,PG-13,83 min,"Horror Movies, Sci-Fi & Fantasy, Thrillers"
s3116,Movie,,Omoni Oboli,United Kingdom,2019-12-20,2015,TV-MA,107 min,"Dramas, International Movies"
s3105,Movie,,Pepe Bojórquez,Mexico,2019-12-24,2019,TV-14,117 min,"Comedies, International Movies, Music & Musicals"
s3106,Movie,,Rhys Thomas,United States,2019-12-24,2019,TV-PG,70 min,"Children & Family Movies, Comedies"
s3114,Movie,,Falz,Not Given,2019-12-20,2018,TV-MA,82 min,"International Movies, Music & Musicals"
s3108,Movie,,David M. Rosenthal,United States,2019-12-22,2019,R,90 min,Thrillers
s3110,Movie,,Louise Alston,Australia,2019-12-21,2019,TV-Y,86 min,"Children & Family Movies, Sports Movies"
s3111,Movie,,Sunkanmi Adebayo,Nigeria,2019-12-21,2017,TV-PG,86 min,"Comedies, International Movies"
s3113,Movie,,Omoni Oboli,Nigeria,2019-12-20,2014,TV-14,113 min,"Dramas, International Movies, Romantic Movies"
s3115,Movie,,Frank Rajah Arase,Nigeria,2019-12-20,2015,TV-PG,141 min,"Dramas, International Movies, Romantic Movies"
s3117,Movie,,Fernando Meirelles,United Kingdom,2019-12-20,2019,PG-13,126 min,Dramas
s3119,Movie,,Rodrigo Reyes,United States,2019-12-19,2019,TV-PG,25 min,"Documentaries, International Movies"
s3122,TV Show,,Mark Lewis,United Kingdom,2019-12-18,2019,TV-MA,1 Season,"Crime TV Shows, Docuseries"
s3124,Movie,,Sebastian DiNatale,United States,2019-12-17,2019,TV-MA,63 min,Stand-Up Comedy
s3125,Movie,,"Nuhash Humayun, Syed Ahmed Shawki, Rahat Rahman, Robiul Alam Robi, Golam Kibria Farooki, Mir Mukarram Hossain, Tanvir Ahsan, Mahmudul Islam, Abdullah Al Noor, Krishnendu Chattopadhyay, Syed Saleh Ahmed Sobhan",Bangladesh,2019-12-16,2018,TV-MA,136 min,"Comedies, Dramas, Independent Movies"
s3126,Movie,,Tom Hooper,United Kingdom,2019-12-16,2015,R,120 min,"Dramas, Independent Movies, International Movies"
s3127,Movie,,Karan Anshuman,India,2019-12-15,2015,TV-14,134 min,"Comedies, Dramas, International Movies"
s3131,TV Show,,Obi Emelonye,Nigeria,2019-12-15,2018,TV-MA,1 Season,"International TV Shows, TV Dramas"
s3132,Movie,,Farhan Akhtar,India,2019-12-15,2001,TV-14,185 min,"Comedies, Dramas, International Movies"
s3133,Movie,,Zoya Akhtar,India,2019-12-15,2015,TV-MA,174 min,"Comedies, Dramas, International Movies"
s3134,Movie,,Farhan Akhtar,India,2019-12-15,2006,TV-14,169 min,"Action & Adventure, International Movies"
s3135,Movie,,Farhan Akhtar,India,2019-12-15,2011,TV-14,148 min,"Action & Adventure, International Movies, Music & Musicals"
s3136,Movie,,Mrighdeep Singh Lamba,India,2019-12-15,2013,TV-14,135 min,"Action & Adventure, Comedies, Dramas"
s3137,Movie,,Abhinay Deo,India,2019-12-15,2011,TV-14,135 min,"International Movies, Thrillers"
s3138,TV Show,,Tsutomu Mizushima,Japan,2019-12-15,2012,TV-PG,1 Season,"Anime Series, International TV Shows"
s3140,Movie,,Reema Kagti,India,2019-12-15,2007,TV-14,119 min,"Comedies, Dramas, International Movies"
s3141,Movie,,Jadesola Osiberu,Nigeria,2019-12-15,2017,TV-14,98 min,"Comedies, International Movies, Romantic Movies"
s3142,Movie,,Vijay Lalwani,India,2019-12-15,2010,TV-14,135 min,"Dramas, International Movies, Thrillers"
s3143,Movie,,Farhan Akhtar,India,2019-12-15,2004,TV-PG,185 min,"Action & Adventure, Dramas, International Movies"
s3144,Movie,,Zoya Akhtar,India,2019-12-15,2009,TV-14,156 min,"Dramas, International Movies, Romantic Movies"
s3145,Movie,,Shirley Frimpong-Manso,Ghana,2019-12-15,2017,TV-MA,104 min,"Comedies, Dramas, International Movies"
s3146,Movie,,Abhishek Kapoor,India,2019-12-15,2008,TV-14,139 min,"Dramas, International Movies, Music & Musicals"
s3139,Movie,,Fernando Ayllón,Colombia,2019-12-15,2019,TV-14,89 min,"Children & Family Movies, Comedies, International Movies"
s3148,Movie,,Reema Kagti,India,2019-12-15,2012,TV-14,140 min,"Dramas, International Movies, Thrillers"
s3157,Movie,,Robert O. Peters,Nigeria,2019-12-13,2018,TV-MA,89 min,"International Movies, Thrillers"
s3150,Movie,,Zoya Akhtar,India,2019-12-15,2011,TV-14,154 min,"Comedies, Dramas, International Movies"
s3151,Movie,,Michael Bay,United States,2019-12-13,2019,R,129 min,"Action & Adventure, Dramas"
s3152,Movie,,Robert O. Peters,Nigeria,2019-12-13,2016,TV-MA,99 min,"Comedies, International Movies"
s3153,Movie,,Bunmi Ajakaiye,South Africa,2019-12-13,2017,TV-MA,100 min,"Comedies, International Movies, Romantic Movies"
s3154,Movie,,Omoni Oboli,Nigeria,2019-12-13,2016,TV-14,110 min,"Comedies, International Movies, Romantic Movies"
s3156,Movie,,Ding-Lin Wang,Taiwan,2019-12-13,2019,TV-MA,95 min,"International Movies, Thrillers"
s3176,TV Show,,"Robert Kenner, Taki Oldham",United States,2019-12-06,2019,TV-14,1 Season,"Crime TV Shows, Docuseries"
s3155,Movie,,Biodun Stephen,Not Given,2019-12-13,2018,TV-14,107 min,"Dramas, International Movies, Romantic Movies"
s3158,Movie,,Richard van't Riet,United Kingdom,2019-12-12,2019,TV-MA,65 min,Stand-Up Comedy
s3159,Movie,,Shonali Bose,India,2019-12-11,2019,TV-MA,143 min,"Dramas, International Movies"
s3160,Movie,,Sameh Abdulaziz,Egypt,2019-12-10,2017,TV-14,101 min,"Comedies, International Movies"
s3161,Movie,,Lance Bangs,United States,2019-12-10,2019,TV-MA,60 min,Stand-Up Comedy
s3162,Movie,,Robbie Countryman,United States,2019-12-09,2019,TV-PG,29 min,"Children & Family Movies, Comedies"
s3163,Movie,,Trey Edward Shults,United States,2019-12-09,2017,R,92 min,"Horror Movies, Independent Movies"
s3164,Movie,,Sujeeth,India,2019-12-08,2019,TV-14,172 min,"Action & Adventure, International Movies"
s3165,Movie,,Alexandre Avancini,Brazil,2019-12-07,2019,PG-13,97 min,"Dramas, Faith & Spirituality, International Movies"
s3167,Movie,,BB Sasore,Nigeria,2019-12-06,2017,TV-14,108 min,"Comedies, International Movies"
s3168,Movie,,Pascal Amanfo,Not Given,2019-12-06,2017,TV-14,107 min,"Dramas, International Movies"
s3170,Movie,,Noah Baumbach,United Kingdom,2019-12-06,2019,R,137 min,Dramas
s3171,Movie,,Atsuko Ishizuka,Japan,2019-12-06,2017,TV-MA,106 min,"Action & Adventure, Anime Features, International Movies"
s3172,Movie,,Eric Aghimien,Nigeria,2019-12-06,2017,TV-MA,115 min,"Dramas, International Movies"
s3175,TV Show,,Michel Tikhomiroff,Brazil,2019-12-06,2019,TV-MA,2 Seasons,"International TV Shows, TV Dramas, TV Mysteries"
s3179,Movie,,Omoni Oboli,Nigeria,2019-12-06,2016,TV-14,92 min,"Comedies, Dramas, International Movies"
s3180,Movie,,Omoni Oboli,United Kingdom,2019-12-06,2017,TV-PG,93 min,"Comedies, Dramas, International Movies"
s3181,Movie,,John Schultz,United States,2019-12-05,2019,TV-PG,85 min,"Children & Family Movies, Dramas, Romantic Movies"
s3187,Movie,,Linda Mendoza,United States,2019-12-03,2019,TV-MA,56 min,Stand-Up Comedy
s3189,Movie,,Michelle Johnston,United States,2019-12-01,2019,PG,86 min,"Children & Family Movies, Comedies, Music & Musicals"
s3190,Movie,,Vijay Kumar Arora,India,2019-12-01,2019,TV-PG,127 min,"Comedies, International Movies, Romantic Movies"
s3191,Movie,,Matt Shakman,United States,2019-12-01,2014,R,93 min,"Dramas, Thrillers"
s3192,Movie,,Mikhail Red,Philippines,2019-12-01,2019,TV-MA,94 min,"Dramas, International Movies, Thrillers"
s3194,Movie,,Pankaj Batra,India,2019-12-01,2019,TV-14,120 min,"Comedies, International Movies, Romantic Movies"
s3195,Movie,,Serge Ou,Australia,2019-12-01,2019,TV-MA,108 min,"Documentaries, International Movies"
s3196,Movie,,Navaniat Singh,India,2019-12-01,2017,TV-14,135 min,"Dramas, International Movies, Romantic Movies"
s3198,Movie,,Gaurav Bavdankar,United Kingdom,2019-12-01,2017,TV-14,134 min,"Comedies, Dramas, International Movies"
s3199,Movie,,Jagdeep Sidhu,India,2019-12-01,2018,TV-PG,137 min,"Dramas, International Movies, Romantic Movies"
s3201,Movie,,Tanawat Aiemjinda,Thailand,2019-12-01,2019,TV-14,103 min,"Children & Family Movies, Dramas, International Movies"
s3202,Movie,,Mukesh Vohra,India,2019-12-01,2017,TV-14,133 min,"Comedies, Dramas, International Movies"
s3203,Movie,,"Syrine Boulanouar, Nekfeu",France,2019-12-01,2019,TV-MA,95 min,"Documentaries, International Movies, Music & Musicals"
s3204,Movie,,Tudor Giurgiu,Romania,2019-12-01,2015,TV-MA,126 min,"Dramas, International Movies, Thrillers"
s3206,Movie,,"Luis Ara, Ignacio Jaunsolo",Uruguay,2019-11-30,2019,TV-G,67 min,"Documentaries, International Movies"
s3207,Movie,,Abhishek Sharma,India,2019-11-30,2019,TV-14,135 min,"Comedies, Dramas, International Movies"
s3208,Movie,,Mati Diop,France,2019-11-29,2019,TV-14,106 min,"Dramas, Independent Movies, International Movies"
s3210,Movie,,Moses Inwang,Nigeria,2019-11-29,2018,TV-MA,107 min,"Comedies, International Movies, Thrillers"
s3211,Movie,,Jérémy Clapin,France,2019-11-29,2019,TV-MA,81 min,"Dramas, Independent Movies, International Movies"
s3212,Movie,,Mandla Dube,South Africa,2019-11-29,2016,TV-MA,107 min,"Dramas, International Movies"
s3215,Movie,,Cheta Chukwu,Nigeria,2019-11-29,2018,TV-MA,110 min,"Comedies, Independent Movies, International Movies"
s3216,Movie,,Roger Russell,Nigeria,2019-11-29,2017,TV-MA,104 min,"Action & Adventure, Comedies, International Movies"
s3218,Movie,,Toka McBaror,Nigeria,2019-11-29,2018,TV-14,93 min,"Dramas, International Movies, Thrillers"
s3219,Movie,,Leslie Small,United States,2019-11-28,2019,TV-PG,94 min,"Children & Family Movies, Dramas"
s3224,Movie,,Edward Zwick,United States,2019-11-27,2008,R,137 min,"Action & Adventure, Dramas"
s3225,Movie,,Basava Shankar Eeday,India,2019-11-27,2019,TV-14,134 min,"Comedies, International Movies, Romantic Movies"
s3227,Movie,,"Elle-Máijá Tailfeathers, Kathleen Hepburn",Canada,2019-11-27,2019,TV-MA,106 min,"Dramas, Independent Movies"
s3228,Movie,,Martin Scorsese,United States,2019-11-27,2019,R,209 min,Dramas
s3229,Movie,,Seth Barrish,United States,2019-11-26,2019,TV-MA,86 min,Stand-Up Comedy
s3230,Movie,,Steve Ball,United States,2019-11-26,2019,TV-Y,24 min,Children & Family Movies
s3214,Movie,,Mike Ezuruonye,Not Given,2019-11-29,2018,TV-MA,118 min,"Comedies, International Movies"
s3226,Movie,,Prakash Satam,Not Given,2019-11-27,2019,TV-Y7,69 min,"Children & Family Movies, Comedies"
s3234,Movie,,Sanjiv Jaiswal,India,2019-11-25,2019,TV-14,117 min,"Action & Adventure, Dramas, International Movies"
s3235,Movie,,"Marta Jaenes, Rosa Márquez",Spain,2019-11-25,2019,TV-MA,87 min,"Documentaries, International Movies"
s3236,Movie,,Ric Roman Waugh,United States,2019-11-24,2017,R,121 min,"Dramas, Thrillers"
s3238,Movie,,Julien Abraham,France,2019-11-22,2019,TV-MA,97 min,"Dramas, Independent Movies, International Movies"
s3240,Movie,,Tsutomu Mizushima,Japan,2019-11-22,2015,TV-MA,121 min,"Action & Adventure, Anime Features, International Movies"
s3245,Movie,,"Nate Adams, Adam Carolla",United States,2019-11-22,2019,TV-MA,119 min,"Documentaries, Sports Movies"
s3249,Movie,,Monika Mitchell,United States,2019-11-21,2019,TV-14,93 min,"Children & Family Movies, Comedies, Romantic Movies"
s3233,TV Show,,Not Given,Mexico,2019-11-26,2019,TV-MA,1 Season,"International TV Shows, Spanish-Language TV Shows, Stand-Up Comedy & Talk Shows"
s3251,Movie,,Eva Orner,United States,2019-11-20,2019,TV-MA,86 min,Documentaries
s3252,Movie,,KVR Mahendra,India,2019-11-20,2019,TV-14,134 min,"Dramas, International Movies, Romantic Movies"
s3254,Movie,,Juan Carlos Rulfo,Mexico,2019-11-20,2019,TV-G,28 min,"Documentaries, International Movies, Sports Movies"
s3255,Movie,,Raj R,India,2019-11-20,2019,TV-14,131 min,"Dramas, Independent Movies, International Movies"
s3257,Movie,,Steve Paley,United States,2019-11-19,2019,TV-MA,78 min,Stand-Up Comedy
s3260,Movie,,Timo Vuorensola,Finland,2019-11-16,2019,TV-MA,93 min,"Action & Adventure, Comedies, International Movies"
s3261,Movie,,Robb Dipple,United States,2019-11-16,2014,TV-MA,84 min,Stand-Up Comedy
s3262,Movie,,Sarah Gavron,United Kingdom,2019-11-16,2015,PG-13,107 min,"Dramas, International Movies"
s3263,Movie,,Eli Roth,United States,2019-11-16,2013,R,101 min,"Horror Movies, Independent Movies"
s3265,Movie,,Wash Westmoreland,United Kingdom,2019-11-15,2019,R,107 min,"Dramas, Romantic Movies"
s3266,Movie,,Alessandro Angulo,Colombia,2019-11-15,2019,TV-14,74 min,"Documentaries, International Movies"
s3267,Movie,,Mauro Scandolari,Argentina,2019-11-15,2019,TV-PG,60 min,"Children & Family Movies, Music & Musicals"
s3268,Movie,,Arjun Jandyala,India,2019-11-15,2019,TV-MA,143 min,"Action & Adventure, Dramas, International Movies"
s3269,Movie,,"Shashanka Ghosh, Samit Basu",India,2019-11-15,2019,TV-14,105 min,"Comedies, Independent Movies, International Movies"
s3290,Movie,,Christopher Storer,United States,2019-11-12,2019,TV-MA,59 min,Stand-Up Comedy
s3273,Movie,,Naoko Yamada,Japan,2019-11-15,2011,TV-PG,110 min,"Anime Features, Music & Musicals"
s3274,Movie,,Sergio Pablos,Spain,2019-11-15,2019,PG,98 min,"Children & Family Movies, Comedies"
s3279,Movie,,Valli Bindana,India,2019-11-15,2018,TV-14,74 min,"Documentaries, International Movies"
s3281,Movie,,Makoto Shinkai,Japan,2019-11-15,2013,TV-14,46 min,"Anime Features, International Movies, Romantic Movies"
s3286,Movie,,Gautier & Leduc,France,2019-11-14,2019,TV-MA,54 min,Stand-Up Comedy
s3291,Movie,,Tom Ford,United States,2019-11-11,2009,R,100 min,"Dramas, Independent Movies, LGBTQ Movies"
s3293,Movie,,Josh Aronson,United States,2019-11-11,2019,TV-MA,88 min,Documentaries
s3297,Movie,,Luke Snellin,United States,2019-11-08,2019,PG-13,93 min,"Comedies, Dramas, LGBTQ Movies"
s3298,Movie,,Xavier Durringer,France,2019-11-08,2019,TV-MA,94 min,"Action & Adventure, Dramas, International Movies"
s3300,Movie,,Pawan Kumar,India,2019-11-07,2016,TV-14,121 min,"International Movies, Thrillers"
s3301,Movie,,Phillip Youmans,United States,2019-11-06,2019,TV-MA,78 min,Dramas
s3303,Movie,,Zhang Yimou,China,2019-11-06,2018,TV-14,116 min,"Action & Adventure, Dramas, International Movies"
s3304,Movie,,Lucas Margutti,Brazil,2019-11-05,2019,TV-G,87 min,"Children & Family Movies, Comedies, Music & Musicals"
s3306,Movie,,Neal Brennan,United States,2019-11-05,2019,TV-MA,61 min,Stand-Up Comedy
s3308,Movie,,Azazel Jacobs,United States,2019-11-05,2017,R,98 min,"Comedies, Dramas, Independent Movies"
s3309,Movie,,Jung Ji-woo,South Korea,2019-11-05,2019,TV-MA,123 min,"Dramas, International Movies, Romantic Movies"
s3330,Movie,,Kenny Leon,United States,2019-11-01,2019,TV-MA,90 min,Dramas
s3310,Movie,,Leslie Small,United States,2019-11-05,2019,R,85 min,Comedies
s3312,Movie,,Matt D'Avella,United States,2019-11-04,2016,TV-14,78 min,Documentaries
s3313,Movie,,Parthiban,India,2019-11-04,2019,TV-MA,103 min,"Dramas, International Movies, Thrillers"
s3316,Movie,,Savage Steve Holland,United States,2019-11-02,2014,TV-Y7,68 min,"Children & Family Movies, Comedies"
s3318,Movie,,Savage Steve Holland,United States,2019-11-02,2012,TV-PG,68 min,"Children & Family Movies, Comedies, Music & Musicals"
s3319,Movie,,Scott McAboy,United States,2019-11-02,2017,TV-Y,69 min,Children & Family Movies
s3320,Movie,,"Raymie Muzquiz, Stu Livingston",United States,2019-11-02,2017,TV-PG,81 min,"Children & Family Movies, Comedies"
s3321,Movie,,Stephen Herek,United States,2019-11-02,2013,TV-Y,69 min,"Children & Family Movies, Comedies"
s3322,Movie,,Joe Menendez,United States,2019-11-02,2016,TV-PG,68 min,Children & Family Movies
s3323,Movie,,Vince Marcello,United States,2019-11-02,2015,TV-PG,68 min,"Children & Family Movies, Comedies"
s3324,Movie,,Eric Bross,United States,2019-11-02,2010,TV-Y,86 min,"Children & Family Movies, Comedies"
s3325,Movie,,Will Eisenberg,United States,2019-11-02,2015,TV-Y,40 min,"Children & Family Movies, Comedies"
s3327,Movie,,Marina Seresesky,Spain,2019-11-01,2019,TV-MA,94 min,"Comedies, International Movies"
s3347,Movie,,Manolo Caro,Mexico,2019-11-01,2019,TV-MA,36 min,Movies
s3332,Movie,,Harvey Lowry,United States,2019-11-01,2017,TV-PG,112 min,Dramas
s3333,Movie,,James Dearden,United Kingdom,2019-11-01,2018,TV-MA,101 min,Comedies
s3335,Movie,,Tarun Mansukhani,India,2019-11-01,2019,TV-14,119 min,"Action & Adventure, International Movies"
s3336,Movie,,"Drea Cooper, Zackary Canepari",United States,2019-11-01,2019,TV-MA,40 min,Documentaries
s3338,Movie,,Ernie Barbarash,United States,2019-11-01,2019,TV-PG,86 min,"Children & Family Movies, Dramas, Romantic Movies"
s3339,Movie,,Michael A. Nickles,United States,2019-11-01,2018,PG,92 min,"Children & Family Movies, Comedies, Romantic Movies"
s3344,Movie,,Blayne Weaver,United States,2019-11-01,2019,TV-PG,91 min,"Children & Family Movies, Comedies, Romantic Movies"
s3348,Movie,,David Michôd,United Kingdom,2019-11-01,2019,R,141 min,Dramas
s3349,Movie,,Marco Bonfanti,Italy,2019-11-01,2019,TV-MA,107 min,"Dramas, International Movies"
s3350,Movie,,Everardo González,Mexico,2019-11-01,2007,TV-MA,97 min,"Documentaries, International Movies"
s3354,Movie,,"Rodrigo Guardiola, Gabriel Cruz Rivas",Mexico,2019-11-01,2016,TV-MA,89 min,"Documentaries, International Movies, Music & Musicals"
s3355,Movie,,Juani Libonatti,Argentina,2019-10-31,2019,TV-MA,65 min,Stand-Up Comedy
s3357,TV Show,,DJ Chen,Taiwan,2019-10-31,2019,TV-MA,1 Season,"Crime TV Shows, International TV Shows, TV Action & Adventure"
s3359,TV Show,,Park Joon-hwa,South Korea,2019-10-30,2016,TV-14,1 Season,"International TV Shows, Korean TV Shows, Romantic TV Shows"
s3360,Movie,,Saravana Rajendran,India,2019-10-30,2019,TV-MA,126 min,"Dramas, International Movies, Romantic Movies"
s3363,Movie,,Brian Volk-Weiss,United States,2019-10-29,2019,TV-MA,63 min,Stand-Up Comedy
s3366,Movie,,Everardo González,Mexico,2019-10-28,2019,TV-PG,28 min,"Documentaries, International Movies"
s3367,Movie,,Matt Kay,United Kingdom,2019-10-28,2018,TV-G,20 min,"Documentaries, International Movies, Sports Movies"
s3352,TV Show,,Not Given,Argentina,2019-11-01,2006,TV-MA,1 Season,"International TV Shows, Spanish-Language TV Shows, TV Dramas"
s3377,Movie,,Michael Steed,Not Given,2019-10-25,2019,TV-PG,61 min,International Movies
s3372,Movie,,Ozan Açıktan,Turkey,2019-10-25,2014,TV-MA,106 min,"Dramas, International Movies, Thrillers"
s3373,Movie,,Craig Brewer,United States,2019-10-25,2019,R,118 min,"Comedies, Dramas"
s3375,Movie,,Billy Lyons,United States,2019-10-25,2019,TV-MA,127 min,Documentaries
s3380,Movie,,Zak Hilditch,United States,2019-10-25,2019,TV-MA,86 min,"Horror Movies, Independent Movies, Thrillers"
s3381,Movie,,Michael Steiner,Switzerland,2019-10-25,2018,TV-MA,94 min,"Comedies, Dramas, International Movies"
s3384,Movie,,Andrew Slater,United States,2019-10-24,2019,PG-13,82 min,"Documentaries, Music & Musicals"
s3385,Movie,,"Glen Goei, Gavin Yap",Singapore,2019-10-24,2019,TV-14,92 min,"Horror Movies, International Movies"
s3387,Movie,,Huw Cordey,United States,2019-10-23,2019,TV-PG,52 min,Documentaries
s3388,Movie,,Yuen Woo-ping,Hong Kong,2019-10-23,2018,TV-14,108 min,"Action & Adventure, International Movies"
s3389,Movie,,Gillian Robespierre,United States,2019-10-22,2019,TV-MA,67 min,"Documentaries, Stand-Up Comedy"
s3390,Movie,,Ben Wheatley,United Kingdom,2019-10-21,2016,R,91 min,"Action & Adventure, Comedies, Independent Movies"
s3392,Movie,,Thomas Vinterberg,France,2019-10-19,2018,PG-13,118 min,"Dramas, International Movies, Thrillers"
s3393,Movie,,Adze Ugah,South Africa,2019-10-18,2017,TV-14,87 min,"Comedies, International Movies, Romantic Movies"
s3400,Movie,,Frank Rajah Arase,Nigeria,2019-10-18,2018,TV-MA,99 min,"Dramas, International Movies"
s3399,Movie,,Ciarán Foy,United States,2019-10-18,2019,TV-MA,98 min,Horror Movies
s3403,Movie,,Yılmaz Erdoğan,Turkey,2019-10-18,2017,TV-14,95 min,"Comedies, International Movies, Romantic Movies"
s3406,Movie,,Daniel Sánchez Arévalo,Spain,2019-10-18,2019,TV-MA,100 min,"Comedies, Dramas, International Movies"
s3408,Movie,,Don Omope,Nigeria,2019-10-18,2017,TV-MA,101 min,"Action & Adventure, Dramas, International Movies"
s3409,Movie,,Ed Perkins,United Kingdom,2019-10-18,2019,TV-MA,86 min,Documentaries
s3410,Movie,,Steven Soderbergh,United States,2019-10-18,2019,R,96 min,"Comedies, Dramas"
s3412,Movie,,Tope Oshin,Nigeria,2019-10-18,2018,TV-14,99 min,"Dramas, International Movies"
s3391,Movie,,Prakash Satam,Not Given,2019-10-19,2019,TV-Y7,66 min,"Children & Family Movies, Comedies"
s3413,Movie,,Udai Singh Pawar,India,2019-10-18,2019,TV-14,112 min,"Comedies, Dramas, International Movies"
s3414,Movie,,Guntur Soeharjanto,Indonesia,2019-10-18,2017,TV-14,127 min,"Dramas, Faith & Spirituality, International Movies"
s3418,Movie,,Bassam Tariq,United States,2019-10-16,2019,TV-MA,22 min,Documentaries
s3419,Movie,,Leslie Iwerks,United States,2019-10-16,2019,TV-MA,78 min,Documentaries
s3420,Movie,,Kim Joo-hyung,South Korea,2019-10-16,2019,TV-MA,63 min,Stand-Up Comedy
s3422,Movie,,Ciarán Foy,United States,2019-10-16,2015,R,97 min,Horror Movies
s3423,Movie,,Louie Psihoyos,United States,2019-10-16,2018,TV-MA,86 min,"Documentaries, Sports Movies"
s3424,TV Show,,Ahmet Katıksız,Turkey,2019-10-15,2014,TV-MA,1 Season,"Crime TV Shows, International TV Shows, TV Dramas"
s3425,Movie,,Jean-François Blais,Canada,2019-10-14,2019,TV-14,62 min,Stand-Up Comedy
s3426,Movie,,"Leïla Sy, Kery James",France,2019-10-13,2019,TV-MA,96 min,"Dramas, International Movies"
s3428,Movie,,Hakan Algül,Turkey,2019-10-11,2017,TV-MA,104 min,"Comedies, International Movies, Romantic Movies"
s3429,Movie,,Vince Gilligan,United States,2019-10-11,2019,TV-MA,123 min,"Dramas, Thrillers"
s3430,Movie,,Brad Anderson,United States,2019-10-11,2019,TV-MA,100 min,Thrillers
s3432,Movie,,Bolanle Austen-Peters,Nigeria,2019-10-11,2019,TV-14,99 min,"Dramas, International Movies"
s3433,Movie,,Sion Sono,Japan,2019-10-11,2019,TV-MA,151 min,"Dramas, International Movies, Thrillers"
s3437,Movie,,Naoto Amazutsumi,Not Given,2019-10-10,2019,TV-14,154 min,"International Movies, Music & Musicals"
s3435,Movie,,Dennis Rovira van Boekholt,Spain,2019-10-11,2019,TV-MA,102 min,"Horror Movies, International Movies"
s3439,Movie,,Jenny Gage,United States,2019-10-09,2019,PG-13,106 min,"Dramas, Romantic Movies"
s3440,Movie,,Kaila York,United States,2019-10-09,2019,TV-14,87 min,"Dramas, Thrillers"
s3442,Movie,,Ryan Polito,United States,2019-10-08,2019,TV-MA,70 min,Stand-Up Comedy
s3444,Movie,,Andibachtiar Yusuf,Indonesia,2019-10-06,2018,TV-14,101 min,"Dramas, International Movies, Romantic Movies"
s3447,Movie,,Vandana Kataria,India,2019-10-05,2019,TV-MA,109 min,"Dramas, Independent Movies, International Movies"
s3449,Movie,,Onur Bilgetay,Turkey,2019-10-04,2019,TV-MA,110 min,"Comedies, International Movies, Romantic Movies"
s3451,Movie,,Vincenzo Natali,Canada,2019-10-04,2019,TV-MA,102 min,"Horror Movies, Thrillers"
s3452,Movie,,Tugçe Soysop,Turkey,2019-10-04,2019,TV-PG,102 min,"Children & Family Movies, Comedies"
s3457,Movie,,"Jacob Joice, Steve Ball",United States,2019-10-04,2019,TV-Y,24 min,Children & Family Movies
s3460,Movie,,Luis Javier Henaine,Mexico,2019-10-02,2019,TV-MA,98 min,"Comedies, International Movies, Romantic Movies"
s3461,Movie,,Anand Kamalakar,United States,2019-10-02,2018,TV-PG,76 min,Documentaries
s3462,TV Show,,Lee Yoon-jung,South Korea,2019-10-01,2016,TV-14,1 Season,"International TV Shows, Korean TV Shows, Romantic TV Shows"
s3466,Movie,,Roy Poortmans,Netherlands,2019-10-01,2018,TV-14,90 min,"Dramas, International Movies, Romantic Movies"
s3469,Movie,,Vrinda Samartha,India,2019-10-01,2017,TV-PG,59 min,"Documentaries, International Movies, Sports Movies"
s3472,Movie,,Nicholaus Goossen,United States,2019-10-01,2019,TV-MA,64 min,Stand-Up Comedy
s3473,Movie,,"Stig Bergqvist, Paul Demeyer",Germany,2019-10-01,2000,G,79 min,"Children & Family Movies, Comedies"
s3480,Movie,,Mana Yasuda,Japan,2019-09-28,2019,TV-PG,45 min,"Documentaries, International Movies"
s3476,Movie,,"Igor Kovalyov, Norton Virgien",United States,2019-10-01,1998,G,81 min,"Children & Family Movies, Comedies"
s3477,Movie,,Noah Baumbach,United States,2019-10-01,2005,R,81 min,"Comedies, Dramas, Independent Movies"
s3478,TV Show,,Danny Cannon,United States,2019-09-30,2019,TV-MA,5 Seasons,"Crime TV Shows, TV Action & Adventure, TV Dramas"
s3479,Movie,,Chris Howe,United Kingdom,2019-09-30,2019,TV-MA,64 min,Stand-Up Comedy
s3481,Movie,,Mana Yasuda,Japan,2019-09-28,2019,TV-PG,90 min,"Dramas, International Movies"
s3483,Movie,,Gupse Özay,Turkey,2019-09-27,2018,TV-PG,102 min,"Comedies, International Movies"
s3485,Movie,,Jim Mickle,United States,2019-09-27,2019,TV-MA,116 min,"Dramas, Sci-Fi & Fantasy, Thrillers"
s3486,Movie,,"Jumpei Mizusaki, Koji Morimoto, Michael Arias, Masaru Matsumoto, Arthell Isom, Henry Thurlow, Takanobu Mizuno, Elsa Nakamichi, Hajime Sasaki, Shinji Takagi",United States,2019-09-27,2019,TV-MA,42 min,"Anime Features, Music & Musicals, Sci-Fi & Fantasy"
s3487,Movie,,Mangesh Hadawale,India,2019-09-26,2019,TV-14,133 min,"Dramas, International Movies, Romantic Movies"
s3488,Movie,,Wong Kar Wai,Hong Kong,2019-09-26,2013,PG-13,108 min,"Action & Adventure, Dramas, International Movies"
s3493,Movie,,B. V. Nandini Reddy,India,2019-09-25,2019,TV-14,146 min,"Comedies, International Movies, Music & Musicals"
s3491,Movie,,Otilia Portillo Padua,United States,2019-09-25,2019,TV-G,38 min,"Documentaries, International Movies"
s3494,Movie,,B. V. Nandini Reddy,India,2019-09-25,2019,TV-14,146 min,"Comedies, International Movies, Music & Musicals"
s3495,Movie,,Michael J. Bassett,United States,2019-09-24,2019,R,106 min,Action & Adventure
s3496,Movie,,Troy Miller,United States,2019-09-24,2019,TV-MA,58 min,Stand-Up Comedy
s3497,Movie,,Rahul Ravindran,India,2019-09-23,2019,TV-MA,152 min,"Comedies, Dramas, International Movies"
s3498,Movie,,Archie Borders,United States,2019-09-23,2018,TV-MA,87 min,"Comedies, Independent Movies, International Movies"
s3499,Movie,,Deepti Naval,India,2019-09-22,2009,TV-MA,121 min,"Dramas, Independent Movies, International Movies"
s3501,Movie,,Scott Aukerman,United States,2019-09-20,2019,TV-MA,83 min,Comedies
s3504,TV Show,,Mariano Barroso,Spain,2019-09-20,2019,TV-MA,1 Season,"British TV Shows, Crime TV Shows, International TV Shows"
s3507,TV Show,,"Kiko Cruz Claverol, Patricia Font",Spain,2019-09-20,2019,TV-MA,1 Season,"International TV Shows, TV Comedies, TV Dramas"
s3508,Movie,,Bedran Güzel,Turkey,2019-09-20,2018,TV-MA,111 min,"Comedies, International Movies"
s3529,Movie,,Mike Binder,United States,2019-09-10,2019,TV-MA,67 min,Stand-Up Comedy
s3510,Movie,,Sandeep Reddy Vanga,India,2019-09-19,2019,TV-MA,171 min,"Dramas, International Movies, Romantic Movies"
s3512,Movie,,Jesse V. Johnson,United Kingdom,2019-09-17,2019,TV-MA,88 min,Action & Adventure
s3513,Movie,,Manny Rodriguez,United States,2019-09-17,2012,TV-MA,76 min,Stand-Up Comedy
s3514,Movie,,Tom Donahue,United States,2019-09-15,2019,TV-PG,64 min,"Documentaries, International Movies, Music & Musicals"
s3515,Movie,,Michèle Ohayon,United States,2019-09-15,2006,TV-14,94 min,Documentaries
s3517,Movie,,B. V. Nandini Reddy,India,2019-09-14,2019,TV-14,157 min,"Comedies, International Movies, Music & Musicals"
s3518,Movie,,Randall Lobb,United States,2019-09-14,2019,TV-PG,83 min,"Documentaries, International Movies"
s3519,Movie,,Alex Stapleton,United States,2019-09-13,2019,TV-MA,65 min,Documentaries
s3521,Movie,,Kıvanç Baruönü,Turkey,2019-09-13,2018,TV-14,105 min,"Comedies, International Movies"
s3523,Movie,,Teng Huatao,China,2019-09-13,2019,TV-14,107 min,"Dramas, International Movies, Romantic Movies"
s3524,Movie,,Nzingha Stewart,United States,2019-09-13,2019,TV-PG,103 min,"Children & Family Movies, Comedies, Romantic Movies"
s3511,TV Show,,Not Given,South Korea,2019-09-18,2019,TV-14,1 Season,"International TV Shows, Korean TV Shows, Romantic TV Shows"
s3530,Movie,,Orlando von Einsiedel,United Kingdom,2019-09-10,2019,TV-MA,96 min,"Documentaries, International Movies"
s3531,Movie,,Anubhav Sinha,India,2019-09-06,2019,TV-MA,125 min,"Dramas, International Movies, Thrillers"
s3532,Movie,,Maha Venkatesh,India,2019-09-06,2018,TV-MA,142 min,"Comedies, Dramas, Independent Movies"
s3533,Movie,,Tharun Bhascker,India,2019-09-06,2018,TV-14,133 min,"Comedies, Independent Movies, International Movies"
s3534,Movie,,Şenol Sönmez,Turkey,2019-09-06,2019,TV-14,100 min,"Comedies, International Movies, Romantic Movies"
s3548,Movie,,"Rémy Four, Julien War",Not Given,2019-08-30,2019,TV-MA,84 min,"Comedies, International Movies"
s3537,Movie,,Farhan Alam,Pakistan,2019-09-04,2016,TV-14,128 min,"Dramas, Independent Movies, International Movies"
s3538,Movie,,A. L. Vijay,India,2019-09-04,2019,TV-14,93 min,"Comedies, Dramas, International Movies"
s3539,Movie,,Petra Costa,Brazil,2019-09-01,2012,TV-MA,81 min,"Documentaries, International Movies"
s3542,TV Show,,Hayato Date,Japan,2019-09-01,2006,TV-14,9 Seasons,"Anime Series, International TV Shows"
s3543,Movie,,"Petra Costa, Lea Glob",Denmark,2019-09-01,2014,TV-MA,82 min,"Dramas, Independent Movies, International Movies"
s3545,Movie,,Bernie Denk,United States,2019-09-01,2004,G,47 min,Children & Family Movies
s3546,Movie,,Ahmed Zain,United Arab Emirates,2019-09-01,2019,TV-14,95 min,"Comedies, International Movies"
s3549,Movie,,Fernando Ayllón,Colombia,2019-08-30,2018,TV-MA,91 min,"Comedies, International Movies"
s5432,Movie,,Cal Seville,United Kingdom,2017-06-15,2017,TV-PG,47 min,Documentaries
s3550,Movie,,Alejandro Fernández Almendras,Chile,2019-08-30,2019,TV-PG,102 min,"Children & Family Movies, Comedies, Dramas"
s3551,TV Show,,Not Given,Pakistan,2019-08-30,2019,TV-14,1 Season,Reality TV
s3555,Movie,,Jota Linares,Spain,2019-08-30,2018,TV-MA,100 min,"International Movies, Thrillers"
s3556,Movie,,Roger Kumble,United States,2019-08-29,2019,TV-PG,98 min,"Comedies, Romantic Movies"
s3557,Movie,,Wagner de Assis,Brazil,2019-08-29,2019,TV-14,110 min,"Dramas, Faith & Spirituality, International Movies"
s3558,Movie,,White Trash Tyler,United States,2019-08-28,2019,TV-MA,85 min,"Documentaries, Music & Musicals"
s3560,Movie,,Stan Lathan,United States,2019-08-26,2019,TV-MA,66 min,Stand-Up Comedy
s3561,Movie,,Yeung Yat-Tak,Hong Kong,2019-08-24,2016,TV-MA,92 min,"Comedies, International Movies"
s3564,Movie,,Rai Yuvraj Bains,India,2019-08-23,2019,TV-PG,133 min,"Comedies, Dramas, International Movies"
s3565,Movie,,Sunil Thakur,India,2019-08-23,2018,TV-14,135 min,"Comedies, International Movies"
s3566,Movie,,Muh Chen,China,2019-08-23,2019,TV-PG,120 min,"International Movies, Music & Musicals"
s3567,Movie,,Saurabh Sinha,India,2019-08-23,2019,TV-14,118 min,"Dramas, Independent Movies, International Movies"
s3568,Movie,,"Steven Bognar, Julia Reichert",United States,2019-08-21,2019,TV-14,110 min,Documentaries
s3570,Movie,,Ashwin Saravanan,India,2019-08-21,2019,TV-MA,98 min,"Horror Movies, International Movies, Thrillers"
s3573,Movie,,Jun Lana,Philippines,2019-08-21,2018,TV-MA,104 min,"International Movies, Romantic Movies"
s3575,Movie,,Julia Knowles,United Kingdom,2019-08-20,2019,TV-MA,52 min,Stand-Up Comedy
s3571,Movie,,Ashwin Saravanan,India,2019-08-21,2019,TV-MA,98 min,"Horror Movies, International Movies, Thrillers"
s3569,Movie,,Ashwin Saravanan,India,2019-08-21,2019,TV-MA,98 min,"Horror Movies, International Movies, Thrillers"
s3583,Movie,,Tarsem Singh,United States,2019-08-16,2015,PG-13,117 min,"Sci-Fi & Fantasy, Thrillers"
s3584,Movie,,Michael Tiddes,United States,2019-08-16,2019,TV-14,100 min,Comedies
s3587,Movie,,Kepa Sojo,Spain,2019-08-16,2019,TV-MA,86 min,"Comedies, International Movies"
s3572,TV Show,,Not Given,United States,2019-08-21,2019,TV-PG,1 Season,Reality TV
s3600,Movie,,Robert Moresco,Not Given,2019-08-09,2019,TV-14,66 min,Stand-Up Comedy
s3590,TV Show,,"Vikramaditya Motwane, Anurag Kashyap",India,2019-08-15,2019,TV-MA,2 Seasons,"Crime TV Shows, International TV Shows, TV Dramas"
s3591,TV Show,,"Cho Li, Chen Hung-yi, Weica Wang, Liu Bang-yao, Lin Guan-fu, Shen Chi, YC Tom Lee",Taiwan,2019-08-15,2019,TV-MA,1 Season,"International TV Shows, TV Dramas, TV Thrillers"
s3592,Movie,,Diego Pignataro,Brazil,2019-08-15,2019,TV-MA,69 min,Stand-Up Comedy
s3594,Movie,,Manu Ashokan,India,2019-08-14,2019,TV-14,119 min,"Dramas, International Movies"
s3595,Movie,,Anita Udeep,India,2019-08-13,2019,TV-MA,123 min,"Comedies, International Movies, Music & Musicals"
s3596,Movie,,Vlad Yudin,United States,2019-08-13,2019,TV-MA,93 min,"Documentaries, Sports Movies"
s3597,Movie,,Alberto Arnaut Estrada,Mexico,2019-08-13,2018,TV-MA,109 min,"Documentaries, International Movies"
s3603,Movie,,Aadish Keluskar,India,2019-08-09,2018,TV-MA,107 min,"Dramas, Independent Movies, International Movies"
s3604,Movie,,"Joe Murray, Cosmo Segurson",United States,2019-08-09,2019,TV-Y7,46 min,"Children & Family Movies, Comedies, LGBTQ Movies"
s3606,TV Show,,Jesse Moss,United States,2019-08-09,2019,TV-14,1 Season,Docuseries
s3629,Movie,,Camille Shooshani,Not Given,2019-08-02,2019,TV-MA,84 min,Documentaries
s3614,TV Show,,Shin Won-ho,South Korea,2019-08-08,2014,TV-MA,1 Season,"International TV Shows, Korean TV Shows, Romantic TV Shows"
s3615,TV Show,,Shin Won-ho,South Korea,2019-08-08,2012,TV-MA,1 Season,"International TV Shows, Korean TV Shows, Romantic TV Shows"
s3617,Movie,,Sujoy Ghosh,India,2019-08-07,2019,TV-14,117 min,"International Movies, Thrillers"
s3618,Movie,,John Asher,United States,2019-08-07,2016,TV-MA,67 min,Stand-Up Comedy
s3619,Movie,,Mae Czarina Cruz,Philippines,2019-08-06,2015,TV-14,114 min,"Comedies, Dramas, International Movies"
s3620,Movie,,Lance Bangs,United States,2019-08-06,2015,TV-MA,67 min,Stand-Up Comedy
s3621,Movie,,Shannon Hartman,United States,2019-08-06,2014,TV-MA,77 min,Stand-Up Comedy
s3622,Movie,,Billy Corben,United States,2019-08-06,2018,TV-MA,105 min,"Documentaries, Sports Movies"
s3623,Movie,,Joe DeMaio,United States,2019-08-06,2016,TV-MA,63 min,Stand-Up Comedy
s3624,Movie,,Alex Burunova,United States,2019-08-05,2019,TV-MA,59 min,"Documentaries, International Movies"
s3626,Movie,,Jesús Torres Torres,Mexico,2019-08-05,2017,TV-MA,102 min,"Dramas, International Movies"
s3627,Movie,,Erwin van den Eshof,Netherlands,2019-08-03,2017,TV-14,81 min,"Children & Family Movies, Comedies, International Movies"
s3631,Movie,,Vijay Kumar,India,2019-08-02,2019,TV-14,116 min,"Dramas, International Movies"
s3632,Movie,,Phanindra Narsetti,India,2019-08-01,2018,TV-14,177 min,"Dramas, Independent Movies, International Movies"
s3636,Movie,,Marcus Raboy,United States,2019-07-30,2019,TV-MA,59 min,Stand-Up Comedy
s3635,Movie,,Gideon Raff,Canada,2019-07-31,2019,TV-MA,130 min,"Dramas, Thrillers"
s3638,Movie,,Jorge M. Fontana,Spain,2019-07-26,2018,TV-MA,111 min,"Dramas, Independent Movies, International Movies"
s3639,Movie,,Mikhail Red,Philippines,2019-07-26,2019,TV-14,100 min,"Horror Movies, International Movies"
s3640,Movie,,Olivier Afonso,France,2019-07-26,2019,TV-MA,77 min,"Comedies, Horror Movies, International Movies"
s3642,Movie,,Sebastián Schindel,Argentina,2019-07-26,2019,TV-MA,93 min,"Dramas, Independent Movies, International Movies"
s3644,Movie,,"Karim Amer, Jehane Noujaim",United States,2019-07-24,2019,TV-MA,114 min,Documentaries
s3646,Movie,,Jay Chapman,United States,2019-07-21,2018,TV-MA,58 min,Stand-Up Comedy
s3647,Movie,,"Jay Karas, Demetri Martin",United States,2019-07-21,2018,TV-MA,56 min,Stand-Up Comedy
s3648,Movie,,Dante Lam,Hong Kong,2019-07-21,2008,TV-14,110 min,"Action & Adventure, Cult Movies, International Movies"
s3649,Movie,,Chi Keung Fung,Hong Kong,2019-07-21,2013,TV-14,98 min,"Comedies, International Movies"
s3650,Movie,,"Corey Yuen, Patrick Leung",Hong Kong,2019-07-21,2004,TV-14,106 min,"Action & Adventure, Comedies, International Movies"
s3651,Movie,,To-hoi Kong,Hong Kong,2019-07-21,2007,TV-MA,102 min,"Action & Adventure, International Movies"
s4982,Movie,,Yoo Byung-jae,Not Given,2018-03-16,2018,TV-MA,63 min,Stand-Up Comedy
s3653,Movie,,Frank Ariza,Spain,2019-07-19,2019,TV-MA,81 min,"Comedies, International Movies"
s3654,TV Show,,Jerry Seinfeld,United States,2019-07-19,2019,TV-14,6 Seasons,"Stand-Up Comedy & Talk Shows, TV Comedies"
s3658,Movie,,Peter Sullivan,United States,2019-07-18,2019,TV-14,98 min,Thrillers
s3659,Movie,,Aditya Sarpotdar,India,2019-07-17,2018,TV-14,136 min,"Action & Adventure, Dramas, International Movies"
s3662,Movie,,Nisheeta Keni,India,2019-07-16,2018,TV-PG,161 min,"Dramas, International Movies"
s3663,Movie,,Daniel Gray Longino,United States,2019-07-16,2019,TV-14,32 min,Comedies
s3669,Movie,,Gerardo Olivares,Spain,2019-07-12,2019,TV-MA,105 min,"Comedies, Dramas, Independent Movies"
s3671,Movie,,Wi Ding Ho,Taiwan,2019-07-12,2018,TV-MA,106 min,"Dramas, Independent Movies, International Movies"
s3673,Movie,,Thomas Sieben,Germany,2019-07-12,2019,TV-MA,90 min,"Dramas, International Movies, Thrillers"
s3676,Movie,,Joe Lynch,France,2019-07-12,2019,TV-MA,87 min,Action & Adventure
s3677,Movie,,Andreas Pichler,Germany,2019-07-12,2017,TV-14,91 min,"Documentaries, International Movies"
s3679,Movie,,Daniel Arasanz,Spain,2019-07-11,2019,TV-14,106 min,"Documentaries, International Movies, Music & Musicals"
s3680,Movie,,Spike Jonze,United States,2019-07-09,2019,TV-MA,65 min,Stand-Up Comedy
s3682,Movie,,"Marcelo Altmark, Mariano Mucci, Luis A. Scalella",Argentina,2019-07-05,2019,TV-G,105 min,"Documentaries, International Movies, Sports Movies"
s3684,Movie,,Michèle Ohayon,United States,2019-07-04,2016,TV-14,40 min,Documentaries
s3694,Movie,,Linda Mendoza,United States,2019-07-01,2019,TV-MA,66 min,Stand-Up Comedy
s3698,Movie,,Hernán Zin,United States,2019-07-01,2013,TV-MA,61 min,"Documentaries, International Movies"
s3699,Movie,,Sittisiri Mongkolsiri,Thailand,2019-06-30,2019,TV-MA,122 min,"Horror Movies, International Movies, Romantic Movies"
s3700,Movie,,Robbie Grewal,India,2019-06-30,2019,TV-14,141 min,"Dramas, International Movies, Thrillers"
s3702,Movie,,Thiagarajan Kumararaja,India,2019-06-29,2019,TV-MA,176 min,"Comedies, Dramas, International Movies"
s3704,Movie,,Kate Horne,Colombia,2019-06-28,2018,TV-14,73 min,"Documentaries, International Movies"
s3707,Movie,,Roberto Girault Facha,Mexico,2019-06-28,2017,TV-MA,87 min,"Action & Adventure, International Movies, Sci-Fi & Fantasy"
s3710,Movie,,Paul Thomas Anderson,United Kingdom,2019-06-27,2019,TV-PG,15 min,"Dramas, Independent Movies, Music & Musicals"
s3712,Movie,,"Alex Díaz, Marcos Bucay",Mexico,2019-06-27,2019,TV-MA,55 min,Stand-Up Comedy
s3714,Movie,,Sujoy Ghosh,India,2019-06-26,2012,TV-14,122 min,"International Movies, Music & Musicals, Thrillers"
s3715,Movie,,Svati Chakravarty Bhatkal,India,2019-06-26,2019,TV-14,109 min,"Documentaries, International Movies"
s3716,Movie,,Kevin Bray,United States,2019-06-25,2019,TV-MA,63 min,Stand-Up Comedy
s3718,Movie,,"Jesse V. Johnson, Jesse Johnson",Thailand,2019-06-22,2019,R,96 min,"Action & Adventure, International Movies"
s3719,Movie,,"Miguel Cohan, Miguel Cohan",Argentina,2019-06-21,2019,TV-MA,113 min,"Dramas, Independent Movies, International Movies"
s3720,TV Show,,"Luis Alberto Restrepo, Andrés Beltrán, Jaime Rayo",Colombia,2019-06-21,2019,TV-MA,1 Season,"International TV Shows, Romantic TV Shows, Spanish-Language TV Shows"
s3721,Movie,,Hideaki Anno,Japan,2019-06-21,1998,TV-MA,69 min,"Action & Adventure, Anime Features, International Movies"
s3729,Movie,,"Hideaki Anno, Kazuya Tsurumaki",Japan,2019-06-21,1997,TV-MA,87 min,"Action & Adventure, Anime Features, International Movies"
s3730,Movie,,"Abhijit Kokate, Srivinay Salian",India,2019-06-20,2019,TV-MA,116 min,"Horror Movies, Independent Movies, International Movies"
s3731,Movie,,Antonin Baudry,France,2019-06-20,2019,TV-14,116 min,"Dramas, International Movies, Thrillers"
s3732,Movie,,Chris Robinson,United States,2019-06-19,2019,TV-MA,110 min,"Dramas, Independent Movies, Music & Musicals"
s3733,Movie,,Petra Costa,Brazil,2019-06-19,2019,TV-14,122 min,"Documentaries, International Movies"
s3734,Movie,,Jay Karas,United States,2019-06-18,2019,TV-MA,59 min,Stand-Up Comedy
s3735,Movie,,Jon Watts,United States,2019-06-16,2015,R,88 min,Thrillers
s3736,Movie,,Jakob Lass,Germany,2019-06-16,2018,TV-MA,91 min,"Comedies, Dramas, Independent Movies"
s3739,Movie,,"John Haptas, Kristine Samuelson",Sweden,2019-06-15,2019,TV-PG,40 min,Documentaries
s3740,Movie,,Sanjay Jadhav,India,2019-06-15,2019,TV-14,113 min,"Comedies, International Movies, Romantic Movies"
s3741,Movie,,Vinod Kapri,India,2019-06-15,2018,TV-14,90 min,"Dramas, Independent Movies, International Movies"
s3744,TV Show,,Elías León,Spain,2019-06-15,2019,TV-MA,1 Season,"Crime TV Shows, Docuseries, International TV Shows"
s3748,Movie,,Bruno Garotti,Brazil,2019-06-14,2019,TV-PG,95 min,"Children & Family Movies, Comedies"
s4026,Movie,,Brian Klein,United Kingdom,2019-03-12,2019,TV-MA,58 min,Stand-Up Comedy
s3754,Movie,,Kyle Newacheck,United States,2019-06-14,2019,PG-13,98 min,Comedies
s3757,Movie,,Mark Ritchie,United States,2019-06-13,2019,TV-PG,61 min,Documentaries
s3758,Movie,,Rocky Soraya,Indonesia,2019-06-13,2019,TV-MA,117 min,"Horror Movies, International Movies"
s3759,Movie,,Shannon Hartman,United States,2019-06-12,2019,TV-MA,60 min,Stand-Up Comedy
s3760,Movie,,Martin Scorsese,United States,2019-06-12,2019,TV-MA,142 min,"Documentaries, Music & Musicals"
s3762,Movie,,Federico Veiroj,Uruguay,2019-06-07,2018,TV-MA,74 min,"Dramas, Independent Movies, International Movies"
s3764,Movie,,Isabel Coixet,Spain,2019-06-07,2019,TV-MA,119 min,"Dramas, International Movies, LGBTQ Movies"
s3765,Movie,,Grant Sputore,Australia,2019-06-07,2019,TV-PG,114 min,"International Movies, Sci-Fi & Fantasy, Thrillers"
s3766,Movie,,Laxman Utekar,India,2019-06-07,2019,TV-PG,125 min,"Comedies, International Movies, Romantic Movies"
s3767,Movie,,Juan Antin,France,2019-06-07,2019,PG,71 min,Children & Family Movies
s3768,Movie,,Hanno Olderdissen,Germany,2019-06-07,2019,TV-PG,110 min,"Children & Family Movies, Dramas, International Movies"
s3769,Movie,,Amar Kaushik,India,2019-06-07,2018,TV-MA,127 min,"Comedies, Horror Movies, Independent Movies"
s3772,Movie,,Reginald Hudlin,United States,2019-06-07,2019,TV-MA,118 min,"Documentaries, Music & Musicals"
s3773,Movie,,Eva Trobisch,Germany,2019-06-06,2019,TV-MA,90 min,"Dramas, International Movies"
s3774,Movie,,Naoko Yamada,Japan,2019-06-05,2016,TV-14,130 min,"Anime Features, International Movies"
s3776,Movie,,Mathieu Auvray,Netherlands,2019-06-04,2015,TV-MA,12 min,"Dramas, International Movies, Sci-Fi & Fantasy"
s3777,Movie,,Marcus Raboy,United States,2019-06-04,2019,TV-14,62 min,Stand-Up Comedy
s3778,Movie,,"Limbert Fabian, Brandon Oldenburg",United States,2019-06-04,2014,TV-Y,3 min,"Children & Family Movies, Sci-Fi & Fantasy"
s3782,Movie,,Datta Mohan Bhandare,India,2019-06-02,2019,TV-14,114 min,"Dramas, International Movies"
s3784,Movie,,Sanjib Dey,India,2019-06-01,2017,TV-MA,128 min,"Dramas, Independent Movies, International Movies"
s3786,Movie,,Cristina Jacob,Romania,2019-06-01,2019,TV-MA,109 min,"Comedies, International Movies"
s3787,Movie,,Daniel Yee Heng Chan,Hong Kong,2019-06-01,2019,TV-14,109 min,"Action & Adventure, International Movies, Sports Movies"
s3803,Movie,,"Mike Diva, Akiva Schaffer",Not Given,2019-05-23,2019,TV-MA,30 min,"Comedies, Music & Musicals, Sports Movies"
s3789,Movie,,Sachin Yardi,India,2019-05-31,2019,TV-MA,101 min,"Comedies, Dramas, Independent Movies"
s3791,Movie,,Rakeysh Omprakash Mehra,India,2019-05-31,2019,TV-MA,103 min,"Dramas, International Movies"
s3792,Movie,,Han Han,China,2019-05-31,2019,TV-MA,98 min,"Comedies, Dramas, International Movies"
s3794,Movie,,Jang Jae-hyun,South Korea,2019-05-30,2019,TV-MA,123 min,"International Movies, Thrillers"
s3796,Movie,,Nadia Hallgren,United States,2019-05-24,2019,TV-PG,38 min,Documentaries
s3798,Movie,,Sudabeh Mortezai,Austria,2019-05-24,2019,TV-MA,101 min,"Dramas, Independent Movies, International Movies"
s3799,Movie,,McG,United States,2019-05-24,2019,TV-14,99 min,"Action & Adventure, Independent Movies, Sci-Fi & Fantasy"
s3801,Movie,,Richard Shepard,United States,2019-05-24,2019,TV-MA,91 min,"Horror Movies, LGBTQ Movies, Music & Musicals"
s3804,Movie,,Trisha Ziff,United States,2019-05-22,2019,TV-PG,30 min,"Documentaries, International Movies"
s3805,Movie,,Vasan Bala,India,2019-05-22,2018,TV-14,137 min,"Action & Adventure, Comedies, International Movies"
s3806,Movie,,Linda Mendoza,United States,2019-05-21,2019,TV-MA,66 min,Stand-Up Comedy
s3815,Movie,,Sam Cullman,Not Given,2019-05-17,2019,TV-14,84 min,"Documentaries, Music & Musicals"
s3809,TV Show,,Diego Enrique Osorno,Mexico,2019-05-17,2019,TV-MA,1 Season,"Crime TV Shows, Docuseries, International TV Shows"
s3810,Movie,,Hernán Zin,Spain,2019-05-17,2014,TV-14,70 min,"Documentaries, International Movies"
s3811,Movie,,Hernán Zin,Denmark,2019-05-17,2016,TV-14,87 min,"Documentaries, International Movies"
s3812,Movie,,Hernán Zin,Spain,2019-05-17,2018,TV-MA,88 min,"Documentaries, International Movies"
s3814,Movie,,Pedring A. Lopez,Philippines,2019-05-17,2019,TV-MA,90 min,"Action & Adventure, International Movies"
s3816,Movie,,Francesco Imperato,Italy,2019-05-17,2019,TV-MA,53 min,Stand-Up Comedy
s3817,Movie,,Stefon Bristol,United States,2019-05-17,2019,TV-MA,87 min,"Dramas, Sci-Fi & Fantasy, Thrillers"
s3819,Movie,,Kate Melville,United States,2019-05-16,2019,TV-PG,90 min,"Children & Family Movies, Dramas"
s3820,Movie,,Aditya Vikram Sengupta,India,2019-05-16,2018,TV-MA,96 min,"Dramas, Independent Movies, International Movies"
s3821,Movie,,Mandie Fletcher,United Kingdom,2019-05-16,2019,TV-PG,94 min,"Children & Family Movies, Comedies"
s3823,Movie,,Aijaz Khan,India,2019-05-15,2018,TV-MA,108 min,"Dramas, Independent Movies, International Movies"
s3826,Movie,,Gonzalo López-Gallego,United States,2019-05-14,2019,R,102 min,"Action & Adventure, Dramas"
s3829,Movie,,Abby Epstein,United States,2019-05-14,2018,TV-MA,94 min,Documentaries
s3830,Movie,,Savage Steve Holland,United States,2019-05-13,2019,TV-G,70 min,"Children & Family Movies, Comedies"
s3831,Movie,,Hepi Mita,New Zealand,2019-05-12,2018,TV-14,88 min,Documentaries
s3833,Movie,,Che Sandoval,Chile,2019-05-11,2018,TV-MA,100 min,"Dramas, Independent Movies, International Movies"
s3834,Movie,,Jean-Bernard Marlin,France,2019-05-11,2019,TV-MA,111 min,"Dramas, Independent Movies, International Movies"
s3835,Movie,,Yee Tung-Shing,Hong Kong,2019-05-11,2011,TV-14,128 min,"Action & Adventure, Comedies, Dramas"
s3837,Movie,,Patricia Font,Spain,2019-05-10,2018,TV-MA,98 min,"Comedies, Dramas, International Movies"
s3842,Movie,,Amy Poehler,United States,2019-05-10,2019,R,104 min,Comedies
s3843,Movie,,Yen Cheng-kuo,Taiwan,2019-05-09,2018,TV-MA,126 min,"Action & Adventure, Dramas, International Movies"
s3858,Movie,,"Alex Parkinson, Richard da Costa",United Kingdom,2019-05-06,2019,TV-MA,86 min,"Documentaries, International Movies"
s3859,Movie,,Frant Gwo,China,2019-05-06,2019,TV-MA,125 min,"International Movies, Sci-Fi & Fantasy"
s3860,Movie,,Hao Wu,United States,2019-05-03,2019,TV-14,40 min,"Documentaries, LGBTQ Movies"
s3861,TV Show,,Felipe Cano,Mexico,2019-05-03,2019,TV-MA,1 Season,"Crime TV Shows, International TV Shows, Spanish-Language TV Shows"
s3863,Movie,,Gabriela Tagliavini,Spain,2019-05-03,2019,TV-MA,79 min,"Comedies, International Movies, Romantic Movies"
s3864,Movie,,Joe Berlinger,United States,2019-05-03,2019,R,110 min,"Dramas, Independent Movies"
s3866,Movie,,Lee Jeong-beom,South Korea,2019-05-03,2018,TV-MA,128 min,"Dramas, International Movies, Thrillers"
s3867,Movie,,William Bindley,United States,2019-05-03,2019,TV-14,110 min,"Comedies, Romantic Movies"
s3869,Movie,,Manav Shah,India,2019-05-02,2018,TV-PG,116 min,"Comedies, Dramas, International Movies"
s3870,Movie,,Antoine Fuqua,United States,2019-05-02,2013,R,119 min,Action & Adventure
s3872,Movie,,Michael Epstein,United Kingdom,2019-05-01,2018,TV-MA,90 min,"Documentaries, Music & Musicals"
s3873,Movie,,Rachel Lears,United States,2019-05-01,2019,PG,88 min,Documentaries
s3874,Movie,,Syamsul Yusof,Malaysia,2019-05-01,2018,TV-MA,104 min,"Horror Movies, International Movies"
s3875,Movie,,Mangesh Kanthale,India,2019-05-01,2019,TV-14,140 min,"Comedies, Dramas, International Movies"
s3876,Movie,,Herman Yau,Hong Kong,2019-04-30,2019,TV-MA,92 min,"Comedies, International Movies"
s3878,Movie,,Marcus Raboy,United States,2019-04-30,2019,TV-MA,64 min,Stand-Up Comedy
s3886,Movie,,Dar Gai,India,2019-04-29,2018,TV-MA,119 min,"Dramas, Independent Movies, International Movies"
s3894,TV Show,,Quentin Tarantino,United States,2019-04-25,2015,R,1 Season,TV Shows
s3889,Movie,,Fernando Ayllón,Colombia,2019-04-26,2019,TV-MA,91 min,"Comedies, International Movies, Romantic Movies"
s3890,Movie,,Yılmaz Erdoğan,Turkey,2019-04-26,2019,TV-MA,122 min,"Comedies, Dramas, International Movies"
s3891,Movie,,Sathyan Anthikad,India,2019-04-26,2018,TV-PG,125 min,"Comedies, Dramas, International Movies"
s3892,Movie,,Brian Oakes,United States,2019-04-26,2019,TV-14,49 min,"Documentaries, Music & Musicals"
s3896,Movie,,Fab Five Freddie,Not Given,2019-04-20,2019,TV-MA,98 min,"Documentaries, Music & Musicals"
s3895,Movie,,Bille August,Denmark,2019-04-20,2018,TV-MA,168 min,"Dramas, International Movies"
s3897,Movie,,Sandra Restrepo,Not Given,2019-04-19,2019,TV-14,77 min,Documentaries
s3900,Movie,,Sarthak Dasgupta,India,2019-04-19,2019,TV-14,102 min,"Dramas, Independent Movies, International Movies"
s3904,Movie,,Jennifer Kaytin Robinson,United States,2019-04-19,2019,R,92 min,"Comedies, Romantic Movies"
s3905,Movie,,Renato De Maria,Italy,2019-04-19,2019,TV-MA,111 min,"Dramas, International Movies"
s3906,Movie,,Alan Rickman,United Kingdom,2019-04-17,2014,R,113 min,"Dramas, Independent Movies, International Movies"
s3907,Movie,,Ulises Valencia,Mexico,2019-04-17,2019,TV-MA,54 min,Stand-Up Comedy
s3909,Movie,,Richard Curtis,United Kingdom,2019-04-16,2013,R,123 min,"Comedies, Dramas, International Movies"
s3908,Movie,,Beyoncé Knowles-Carter,Not Given,2019-04-17,2019,TV-MA,138 min,"Documentaries, Music & Musicals"
s3911,Movie,,Nagesh Kukunoor,India,2019-04-15,2001,TV-MA,102 min,"Comedies, Dramas, International Movies"
s3912,Movie,,Suparn Verma,India,2019-04-15,2005,TV-14,141 min,"International Movies, Music & Musicals, Thrillers"
s3913,Movie,,Vlad Yudin,United States,2019-04-15,2018,TV-MA,95 min,"Documentaries, Sports Movies"
s3914,Movie,,Sudhir Mishra,India,2019-04-15,2003,TV-MA,111 min,"Dramas, International Movies, Romantic Movies"
s3915,Movie,,Sujoy Ghosh,India,2019-04-15,2003,TV-14,131 min,"Comedies, International Movies, Music & Musicals"
s3916,Movie,,Anant Balani,India,2019-04-15,2003,TV-14,116 min,"Comedies, International Movies, Romantic Movies"
s3917,Movie,,Soukarya Ghosal,India,2019-04-15,2018,TV-14,119 min,"Dramas, International Movies, Sci-Fi & Fantasy"
s3918,Movie,,Leena Yadav,India,2019-04-15,2005,TV-14,146 min,"Dramas, International Movies, Romantic Movies"
s3919,Movie,,Amitabha Singh,India,2019-04-15,2016,TV-PG,101 min,"Action & Adventure, Comedies, Dramas"
s3920,Movie,,Dallas Jackson,United States,2019-04-14,2018,TV-MA,87 min,Horror Movies
s3922,Movie,,Jota Linares,Spain,2019-04-13,2019,TV-MA,94 min,"Dramas, International Movies"
s3923,Movie,,Hasan Karacadağ,Turkey,2019-04-12,2014,TV-MA,133 min,"Horror Movies, International Movies"
s3924,Movie,,Hasan Karacadağ,Turkey,2019-04-12,2013,TV-MA,135 min,"Horror Movies, International Movies"
s3927,Movie,,Chris Nelson,United States,2019-04-12,2019,TV-14,91 min,"Comedies, Romantic Movies"
s3929,TV Show,,"Lee Kyoungmi, Yim Pilsung, Jeon Go-woon, Kim Jong-kwan",South Korea,2019-04-11,2019,TV-MA,1 Season,"International TV Shows, Korean TV Shows, TV Dramas"
s3930,Movie,,Fernando Ayllón,Brazil,2019-04-10,2019,TV-14,59 min,Stand-Up Comedy
s3931,Movie,,John R. Leonetti,Canada,2019-04-10,2019,PG-13,91 min,"Horror Movies, Thrillers"
s3934,Movie,,Karthik Subbaraj,India,2019-04-07,2019,TV-14,170 min,"Action & Adventure, Comedies, Dramas"
s3933,Movie,,Rajiv Menon,India,2019-04-08,2018,TV-14,131 min,"Dramas, International Movies, Music & Musicals"
s3936,Movie,,Jeremiah Jones,United States,2019-04-05,2019,TV-MA,88 min,"Action & Adventure, Sci-Fi & Fantasy"
s3940,Movie,,Karthik Subbaraj,India,2019-04-05,2019,TV-14,170 min,"Action & Adventure, Comedies, Dramas"
s3946,Movie,,Brie Larson,United States,2019-04-05,2019,TV-14,92 min,"Comedies, Dramas, Independent Movies"
s4084,Movie,,Ryan Polito,United States,2019-02-22,2016,TV-MA,70 min,Stand-Up Comedy
s3928,TV Show,,Not Given,United States,2019-04-11,2018,TV-14,7 Seasons,"Romantic TV Shows, TV Comedies"
s3948,Movie,,Fernando Ayllón,Colombia,2019-04-03,2019,TV-MA,59 min,Stand-Up Comedy
s3949,Movie,,"Rocky Soraya, Anggy Umbara",Indonesia,2019-04-03,2018,TV-MA,126 min,"Horror Movies, International Movies"
s3951,Movie,,Shelly Chopra Dhar,India,2019-04-02,2019,TV-14,120 min,"Comedies, Dramas, International Movies"
s3952,Movie,,Shanjey Kumar Perumal,Malaysia,2019-04-02,2015,TV-MA,76 min,"Dramas, International Movies"
s3953,Movie,,Leslie Small,United States,2019-04-02,2019,TV-MA,60 min,Stand-Up Comedy
s3955,Movie,,Tianyu Zhao,China,2019-04-01,2016,TV-14,103 min,"International Movies, Romantic Movies, Sci-Fi & Fantasy"
s3956,Movie,,Shazia Ali Khan,Pakistan,2019-04-01,2018,TV-MA,124 min,"Dramas, Independent Movies, International Movies"
s3958,Movie,,Erik White,United States,2019-04-01,2017,TV-MA,91 min,Comedies
s3960,Movie,,Owen Egerton,United States,2019-03-31,2019,TV-14,88 min,Horror Movies
s3961,Movie,,Sam Blitz Bazawule,Ghana,2019-03-31,2018,TV-14,81 min,"Dramas, Independent Movies, International Movies"
s3963,Movie,,Swapnaneel Jayakar,India,2019-03-29,2019,TV-14,124 min,"Comedies, Dramas, Independent Movies"
s3964,Movie,,Kyzza Terrazas,Mexico,2019-03-29,2019,TV-MA,102 min,"Dramas, International Movies, Sports Movies"
s3967,Movie,,John Lee Hancock,United States,2019-03-29,2019,R,132 min,Dramas
s3968,Movie,,Theo Love,United States,2019-03-29,2019,TV-MA,87 min,Documentaries
s3973,Movie,,Awi Suryadi,Indonesia,2019-03-27,2017,TV-MA,75 min,"Horror Movies, International Movies"
s3974,Movie,,Hanung Bramantyo,Indonesia,2019-03-27,2008,TV-PG,126 min,"Dramas, International Movies, Romantic Movies"
s3975,Movie,,Ryan Polito,United States,2019-03-26,2019,TV-PG,61 min,Stand-Up Comedy
s3976,Movie,,Raj Babu,India,2019-03-25,2018,TV-14,126 min,"Action & Adventure, Comedies, Dramas"
s3978,Movie,,Javier Ruiz Caldera,Spain,2019-03-24,2018,TV-MA,108 min,"Action & Adventure, Comedies, International Movies"
s3979,Movie,,"Chanon Yingyong, Phuwanit Pholdee",Thailand,2019-03-23,2017,TV-MA,100 min,"Action & Adventure, Comedies, International Movies"
s3983,Movie,,Oriol Paulo,Spain,2019-03-22,2018,TV-MA,129 min,"Dramas, International Movies, Sci-Fi & Fantasy"
s3984,Movie,,Stuart Sender,United States,2019-03-22,2019,TV-MA,71 min,"Documentaries, Music & Musicals"
s3986,Movie,,Jeff Tremaine,United States,2019-03-22,2019,TV-MA,108 min,"Comedies, Dramas, Music & Musicals"
s3991,Movie,,Wenn V. Deramas,Philippines,2019-03-21,2014,TV-14,105 min,"Action & Adventure, Comedies, International Movies"
s3992,Movie,,Joyce Bernal,Philippines,2019-03-21,2016,TV-14,115 min,"Action & Adventure, Comedies, International Movies"
s3993,Movie,,Jason Paul Laxamana,Philippines,2019-03-21,2016,TV-MA,118 min,"Comedies, Dramas, International Movies"
s3994,Movie,,Maryo J. De los Reyes,Philippines,2019-03-21,2016,TV-MA,130 min,"Dramas, International Movies, Romantic Movies"
s3995,Movie,,Theodore Boborol,Philippines,2019-03-21,2016,TV-PG,115 min,"International Movies, Romantic Movies"
s3996,Movie,,Luis Ara,Uruguay,2019-03-20,2019,TV-MA,69 min,"Documentaries, International Movies, Sports Movies"
s3998,Movie,,"Karan Shivajirao Chavan, Vikram Tanajirao Patil",India,2019-03-20,2018,TV-PG,97 min,"Dramas, Independent Movies, International Movies"
s4000,Movie,,Amy Schumer,United States,2019-03-19,2019,TV-MA,61 min,Stand-Up Comedy
s4001,Movie,,Richard Loncraine,United States,2019-03-17,2014,PG-13,92 min,"Comedies, Dramas, Independent Movies"
s4003,Movie,,Pia Sukanya,United Arab Emirates,2019-03-15,2018,TV-MA,108 min,"Comedies, Dramas, International Movies"
s4004,Movie,,Yann Gozlan,France,2019-03-15,2017,TV-MA,104 min,"Action & Adventure, International Movies"
s4005,Movie,,Francesco Imperato,Italy,2019-03-15,2019,TV-MA,65 min,Stand-Up Comedy
s4006,Movie,,Lukas Dhont,Netherlands,2019-03-15,2018,R,106 min,"Dramas, International Movies, LGBTQ Movies"
s4008,Movie,,Manny Rodriguez,United States,2019-03-15,2006,TV-MA,69 min,Stand-Up Comedy
s4009,Movie,,"Michael Simon, Matthew McNeil",United States,2019-03-15,2011,TV-MA,97 min,Stand-Up Comedy
s4010,Movie,,Manny Rodriguez,United States,2019-03-15,2012,TV-MA,80 min,Stand-Up Comedy
s4011,Movie,,Michael Simon,United States,2019-03-15,2008,TV-MA,85 min,Stand-Up Comedy
s4012,Movie,,Frank W Chen,United States,2019-03-15,2018,TV-14,98 min,"Documentaries, Sports Movies"
s4014,Movie,,Adrian Teh,Malaysia,2019-03-15,2018,TV-14,115 min,"Action & Adventure, Dramas, International Movies"
s4018,Movie,,Maryo J. De los Reyes,Philippines,2019-03-14,2007,TV-14,117 min,"Dramas, International Movies, Romantic Movies"
s4019,Movie,,Olivia M. Lamasan,Philippines,2019-03-14,2016,TV-14,132 min,"Dramas, International Movies, Romantic Movies"
s4020,Movie,,Joyce Bernal,Philippines,2019-03-14,2016,TV-MA,127 min,"Comedies, Dramas, International Movies"
s4021,Movie,,Theodore Boborol,Philippines,2019-03-14,2017,TV-14,125 min,"International Movies, Romantic Movies"
s4022,Movie,,Cathy Garcia-Molina,Philippines,2019-03-14,2017,TV-MA,128 min,"Comedies, Dramas, International Movies"
s4025,Movie,,J.C. Chandor,United States,2019-03-13,2019,R,126 min,Action & Adventure
s4032,Movie,,"Ibrahim Bin Mohamed, Hasan Aljaberi",United Arab Emirates,2019-03-08,2018,TV-14,116 min,"Action & Adventure, Comedies, International Movies"
s4034,Movie,,Clark Johnson,United States,2019-03-08,2019,TV-MA,90 min,"Dramas, Independent Movies, Romantic Movies"
s4035,Movie,,Emmanuel Mouret,France,2019-03-08,2019,TV-MA,111 min,"Dramas, Independent Movies, International Movies"
s4037,Movie,,Conor Allyn,United States,2019-03-08,2019,TV-PG,100 min,"Children & Family Movies, Dramas"
s4038,Movie,,Haifaa Al-Mansour,United States,2019-03-07,2018,TV-MA,99 min,"Comedies, Dramas, Romantic Movies"
s4039,Movie,,Wenn V. Deramas,Philippines,2019-03-07,2012,TV-14,105 min,"Comedies, International Movies"
s4040,Movie,,Olivia M. Lamasan,Philippines,2019-03-07,2014,TV-14,128 min,"Dramas, International Movies, Romantic Movies"
s4041,Movie,,Antoinette Jadaone,Philippines,2019-03-07,2015,TV-MA,91 min,"Dramas, International Movies, Romantic Movies"
s4042,Movie,,Nuel Naval,Philippines,2019-03-07,2015,TV-MA,127 min,"Dramas, International Movies, Romantic Movies"
s4046,Movie,,Keoni Waxman,United States,2019-03-05,2019,TV-MA,94 min,Action & Adventure
s4047,Movie,,Mae Czarina Cruz,Philippines,2019-03-04,2015,TV-14,124 min,"Dramas, International Movies, Romantic Movies"
s4048,Movie,,Ruel S. Bayani,Philippines,2019-03-04,2011,TV-MA,103 min,"Dramas, International Movies, Romantic Movies"
s4049,Movie,,Isao Yukisada,Japan,2019-03-02,2018,TV-MA,118 min,"Dramas, International Movies"
s4051,Movie,,Fritz Ofner,Austria,2019-03-02,2018,TV-MA,89 min,"Documentaries, International Movies"
s4052,Movie,,Nottapon Boonprakob,Thailand,2019-03-01,2018,TV-MA,89 min,"Documentaries, International Movies, Sports Movies"
s4053,Movie,,Nawapol Thamrongrattanarit,Thailand,2019-03-01,2018,TV-14,108 min,"Documentaries, International Movies, Music & Musicals"
s4054,Movie,,Xavier Gens,France,2019-03-01,2018,TV-MA,103 min,"Comedies, International Movies"
s4050,Movie,,A.R. Murugadoss,India,2019-03-02,2018,TV-MA,162 min,"Action & Adventure, Dramas, International Movies"
s4062,Movie,,Rajiv Menon,India,2019-03-01,2018,TV-14,131 min,"Dramas, International Movies, Music & Musicals"
s4059,Movie,,Jonathan A. Rosenbaum,Canada,2019-03-01,2014,TV-G,87 min,"Children & Family Movies, Comedies"
s4060,Movie,,Franck Phelizon,United States,2019-03-01,2018,TV-14,93 min,"Horror Movies, International Movies, Thrillers"
s4061,Movie,,Peter Howitt,United States,2019-03-01,2012,TV-G,90 min,"Children & Family Movies, Comedies"
s4063,Movie,,Chiwetel Ejiofor,United Kingdom,2019-03-01,2019,TV-PG,114 min,"Children & Family Movies, Dramas, Independent Movies"
s4065,Movie,,"Rodrigo Salomón, Pietro Scappini",Paraguay,2019-03-01,2018,TV-MA,107 min,"Action & Adventure, International Movies"
s4066,Movie,,Mark Waters,United States,2019-03-01,2008,PG,97 min,Children & Family Movies
s4067,Movie,,Miguel Ángel Vivas,Spain,2019-03-01,2018,TV-MA,103 min,"Dramas, International Movies, Thrillers"
s4068,Movie,,Carlos Vermut,Spain,2019-02-28,2018,TV-MA,125 min,"Dramas, Independent Movies, International Movies"
s4069,Movie,,Cathy Garcia-Molina,Philippines,2019-02-27,2015,TV-MA,130 min,"Dramas, International Movies, Romantic Movies"
s4070,Movie,,Wenn V. Deramas,Philippines,2019-02-27,2015,TV-14,119 min,"Action & Adventure, Comedies, International Movies"
s4071,Movie,,Mae Czarina Cruz,Philippines,2019-02-27,2014,TV-PG,110 min,"Comedies, International Movies, Romantic Movies"
s4072,Movie,,Mae Czarina Cruz,Philippines,2019-02-27,2017,TV-14,120 min,"Comedies, Dramas, International Movies"
s4073,Movie,,Sridhar Rangayan,India,2019-02-27,2018,TV-PG,102 min,"Dramas, Independent Movies, International Movies"
s4074,Movie,,Cathy Garcia-Molina,Philippines,2019-02-27,2013,TV-14,125 min,"Comedies, Dramas, International Movies"
s4075,Movie,,Cathy Garcia-Molina,Philippines,2019-02-27,2013,TV-PG,127 min,"Comedies, International Movies, Romantic Movies"
s4076,Movie,,Cathy Garcia-Molina,Philippines,2019-02-27,2017,TV-14,121 min,"Comedies, Dramas, International Movies"
s4077,Movie,,Cathy Garcia-Molina,Philippines,2019-02-27,2014,TV-14,113 min,"Dramas, International Movies, Romantic Movies"
s4078,Movie,,Dan Villegas,Philippines,2019-02-27,2015,TV-MA,118 min,"Dramas, International Movies, Music & Musicals"
s4079,Movie,,Olivia M. Lamasan,Philippines,2019-02-27,2012,TV-MA,132 min,"Dramas, International Movies, Romantic Movies"
s4081,Movie,,Michael Blieden,United States,2019-02-26,2006,TV-MA,61 min,Stand-Up Comedy
s4082,Movie,,Pawan K Shrivastava,India,2019-02-25,2018,TV-PG,80 min,"Dramas, Independent Movies, International Movies"
s4083,Movie,,Mar Targarona,Spain,2019-02-23,2018,TV-MA,110 min,"Dramas, International Movies"
s4086,Movie,,Aruna Raje,India,2019-02-22,2019,TV-MA,117 min,"Dramas, International Movies"
s4087,Movie,,Alex Lehmann,United States,2019-02-22,2019,TV-MA,89 min,"Comedies, Dramas, Independent Movies"
s4088,Movie,,Elisabeth Vogler,France,2019-02-22,2019,TV-MA,84 min,"Dramas, Independent Movies, International Movies"
s4089,Movie,,Parambrata Chatterjee,India,2019-02-22,2018,TV-PG,131 min,"Dramas, Independent Movies, International Movies"
s4092,Movie,,Woo Min-ho,South Korea,2019-02-21,2018,TV-MA,139 min,"Dramas, International Movies, Thrillers"
s4093,Movie,,Paul Miller,United States,2019-02-20,2001,TV-PG,42 min,Stand-Up Comedy
s4094,Movie,,Michael Del Monte,Canada,2019-02-20,2017,TV-MA,79 min,"Documentaries, LGBTQ Movies"
s4095,Movie,,Suseenthiran,India,2019-02-17,2018,TV-14,96 min,"Dramas, Independent Movies, International Movies"
s4096,Movie,,Kevin MacDonald,United Kingdom,2019-02-16,2015,R,114 min,"Action & Adventure, Dramas, International Movies"
s4097,Movie,,Matt Tyrnauer,United States,2019-02-16,2018,TV-MA,99 min,Documentaries
s4098,Movie,,Prasanth Varma,India,2019-02-15,2018,TV-MA,111 min,"Dramas, International Movies, Sci-Fi & Fantasy"
s4099,Movie,,Gangadhar Salimath,India,2019-02-15,2017,TV-MA,112 min,"Dramas, Independent Movies, International Movies"
s4100,Movie,,Daniel J. Clark,United States,2019-02-15,2018,TV-14,96 min,Documentaries
s4101,Movie,,Marcelo Galvão,Brazil,2019-02-15,2012,TV-MA,103 min,"Comedies, Dramas, Independent Movies"
s4102,Movie,,Shanawaz Nellikunnil,India,2019-02-15,2017,TV-MA,104 min,"Dramas, Independent Movies, International Movies"
s4103,Movie,,Sudhir Mishra,India,2019-02-15,2004,TV-14,102 min,"Dramas, International Movies"
s4104,Movie,,Rajat Kapoor,India,2019-02-15,2012,TV-14,97 min,"Comedies, Dramas, International Movies"
s4105,TV Show,,Lars Kaalund,Denmark,2019-02-15,2015,TV-MA,1 Season,"International TV Shows, TV Comedies, TV Dramas"
s4107,Movie,,Hari Nath,India,2019-02-15,2018,TV-14,132 min,"Dramas, International Movies, Romantic Movies"
s4108,Movie,,Saket Chaudhary,India,2019-02-15,2006,TV-MA,120 min,"Comedies, International Movies, Romantic Movies"
s4109,Movie,,Tanuja Chandra,India,2019-02-15,2002,TV-14,137 min,"Dramas, International Movies"
s4111,Movie,,"Jackie van Beek, Madeleine Sami",New Zealand,2019-02-15,2018,TV-MA,82 min,"Comedies, Independent Movies, International Movies"
s4113,Movie,,Sachin Kamlakar Khot,India,2019-02-15,2008,TV-14,115 min,"Comedies, International Movies, Romantic Movies"
s4114,Movie,,Daniel Monzón,Spain,2019-02-15,2018,TV-MA,130 min,"Comedies, International Movies"
s4116,Movie,,Jon M. Chu,United States,2019-02-14,2019,TV-MA,62 min,Stand-Up Comedy
s4118,Movie,,Rayka Zehtabchi,United States,2019-02-12,2018,TV-PG,26 min,Documentaries
s4121,Movie,,Steven Soderbergh,United States,2019-02-08,2019,TV-MA,91 min,"Dramas, Sports Movies"
s4122,Movie,,Tom Stern,United States,2019-02-08,2019,TV-PG,63 min,"Children & Family Movies, Comedies"
s4124,Movie,,Kelly Duane de la Vega,United States,2019-02-08,2019,TV-MA,74 min,"Documentaries, Music & Musicals"
s4125,Movie,,Julio Medem,Spain,2019-02-08,2018,TV-MA,136 min,"Dramas, Independent Movies, International Movies"
s4129,Movie,,Michael Showalter,United States,2019-02-05,2019,TV-MA,59 min,Stand-Up Comedy
s4134,Movie,,Johnny Kevorkian,United Kingdom,2019-02-02,2018,TV-MA,91 min,"Horror Movies, Sci-Fi & Fantasy"
s4135,Movie,,Amshan Kumar,India,2019-02-02,2017,TV-14,93 min,"Dramas, Independent Movies, International Movies"
s4136,Movie,,"Adam Davis, Jerry Kolber, Trey Nelson, Erich Sturm",United States,2019-02-01,2016,TV-MA,84 min,Documentaries
s4137,Movie,,"Hsu Chih-yen, Mag Hsu",Taiwan,2019-02-01,2018,TV-MA,100 min,"Comedies, Dramas, International Movies"
s4139,Movie,,Rick Morales,United States,2019-02-01,2014,TV-Y7,22 min,Movies
s4140,Movie,,Michael D. Black,United States,2019-02-01,2018,TV-Y7,22 min,Children & Family Movies
s4186,Movie,,Skye Borgman,United States,2019-01-15,2017,TV-14,90 min,Documentaries
s4154,Movie,,Manny Rodriguez,United States,2019-01-29,2019,TV-14,91 min,Stand-Up Comedy
s4147,Movie,,Dan Gilroy,United States,2019-02-01,2019,R,113 min,"Dramas, Thrillers"
s4148,Movie,,Mamat Khalid,Malaysia,2019-01-31,2018,TV-PG,110 min,"Comedies, Horror Movies, International Movies"
s4149,Movie,,Pang Ho-cheung,China,2019-01-31,2017,TV-MA,120 min,"Comedies, Dramas, International Movies"
s4151,Movie,,Amarjit Virdi,Not Given,2019-01-30,2010,TV-14,56 min,"Dramas, International Movies"
s4152,Movie,,Pankaj Batra,India,2019-01-30,2010,TV-14,127 min,"Dramas, International Movies, Music & Musicals"
s4153,Movie,,Nishil Sheth,India,2019-01-29,2017,TV-14,74 min,"Dramas, Independent Movies, International Movies"
s4155,Movie,,Byun Hyuk,South Korea,2019-01-29,2018,TV-MA,137 min,"Dramas, International Movies"
s4156,Movie,,Zoe Berriatúa,Spain,2019-01-29,2018,TV-MA,86 min,"Dramas, International Movies, Sci-Fi & Fantasy"
s4158,Movie,,Faozan Rizal,Indonesia,2019-01-28,2012,TV-14,125 min,"Dramas, International Movies, Romantic Movies"
s4159,Movie,,Mansore,India,2019-01-28,2018,TV-MA,114 min,"Dramas, Independent Movies, International Movies"
s4160,Movie,,Hanung Bramantyo,Indonesia,2019-01-28,2016,TV-14,143 min,"Dramas, International Movies"
s4161,Movie,,Kuntz Agus,Indonesia,2019-01-28,2015,TV-14,121 min,"Dramas, Faith & Spirituality, International Movies"
s4162,Movie,,"Hanung Bramantyo, Meisa Felaroze",Indonesia,2019-01-28,2017,TV-14,119 min,"Dramas, Faith & Spirituality, International Movies"
s4157,Movie,,Adam Bhala Lough,Not Given,2019-01-28,2018,TV-MA,106 min,Documentaries
s4165,Movie,,Jerrold Tarog,Philippines,2019-01-26,2018,TV-MA,150 min,"Dramas, International Movies"
s4166,Movie,,"Laura Alvea, José Ortuño",Spain,2019-01-25,2018,TV-MA,88 min,"Horror Movies, International Movies"
s4170,Movie,,Gastón Duprat,Argentina,2019-01-25,2018,TV-MA,105 min,"Comedies, International Movies"
s4174,Movie,,"Andy Caballero, Diego Corsini",Argentina,2019-01-24,2018,TV-MA,96 min,"Dramas, International Movies, Music & Musicals"
s4175,TV Show,,Seren Yüce,Turkey,2019-01-23,2017,TV-MA,1 Season,"Crime TV Shows, International TV Shows, TV Dramas"
s4177,Movie,,Chris Smith,United States,2019-01-18,2019,TV-MA,98 min,Documentaries
s4178,Movie,,Jonathan Helpert,United States,2019-01-18,2019,TV-14,96 min,"Dramas, Sci-Fi & Fantasy"
s4181,Movie,,André D'Elia,Brazil,2019-01-18,2018,TV-14,96 min,"Documentaries, International Movies"
s4182,Movie,,Matías Gueilburt,Mexico,2019-01-18,2019,TV-MA,90 min,"Documentaries, International Movies"
s4183,Movie,,Ivan Ayr,India,2019-01-18,2018,TV-MA,97 min,"Dramas, Independent Movies, International Movies"
s4187,Movie,,Hashim Nadeem Khan,Pakistan,2019-01-15,2016,TV-14,88 min,"Dramas, International Movies"
s4189,Movie,,Sarjun,India,2019-01-15,2018,TV-14,127 min,"International Movies, Thrillers"
s4191,Movie,,Feroz,India,2019-01-15,2017,TV-MA,125 min,"Action & Adventure, Dramas, International Movies"
s4192,Movie,,Syed Atif Ali,Pakistan,2019-01-15,2018,TV-14,116 min,"Horror Movies, International Movies"
s4193,Movie,,Lee Seung-won,South Korea,2019-01-15,2018,TV-MA,102 min,"Action & Adventure, International Movies"
s4194,Movie,,Rik Reinholdtsen,United States,2019-01-15,2019,TV-MA,65 min,Stand-Up Comedy
s4195,Movie,,Rocky Soraya,Indonesia,2019-01-15,2016,TV-MA,106 min,"Horror Movies, International Movies"
s4196,Movie,,Rocky Soraya,Indonesia,2019-01-15,2017,TV-MA,117 min,"Horror Movies, International Movies"
s4198,Movie,,Gauravv K Chawla,India,2019-01-13,2018,TV-MA,136 min,"Dramas, International Movies"
s4199,Movie,,Dan Villegas,Philippines,2019-01-11,2017,TV-MA,104 min,"Comedies, Dramas, International Movies"
s4204,Movie,,Bent-Jorgen Perlmutt,United States,2019-01-11,2019,TV-MA,65 min,"Documentaries, Music & Musicals"
s4205,Movie,,Hugo Stuven,Spain,2019-01-11,2018,TV-MA,91 min,"Dramas, Independent Movies, International Movies"
s4206,Movie,,Greg Pritikin,United States,2019-01-11,2019,TV-MA,99 min,"Comedies, Dramas"
s4214,Movie,,Lorena Munoz,Not Given,2019-01-04,2018,TV-MA,122 min,"Dramas, International Movies, Music & Musicals"
s4209,Movie,,"Kobun Shizuno, Hiroyuki Seshita",Japan,2019-01-09,2018,TV-PG,91 min,"Action & Adventure, Anime Features, International Movies"
s4210,Movie,,Kunal Kohli,India,2019-01-09,2018,TV-14,117 min,"Comedies, Dramas, International Movies"
s4211,Movie,,Noor Imran Mithu,Bangladesh,2019-01-07,2018,TV-14,95 min,"Dramas, Independent Movies, International Movies"
s4212,Movie,,Nonzee Nimibutr,Thailand,2019-01-05,1999,TV-MA,101 min,"Horror Movies, International Movies, Romantic Movies"
s4213,Movie,,Ísold Uggadóttir,Iceland,2019-01-04,2018,TV-14,102 min,"Dramas, Independent Movies, International Movies"
s4215,Movie,,Genevieve Nnaji,Nigeria,2019-01-04,2018,TV-PG,95 min,"Comedies, Dramas, Independent Movies"
s4218,Movie,,"Terry Gilliam, Terry Jones",United Kingdom,2019-01-02,1975,PG,92 min,"Action & Adventure, Classic Movies, Comedies"
s4220,Movie,,Yanyong Kuruaungkoul,Thailand,2019-01-01,2015,TV-14,111 min,"Comedies, International Movies, Music & Musicals"
s4222,Movie,,Lenin Bharathi,India,2019-01-01,2018,TV-MA,115 min,"Dramas, Independent Movies, International Movies"
s4223,Movie,,Jay Chapman,United States,2019-01-01,2012,TV-MA,61 min,Stand-Up Comedy
s4224,Movie,,Kunihiko Yuyama,Japan,2019-01-01,2017,TV-Y7,97 min,"Anime Features, Children & Family Movies"
s4225,Movie,,Ranjit Jeyakodi,India,2019-01-01,2017,TV-MA,120 min,"International Movies, Thrillers"
s4226,Movie,,Ram,India,2019-01-01,2017,TV-MA,148 min,"Dramas, Independent Movies, International Movies"
s4243,Movie,,Paul Dugdale,United Kingdom,2018-12-31,2018,TV-PG,125 min,Music & Musicals
s4235,Movie,,Paul M. Green,Not Given,2018-12-31,2013,TV-MA,68 min,Stand-Up Comedy
s4229,Movie,,John Fortenberry,United States,2019-01-01,2010,TV-MA,48 min,Stand-Up Comedy
s4230,Movie,,John Fortenberry,United Kingdom,2018-12-31,1991,TV-MA,28 min,Stand-Up Comedy
s4232,Movie,,Chris Bould,United Kingdom,2018-12-31,1992,TV-MA,61 min,Stand-Up Comedy
s4233,Movie,,Chris Bould,United Kingdom,2018-12-31,1993,TV-MA,56 min,Stand-Up Comedy
s4234,Movie,,"Kevin Booth, David Johndrow",United States,2018-12-31,1989,TV-MA,81 min,Stand-Up Comedy
s4237,Movie,,Julio Fernández Talamantes,Mexico,2018-12-31,2016,TV-MA,100 min,"Documentaries, International Movies, Music & Musicals"
s4238,Movie,,Walter C. Miller,United States,2018-12-31,1987,TV-MA,50 min,Stand-Up Comedy
s4239,Movie,,Walter C. Miller,United States,2018-12-31,1991,TV-MA,49 min,Stand-Up Comedy
s4240,Movie,,Walter C. Miller,United States,2018-12-31,1991,TV-MA,71 min,Stand-Up Comedy
s4244,Movie,,Noriyuki Abe,Japan,2018-12-31,2018,TV-14,100 min,"Action & Adventure, Anime Features, International Movies"
s4245,Movie,,Ellen Brown,United States,2018-12-31,1990,TV-MA,30 min,Stand-Up Comedy
s4247,Movie,,Matt Askem,United Kingdom,2018-12-31,2011,TV-MA,146 min,"Music & Musicals, Stand-Up Comedy"
s4248,Movie,,Matt Askem,United Kingdom,2018-12-31,2008,TV-MA,127 min,"Music & Musicals, Stand-Up Comedy"
s4249,Movie,,Jay Chapman,United States,2018-12-31,2012,TV-MA,46 min,Stand-Up Comedy
s4250,Movie,,Rob Zombie,United States,2018-12-31,2011,TV-14,57 min,Stand-Up Comedy
s4228,TV Show,,Not Given,United States,2019-01-01,2019,TV-PG,1 Season,Reality TV
s4253,Movie,,Álvaro Brechner,Uruguay,2018-12-28,2018,TV-MA,122 min,"Dramas, International Movies"
s4256,Movie,,Rakesh Mehta,India,2018-12-28,2012,TV-MA,109 min,"Action & Adventure, Comedies, Dramas"
s4260,Movie,,Gonzalo Bendala,Spain,2018-12-28,2018,TV-MA,96 min,"Dramas, International Movies, Thrillers"
s4263,TV Show,,Noam Murro,United Kingdom,2018-12-23,2018,TV-PG,1 Season,"British TV Shows, International TV Shows, TV Action & Adventure"
s4259,Movie,,Eduardo Chauvet,Not Given,2018-12-28,2018,TV-14,73 min,"Documentaries, International Movies"
s4268,Movie,,Kheiron,France,2018-12-21,2018,TV-MA,105 min,"Comedies, Dramas, International Movies"
s4269,Movie,,Susanne Bier,United States,2018-12-21,2018,R,124 min,"Dramas, Sci-Fi & Fantasy, Thrillers"
s4276,Movie,,Irek Dobrowolski,Poland,2018-12-21,2018,TV-MA,105 min,Documentaries
s4278,Movie,,Gilbert Chan,Singapore,2018-12-20,2011,R,78 min,"Horror Movies, International Movies"
s4279,Movie,,Rarecho,Japan,2018-12-20,2018,TV-PG,22 min,Movies
s4281,Movie,,Steve Cheng,Singapore,2018-12-20,2012,TV-MA,95 min,"Action & Adventure, International Movies"
s4282,Movie,,Sam Loh,Singapore,2018-12-20,2015,TV-MA,82 min,"International Movies, Thrillers"
s4283,Movie,,Jason Lai,Singapore,2018-12-20,2014,TV-MA,89 min,"Dramas, International Movies, Thrillers"
s4284,Movie,,Samit Kakkad,India,2018-12-19,2018,TV-MA,90 min,"Dramas, Independent Movies, International Movies"
s4285,TV Show,,"Joel Gallen, Tig Notaro",United States,2018-12-18,2018,TV-MA,1 Season,"Stand-Up Comedy & Talk Shows, TV Comedies"
s4286,Movie,,Prasobh Vijayan,India,2018-12-17,2018,TV-MA,85 min,"Dramas, Independent Movies, International Movies"
s4287,Movie,,Jon Rosenbaum,United States,2018-12-17,2018,TV-G,29 min,"Children & Family Movies, Comedies"
s4288,Movie,,Sriram Raghavan,India,2018-12-16,2018,TV-14,137 min,"Comedies, Dramas, International Movies"
s4290,Movie,,"Elaine Bogan, John Sanford",United States,2018-12-16,2014,TV-PG,27 min,"Children & Family Movies, Comedies"
s4292,Movie,,Michael Cuesta,United States,2018-12-16,2014,R,112 min,"Dramas, Thrillers"
s4293,Movie,,David Cronenberg,Canada,2018-12-16,2014,R,112 min,"Comedies, Dramas"
s4294,Movie,,Thom Zimny,United States,2018-12-16,2018,TV-MA,153 min,Music & Musicals
s4295,Movie,,James Marsh,United Kingdom,2018-12-16,2014,PG-13,123 min,"Dramas, Romantic Movies"
s4296,Movie,,Sean Olson,United States,2018-12-15,2018,TV-PG,90 min,"Children & Family Movies, Sci-Fi & Fantasy"
s4298,Movie,,Sigrid Andrea Bernardo,Philippines,2018-12-15,2017,TV-14,84 min,"Comedies, Dramas, International Movies"
s4300,Movie,,Matt Askem,United States,2018-12-15,2018,TV-MA,79 min,"Documentaries, Music & Musicals"
s4302,Movie,,Matt Askem,United States,2018-12-15,2018,TV-MA,83 min,"Documentaries, Music & Musicals"
s4303,Movie,,Guillermo de Oliveira,Spain,2018-12-15,2017,TV-14,83 min,"Documentaries, International Movies"
s4304,Movie,,Manoj Beedha,India,2018-12-15,2018,TV-MA,145 min,"Dramas, International Movies, Thrillers"
s4307,Movie,,Alfonso Cuarón,Mexico,2018-12-14,2018,R,135 min,"Dramas, Independent Movies, International Movies"
s4323,Movie,,Brian Oakes,United States,2018-12-07,2018,TV-MA,59 min,"Documentaries, Music & Musicals"
s4326,Movie,,Chris Howe,United Kingdom,2018-12-04,2018,TV-MA,63 min,Stand-Up Comedy
s4314,Movie,,"John Hoffman, Nanfu Wang",United States,2018-12-12,2018,TV-PG,35 min,Documentaries
s4315,Movie,,Marcus Raboy,United States,2018-12-11,2018,TV-MA,68 min,Stand-Up Comedy
s4316,Movie,,Marco Risi,Italy,2018-12-07,2018,TV-14,96 min,"Comedies, International Movies"
s4319,Movie,,Marek Losey,Not Given,2018-12-07,2018,TV-G,58 min,"Children & Family Movies, Dramas"
s4318,Movie,,Anne Fletcher,United States,2018-12-07,2018,PG-13,110 min,"Comedies, Dramas, Independent Movies"
s4320,Movie,,Andy Serkis,United Kingdom,2018-12-07,2018,PG-13,105 min,"Action & Adventure, Children & Family Movies, Dramas"
s4324,Movie,,Jacob Joice,Not Given,2018-12-07,2018,TV-Y,28 min,Children & Family Movies
s4322,TV Show,,Mat King,Australia,2018-12-07,2018,TV-MA,1 Season,"International TV Shows, TV Dramas"
s4325,Movie,,Bert Marcus,United States,2018-12-07,2018,TV-MA,98 min,Documentaries
s4329,Movie,,Ahsan Rahim,Pakistan,2018-12-02,2018,TV-14,155 min,"Action & Adventure, Comedies, International Movies"
s4330,Movie,,Andrew Lau Wai-Keung,China,2018-12-01,2011,TV-14,122 min,"Dramas, International Movies, Romantic Movies"
s4331,Movie,,Cheang Pou Soi,Hong Kong,2018-12-01,2009,TV-MA,87 min,"International Movies, Thrillers"
s4332,Movie,,Enrique García Meza,Mexico,2018-12-01,2018,TV-MA,73 min,"Documentaries, International Movies"
s4333,Movie,,Katarina Launing,Norway,2018-12-01,2018,TV-MA,98 min,"Dramas, International Movies, Romantic Movies"
s4334,Movie,,Johnnie To,Hong Kong,2018-12-01,2013,TV-MA,130 min,"Action & Adventure, Comedies, International Movies"
s4335,Movie,,Lawrence Cheng,Hong Kong,2018-12-01,2014,TV-14,105 min,"Comedies, International Movies, Romantic Movies"
s4336,Movie,,Prakash Balwant Saini,India,2018-12-01,2014,TV-14,110 min,"Comedies, Dramas, International Movies"
s4337,Movie,,Nam Ron,Malaysia,2018-12-01,2018,TV-14,81 min,"Dramas, International Movies"
s4338,Movie,,Johnnie To,Hong Kong,2018-12-01,2011,TV-PG,115 min,"Comedies, International Movies, Romantic Movies"
s4339,Movie,,Johnnie To,Hong Kong,2018-12-01,2014,TV-14,113 min,"Comedies, International Movies, Romantic Movies"
s4340,Movie,,Baljit Singh Deo,Australia,2018-12-01,2015,TV-14,146 min,"Action & Adventure, Dramas, International Movies"
s4342,Movie,,"Leung Lok Man, Luk Kim-ching",Hong Kong,2018-12-01,2015,TV-14,118 min,"Action & Adventure, International Movies"
s4343,Movie,,Jazz Boon,China,2018-12-01,2016,TV-MA,109 min,"Action & Adventure, Dramas, International Movies"
s4344,Movie,,Andrew Lau Wai-Keung,Hong Kong,2018-12-01,2009,TV-14,117 min,"Comedies, International Movies, Romantic Movies"
s4346,Movie,,Felix Chong,Hong Kong,2018-12-01,2010,TV-MA,95 min,"Action & Adventure, Comedies, International Movies"
s4347,Movie,,Dhanush,India,2018-12-01,2017,TV-MA,124 min,"Dramas, Independent Movies, International Movies"
s4349,Movie,,Gary Mak,Hong Kong,2018-12-01,2013,TV-MA,96 min,"Comedies, International Movies"
s4350,Movie,,Liu Jiang,China,2018-12-01,2008,TV-MA,96 min,"Dramas, International Movies"
s4352,Movie,,John Schultz,United States,2018-11-30,2018,TV-PG,93 min,"Children & Family Movies, Dramas, Romantic Movies"
s4353,Movie,,Damien O’Connor,Ireland,2018-11-30,2018,TV-Y,30 min,Children & Family Movies
s4355,Movie,,"Joseduardo Giordano, Sergio Goyri Jr.",Mexico,2018-11-30,2018,TV-MA,82 min,"Dramas, International Movies"
s4356,Movie,,Alice Rohrwacher,Italy,2018-11-30,2018,PG-13,127 min,"Dramas, Independent Movies, International Movies"
s4358,Movie,,Nandita Das,India,2018-11-30,2018,TV-MA,114 min,"Dramas, Independent Movies, International Movies"
s4359,Movie,,Leena Yadav,India,2018-11-30,2018,TV-MA,119 min,"Comedies, Dramas, International Movies"
s4361,Movie,,Romain Gavras,France,2018-11-30,2018,TV-MA,101 min,"Action & Adventure, Comedies, International Movies"
s4362,Movie,,Sebastián Hofmann,Mexico,2018-11-30,2018,TV-MA,96 min,"Dramas, Independent Movies, International Movies"
s4365,Movie,,"Denny Lu, Mike Myhre",United States,2018-11-25,2018,TV-Y,44 min,Children & Family Movies
s4370,Movie,,Clay Kaytis,United States,2018-11-22,2018,TV-PG,104 min,"Children & Family Movies, Comedies"
s4371,Movie,,Fernando Colomo,Spain,2018-11-21,2018,TV-MA,91 min,"Comedies, International Movies"
s4374,Movie,,Robert Vince,United States,2018-11-20,2018,PG,91 min,"Children & Family Movies, Comedies"
s4375,Movie,,Rocky Soraya,Indonesia,2018-11-20,2018,TV-MA,114 min,"Horror Movies, International Movies"
s4376,Movie,,Raditya Dika,Indonesia,2018-11-20,2018,TV-14,91 min,"Comedies, Horror Movies, International Movies"
s4378,Movie,,David Paul Meyer,United States,2018-11-20,2018,TV-MA,64 min,Stand-Up Comedy
s4379,Movie,,Leslie Iwerks,United States,2018-11-18,2007,G,89 min,Documentaries
s4383,Movie,,Daniel Goldhaber,United States,2018-11-16,2018,TV-MA,95 min,"Horror Movies, Independent Movies, Thrillers"
s4384,Movie,,Fred Cavayé,France,2018-11-16,2018,TV-MA,94 min,"Comedies, Dramas, International Movies"
s4386,Movie,,"Joel Coen, Ethan Coen",United States,2018-11-16,2018,R,133 min,"Comedies, Dramas"
s4389,Movie,,V C Abhilash,India,2018-11-15,2018,TV-PG,122 min,"Dramas, Independent Movies, International Movies"
s4399,Movie,,Christopher Guest,United States,2018-11-13,2018,TV-14,92 min,Music & Musicals
s4391,Movie,,Justin G. Dyck,Canada,2018-11-15,2017,PG,86 min,"Comedies, International Movies, Romantic Movies"
s4392,Movie,,Nila Madhab Panda,India,2018-11-15,2018,TV-14,111 min,"Comedies, Dramas, Independent Movies"
s4393,Movie,,Timo Tjahjanto,Indonesia,2018-11-15,2018,TV-MA,111 min,"Horror Movies, International Movies"
s4394,Movie,,Nakul Singh Sawhney,India,2018-11-15,2015,TV-MA,136 min,"Documentaries, International Movies"
s4395,Movie,,"Nishanth Ravindaran, Jathin Sanker Raj",India,2018-11-15,2018,TV-14,121 min,"Comedies, Independent Movies, International Movies"
s4396,Movie,,Swapna Waghmare Joshi,India,2018-11-15,2018,TV-14,119 min,"Horror Movies, International Movies"
s4397,Movie,,"Aitor Arregi, Jon Garaño",Spain,2018-11-15,2017,TV-14,115 min,"Dramas, International Movies"
s4398,Movie,,Erik Matti,Philippines,2018-11-13,2018,TV-MA,128 min,"Action & Adventure, International Movies"
s4402,Movie,,Vincent Kok,Hong Kong,2018-11-09,2009,TV-14,99 min,"Comedies, International Movies, Romantic Movies"
s4403,Movie,,Christian Zübert,Germany,2018-11-09,2017,TV-MA,106 min,"Comedies, International Movies"
s4405,Movie,,David Mackenzie,United Kingdom,2018-11-09,2018,R,122 min,"Action & Adventure, Dramas"
s4412,Movie,,Tejas Prabha Vijay Deoskar,India,2018-11-05,2018,TV-14,129 min,"Dramas, International Movies"
s4415,Movie,,Matheus Souza,Brazil,2018-11-02,2018,TV-MA,116 min,"Comedies, International Movies, LGBTQ Movies"
s4417,Movie,,Sara Dosa,United States,2018-11-02,2018,TV-14,59 min,"Documentaries, Music & Musicals"
s4418,Movie,,Bradley Walsh,United States,2018-11-02,2018,TV-G,95 min,"Dramas, Romantic Movies"
s4419,Movie,,Orson Welles,France,2018-11-02,2018,R,122 min,"Classic Movies, Dramas, Independent Movies"
s4420,Movie,,Morgan Neville,United States,2018-11-02,2018,TV-MA,98 min,Documentaries
s4421,Movie,,Indrajit Nattoji,India,2018-11-01,2009,TV-14,117 min,"Comedies, International Movies, Music & Musicals"
s4422,Movie,,Raj Kumar Gupta,India,2018-11-01,2008,TV-14,95 min,"International Movies, Thrillers"
s4423,Movie,,Remo D'Souza,India,2018-11-01,2015,TV-14,146 min,"Dramas, International Movies, Music & Musicals"
s4424,Movie,,Remo D'Souza,India,2018-11-01,2013,TV-14,136 min,"Dramas, International Movies"
s4425,Movie,,Arnab Chaudhuri,India,2018-11-01,2011,TV-14,91 min,"Action & Adventure, Dramas, International Movies"
s4426,Movie,,Rana Ranbir,India,2018-11-01,2018,TV-14,123 min,"Dramas, International Movies, Music & Musicals"
s4427,Movie,,Anurag Basu,India,2018-11-01,2012,TV-14,144 min,"Comedies, Dramas, International Movies"
s4428,Movie,,Ken Ghosh,India,2018-11-01,2010,TV-14,121 min,"Comedies, Dramas, International Movies"
s4429,Movie,,Justin G. Dyck,Canada,2018-11-01,2018,TV-PG,91 min,"International Movies, Romantic Movies"
s4430,Movie,,"Priyadarshan, Kookie V. Gulati",India,2018-11-01,2006,TV-14,158 min,"Comedies, Dramas, International Movies"
s4432,Movie,,Vivek Agnihotri,United Kingdom,2018-11-01,2007,TV-14,157 min,"Dramas, International Movies, Music & Musicals"
s4433,Movie,,Umesh Shukla,India,2018-11-01,2009,TV-14,124 min,"Comedies, International Movies, Music & Musicals"
s4434,Movie,,Habib Faisal,India,2018-11-01,2010,TV-PG,106 min,"Comedies, International Movies"
s4435,Movie,,Bobby Roth,United States,2018-11-01,2018,TV-MA,92 min,"Independent Movies, Thrillers"
s4436,Movie,,Halder Gomes,Brazil,2018-11-01,2017,TV-MA,80 min,Stand-Up Comedy
s4438,Movie,,Amitoj Mann,India,2018-11-01,2015,TV-14,126 min,"Dramas, International Movies, Thrillers"
s4439,Movie,,Raj Kumar Gupta,India,2018-11-01,2013,TV-MA,129 min,"Comedies, International Movies, Thrillers"
s4440,Movie,,B. Unnikrishnan,India,2018-11-01,2012,TV-14,133 min,"International Movies, Thrillers"
s4441,Movie,,Milan Luthria,India,2018-11-01,2007,TV-14,109 min,"Comedies, Dramas, International Movies"
s4442,Movie,,Madhur Bhandarkar,India,2018-11-01,2012,TV-MA,143 min,"Dramas, International Movies"
s4443,Movie,,Sajid Khan,India,2018-11-01,2013,TV-14,140 min,"Action & Adventure, Comedies, International Movies"
s4444,Movie,,Saji Surendran,India,2018-11-01,2012,TV-14,150 min,"Comedies, International Movies, Music & Musicals"
s4445,Movie,,Ksshitij Chaudhary,India,2018-11-01,2013,TV-PG,128 min,"Comedies, International Movies, Music & Musicals"
s4446,Movie,,Abhishek Kapoor,India,2018-11-01,2013,TV-MA,120 min,"Dramas, International Movies, Sports Movies"
s4447,Movie,,Sundar C.,India,2018-11-01,2012,TV-14,154 min,"Comedies, International Movies, Music & Musicals"
s4448,Movie,,Gary Binkow,United States,2018-11-01,2006,TV-MA,45 min,Stand-Up Comedy
s4449,Movie,,Nikhil Advani,India,2018-11-01,2015,TV-14,132 min,"Comedies, Dramas, International Movies"
s4450,Movie,,Anurag Basu,India,2018-11-01,2007,TV-14,126 min,"Dramas, International Movies, Music & Musicals"
s4451,Movie,,Lance Bangs,United States,2018-11-01,2013,TV-MA,95 min,Stand-Up Comedy
s4452,Movie,,Nishikant Kamat,India,2018-11-01,2008,TV-MA,135 min,"Dramas, International Movies"
s4453,Movie,,Navinder Pal Singh,India,2018-11-01,2014,TV-14,139 min,"Comedies, International Movies, Music & Musicals"
s4454,Movie,,Raj Kumar Gupta,India,2018-11-01,2011,TV-MA,131 min,"Dramas, International Movies"
s4455,Movie,,Dibakar Banerjee,India,2018-11-01,2008,TV-14,118 min,"Comedies, Dramas, International Movies"
s4456,Movie,,Tigmanshu Dhulia,India,2018-11-01,2010,TV-14,129 min,"Action & Adventure, Dramas, International Movies"
s4457,Movie,,Kunal Deshmukh,India,2018-11-01,2014,TV-14,131 min,"Dramas, International Movies, Thrillers"
s4458,Movie,,Prakash Jha,India,2018-11-01,2013,TV-14,146 min,"Dramas, International Movies, Music & Musicals"
s4459,Movie,,R. Kannan,India,2018-11-01,2013,TV-14,123 min,"Comedies, International Movies, Music & Musicals"
s4460,Movie,,Gaurav Narayanan,India,2018-11-01,2014,TV-14,141 min,"Dramas, International Movies, Thrillers"
s4461,Movie,,Kevin Layne,United States,2018-11-01,2015,TV-MA,93 min,Stand-Up Comedy
s4463,Movie,,Jennifer M. Kroot,United States,2018-11-01,2017,TV-MA,91 min,"Documentaries, LGBTQ Movies"
s4464,Movie,,Akin Omotoso,South Africa,2018-11-01,2016,TV-MA,106 min,"Dramas, Independent Movies, International Movies"
s4465,Movie,,Shyam Benegal,India,2018-11-01,2008,TV-14,131 min,"Comedies, Dramas, International Movies"
s4467,Movie,,Satyajit Bhatkal,India,2018-11-01,2011,PG,104 min,"Children & Family Movies, Dramas"
s4468,Movie,,Dani de la Torre,Spain,2018-10-31,2018,TV-MA,126 min,"Dramas, International Movies, Thrillers"
s4469,Movie,,Jerrold Tarog,Philippines,2018-10-31,2015,R,118 min,"Dramas, International Movies"
s4471,Movie,,Wilson Yip,Hong Kong,2018-10-27,2006,TV-14,94 min,"Action & Adventure, International Movies"
s4473,Movie,,Aleksey German,Russia,2018-10-26,2018,PG-13,126 min,"Dramas, International Movies"
s4474,Movie,,Sergio Barrejón,Spain,2018-10-26,2018,TV-MA,90 min,"Comedies, Dramas, International Movies"
s4476,Movie,,Sandi Tan,United States,2018-10-26,2018,TV-14,97 min,Documentaries
s4478,Movie,,Vijay Yelakanti,India,2018-10-26,2018,TV-MA,115 min,"Dramas, International Movies, Thrillers"
s4481,Movie,,Vlad Yudin,United States,2018-10-25,2018,TV-MA,93 min,Documentaries
s4483,Movie,,Steve Brill,United States,2018-10-23,2018,TV-MA,74 min,Stand-Up Comedy
s4485,Movie,,Don Michael Paul,United States,2018-10-23,2018,PG-13,102 min,"Action & Adventure, Sci-Fi & Fantasy"
s4487,Movie,,"Joanna Lombardi, Bruno Ascenzo",Peru,2018-10-20,2018,TV-MA,104 min,"Comedies, International Movies, Romantic Movies"
s4612,Movie,,N. Linguswamy,India,2018-10-01,2012,TV-14,156 min,"Action & Adventure, International Movies, Music & Musicals"
s4472,Movie,,Tinge Krishnan,Not Given,2018-10-26,2018,TV-MA,100 min,"Dramas, International Movies, Music & Musicals"
s4482,Movie,,S.S. Rajamouli,Not Given,2018-10-24,2015,TV-14,138 min,"Action & Adventure, Dramas, International Movies"
s4491,Movie,,Marcos Bucay,Mexico,2018-10-19,2018,TV-MA,51 min,Movies
s4493,Movie,,Peter Lepeniotis,United Kingdom,2018-10-19,2018,PG,86 min,"Children & Family Movies, Comedies"
s4494,Movie,,Kim Jee-woon,South Korea,2018-10-19,2018,TV-MA,140 min,"Action & Adventure, International Movies, Sci-Fi & Fantasy"
s4497,Movie,,Rajesh Touchriver,India,2018-10-19,2013,TV-14,122 min,"Dramas, International Movies"
s4500,Movie,,David Lam,Hong Kong,2018-10-19,2016,TV-MA,95 min,"Action & Adventure, International Movies"
s4501,Movie,,Timo Tjahjanto,Indonesia,2018-10-19,2018,TV-MA,121 min,"Action & Adventure, International Movies"
s4503,Movie,,Thiru,India,2018-10-18,2018,TV-MA,131 min,"Dramas, International Movies, Thrillers"
s4506,Movie,,Tom Forrest,United States,2018-10-16,2018,TV-MA,63 min,Stand-Up Comedy
s4507,Movie,,Anik Datta,India,2018-10-15,2017,TV-MA,150 min,"Dramas, International Movies"
s4508,Movie,,Rajkumar Hirani,India,2018-10-15,2018,TV-MA,159 min,"Dramas, International Movies"
s4510,Movie,,Shaad Ali,India,2018-10-13,2018,TV-14,131 min,"Dramas, International Movies, Sports Movies"
s4511,Movie,,Gareth Evans,United Kingdom,2018-10-12,2018,TV-MA,130 min,"Horror Movies, International Movies, Thrillers"
s4515,TV Show,,Padraic McKinley,Not Given,2018-10-12,2018,TV-MA,1 Season,Docuseries
s4513,Movie,,Paul Urkijo Alijo,Spain,2018-10-12,2018,TV-MA,99 min,"Horror Movies, International Movies, Sci-Fi & Fantasy"
s4514,Movie,,Johanna Demetrakas,United States,2018-10-12,2018,TV-MA,86 min,"Documentaries, LGBTQ Movies"
s4516,Movie,,Rizal Mantovani,Indonesia,2018-10-12,2018,TV-14,106 min,"Horror Movies, International Movies"
s4517,Movie,,Kief Davidson,United States,2018-10-12,2018,TV-14,57 min,"Documentaries, Music & Musicals"
s4520,Movie,,Sara Colangelo,United States,2018-10-12,2018,R,97 min,"Dramas, Independent Movies"
s4523,Movie,,Paul Greengrass,Norway,2018-10-10,2018,R,144 min,"Dramas, Thrillers"
s4525,Movie,,"Rusty Cundieff, Darin Scott",United States,2018-10-10,2018,R,110 min,"Cult Movies, Horror Movies, Independent Movies"
s4526,Movie,,Stan Lathan,United States,2018-10-09,2018,TV-MA,57 min,Stand-Up Comedy
s4527,Movie,,Kabir Bhatia,Malaysia,2018-10-08,2018,TV-14,119 min,"Action & Adventure, Dramas, International Movies"
s4529,Movie,,Chris Eigeman,United States,2018-10-06,2018,PG-13,94 min,Horror Movies
s4542,Movie,,Anthony Giordano,United States,2018-10-02,2018,TV-MA,64 min,Stand-Up Comedy
s4533,Movie,,Olaf de Fleur,United Kingdom,2018-10-05,2018,TV-MA,89 min,"Horror Movies, Thrillers"
s4534,Movie,,Tamara Jenkins,United States,2018-10-05,2018,R,124 min,"Comedies, Dramas, Independent Movies"
s4544,Movie,,Will Yapp,United Kingdom,2018-10-02,2008,TV-MA,55 min,Documentaries
s4538,Movie,,Kavi Raz,United Kingdom,2018-10-03,2017,PG-13,121 min,"Dramas, International Movies"
s4539,Movie,,Nick Simon,United States,2018-10-03,2017,TV-MA,88 min,Horror Movies
s4540,Movie,,Don Michael Paul,United States,2018-10-02,2017,R,111 min,Action & Adventure
s4541,Movie,,"Eric Idle, Aubrey Powell",United States,2018-10-02,2012,TV-MA,81 min,"Comedies, Music & Musicals"
s4545,Movie,,Eric Idle,United Kingdom,2018-10-02,2014,TV-MA,137 min,Comedies
s4546,Movie,,Will Yapp,United Kingdom,2018-10-02,2000,TV-MA,56 min,"Comedies, Documentaries"
s4548,Movie,,"Terry Hughes, Ian MacNaughton",United Kingdom,2018-10-02,1982,R,80 min,Comedies
s4549,Movie,,"Roger Graef, James Rogan",United Kingdom,2018-10-02,2014,TV-MA,94 min,Documentaries
s4565,Movie,,Shagufta Rafique,Not Given,2018-10-01,2017,TV-14,141 min,"Dramas, International Movies"
s4553,Movie,,Terry Jones,United Kingdom,2018-10-02,1979,R,94 min,"Classic Movies, Comedies, Cult Movies"
s4567,Movie,,Tinu Pappachan,Not Given,2018-10-01,2018,TV-MA,135 min,"Dramas, Independent Movies, International Movies"
s4555,Movie,,Ian MacNaughton,United Kingdom,2018-10-02,1989,TV-14,72 min,Comedies
s4556,Movie,,Albert Sharpe,United Kingdom,2018-10-02,2013,TV-MA,60 min,Documentaries
s4557,Movie,,Simranjit Singh Hundal,India,2018-10-01,2016,TV-14,140 min,"Action & Adventure, Dramas, International Movies"
s4558,Movie,,Justin G. Dyck,Canada,2018-10-01,2017,PG,91 min,Children & Family Movies
s4559,Movie,,Ram Gopal Varma,India,2018-10-01,2009,TV-14,97 min,"Horror Movies, International Movies"
s4560,Movie,,N. Linguswamy,India,2018-10-01,2014,TV-14,146 min,"Action & Adventure, Dramas, International Movies"
s4561,Movie,,Deep Joshi,India,2018-10-01,2016,TV-14,118 min,"Dramas, International Movies, Sports Movies"
s4562,Movie,,Rakeysh Omprakash Mehra,India,2018-10-01,2009,TV-14,128 min,"Dramas, International Movies"
s4563,Movie,,Anurag Kashyap,India,2018-10-01,2009,TV-MA,137 min,"Dramas, International Movies, Romantic Movies"
s4564,Movie,,Manjeet Maan,India,2018-10-01,2014,TV-PG,145 min,"International Movies, Music & Musicals, Romantic Movies"
s4566,Movie,,Shakun Batra,India,2018-10-01,2012,TV-14,106 min,"Comedies, International Movies, Romantic Movies"
s4568,Movie,,Amitoj Mann,India,2018-10-01,2013,TV-14,137 min,"Dramas, International Movies, Music & Musicals"
s4569,Movie,,Amarpreet G S Chabbra,India,2018-10-01,2014,TV-14,129 min,"Comedies, International Movies, Music & Musicals"
s4570,Movie,,Paresh Mokashi,India,2018-10-01,2009,TV-PG,99 min,"Dramas, International Movies"
s4571,TV Show,,Not Given,United States,2018-10-01,2018,TV-MA,1 Season,"Romantic TV Shows, TV Comedies"
s4572,Movie,,Anurag Basu,India,2018-10-01,2017,TV-14,155 min,"Action & Adventure, Comedies, International Movies"
s4573,Movie,,Rohit Jugraj,India,2018-10-01,2014,TV-14,142 min,"Comedies, Dramas, International Movies"
s4574,Movie,,Ashutosh Gowariker,India,2018-10-01,2008,TV-14,214 min,"Action & Adventure, Dramas, International Movies"
s4575,Movie,,Atharv Baluja,India,2018-10-01,2015,TV-PG,137 min,"Comedies, Dramas, International Movies"
s4576,Movie,,Vishal Bhardwaj,India,2018-10-01,2009,TV-14,128 min,"Dramas, International Movies, Music & Musicals"
s4577,Movie,,Rohit Jugraj,India,2018-10-01,2018,TV-14,151 min,"Dramas, International Movies, Sports Movies"
s4578,Movie,,Shashanka Ghosh,India,2018-10-01,2014,TV-14,121 min,"Comedies, International Movies, Romantic Movies"
s4579,Movie,,Puneet Sira,India,2018-10-01,2009,TV-14,101 min,"Action & Adventure, Dramas, International Movies"
s4580,Movie,,Aziz Mirza,India,2018-10-01,2008,TV-14,145 min,"Comedies, Dramas, International Movies"
s4581,Movie,,Renzil D'Silva,India,2018-10-01,2009,TV-14,147 min,"International Movies, Thrillers"
s4582,Movie,,Smeep Kang,India,2018-10-01,2016,TV-14,90 min,"Dramas, International Movies"
s4583,Movie,,Sameer Sharma,India,2018-10-01,2012,TV-14,129 min,"Comedies, International Movies, Romantic Movies"
s4584,Movie,,Chandan Arora,India,2018-10-01,2005,TV-PG,129 min,"Comedies, Dramas, International Movies"
s4585,Movie,,Baljit Singh Deo,India,2018-10-01,2017,TV-14,136 min,"Comedies, Dramas, International Movies"
s4586,Movie,,Amitoj Mann,India,2018-10-01,2016,TV-PG,117 min,"Comedies, International Movies"
s4587,Movie,,Mysskin,India,2018-10-01,2012,TV-14,150 min,"Action & Adventure, International Movies"
s4588,Movie,,Rajan Madhav,India,2018-10-01,2011,TV-14,134 min,"Action & Adventure, International Movies"
s4589,Movie,,Raaghav Dar,India,2018-10-01,2011,TV-14,100 min,"Comedies, International Movies, Sci-Fi & Fantasy"
s4590,Movie,,Ishi Rudell,United States,2018-10-01,2018,TV-Y,44 min,Children & Family Movies
s4591,Movie,,Ishi Rudell,United States,2018-10-01,2018,TV-Y,44 min,Children & Family Movies
s4592,Movie,,David Lee Miller,United States,2018-10-01,2009,TV-MA,111 min,"Comedies, Dramas, Independent Movies"
s4593,Movie,,Thiru,India,2018-10-01,2014,TV-14,147 min,"Action & Adventure, Dramas, International Movies"
s4594,Movie,,Amit Saxena,India,2018-10-01,2013,TV-14,115 min,"Dramas, International Movies, Romantic Movies"
s4595,Movie,,Pankaj Batra,India,2018-10-01,2013,TV-PG,121 min,"Comedies, International Movies, Music & Musicals"
s4596,Movie,,Jaivi Dhanda,India,2018-10-01,2016,TV-14,103 min,"Action & Adventure, Dramas, International Movies"
s4597,Movie,,Suman Ghosh,India,2018-10-01,2016,TV-14,73 min,"Comedies, Dramas, Independent Movies"
s4598,Movie,,Kabir Khan,India,2018-10-01,2015,TV-14,129 min,"Action & Adventure, International Movies"
s4599,Movie,,Akshay Akkineni,India,2018-10-01,2014,TV-14,102 min,"Horror Movies, International Movies, Thrillers"
s4600,Movie,,Nidhi Sharma,India,2018-10-01,2013,TV-PG,122 min,"Comedies, International Movies, Music & Musicals"
s4601,Movie,,"Mastan Alibhai Burmawalla, Abbas Alibhai Burmawalla",India,2018-10-01,2008,TV-14,155 min,"Action & Adventure, International Movies, Music & Musicals"
s4602,Movie,,"Abbas Alibhai Burmawalla, Mastan Alibhai Burmawalla",India,2018-10-01,2013,TV-14,139 min,"Action & Adventure, International Movies, Music & Musicals"
s4603,Movie,,Vipin Parashar,India,2018-10-01,2015,TV-PG,131 min,"Comedies, Dramas, International Movies"
s4604,Movie,,Vikram Pradhan,India,2018-10-01,2017,TV-14,127 min,"Comedies, Dramas, International Movies"
s4606,Movie,,Vijay,India,2018-10-01,2012,TV-14,156 min,"Action & Adventure, International Movies, Music & Musicals"
s4608,Movie,,Sundar C.,India,2018-10-01,2013,TV-PG,132 min,"Comedies, International Movies, Music & Musicals"
s4610,Movie,,Sartaj Singh Pannu,India,2018-10-01,2016,TV-14,130 min,"Action & Adventure, Dramas, International Movies"
s4611,Movie,,Vikramaditya Motwane,India,2018-10-01,2010,TV-MA,137 min,"Dramas, Independent Movies, International Movies"
s4607,Movie,,Eduardo Chauvet,Not Given,2018-10-01,2018,TV-MA,91 min,"Documentaries, International Movies"
s4613,Movie,,Ayaan Mukherji,India,2018-10-01,2009,TV-14,132 min,"Comedies, International Movies, Romantic Movies"
s4614,Movie,,Sidharth Malhotra,India,2018-10-01,2010,TV-14,119 min,"Dramas, International Movies"
s4615,Movie,,Saket Behl,India,2018-10-01,2015,TV-PG,140 min,"Comedies, International Movies, Romantic Movies"
s4616,Movie,,Anjum Shahzad,Pakistan,2018-10-01,2016,TV-14,126 min,"Dramas, International Movies, Romantic Movies"
s4617,Movie,,Ken Kwapis,United States,2018-09-30,2012,PG,107 min,"Children & Family Movies, Dramas"
s4618,Movie,,Monique Gardenberg,Brazil,2018-09-29,2018,TV-MA,111 min,"Dramas, Independent Movies, International Movies"
s4619,Movie,,Han Yan,China,2018-09-28,2018,TV-MA,130 min,"Action & Adventure, International Movies, Sci-Fi & Fantasy"
s4620,Movie,,Jeremy Saulnier,United States,2018-09-28,2018,TV-MA,126 min,"Action & Adventure, Dramas"
s4621,Movie,,Kim A. Snyder,United States,2018-09-28,2018,TV-14,24 min,Documentaries
s4625,Movie,,Rocky Soraya,Indonesia,2018-09-28,2018,TV-MA,108 min,"Horror Movies, International Movies"
s4626,Movie,,"Álvaro Longoria, Gerardo Olivares",Spain,2018-09-28,2018,TV-MA,117 min,"Documentaries, International Movies"
s4627,Movie,,Anthony Byrne,United Kingdom,2018-09-22,2018,TV-MA,101 min,"Independent Movies, International Movies, Thrillers"
s4631,Movie,,"Rashida Jones, Alan Hicks",United States,2018-09-21,2018,TV-MA,124 min,"Documentaries, Music & Musicals"
s4642,Movie,,Ariel Vromen,Israel,2018-09-14,2018,TV-MA,114 min,"Dramas, International Movies, Thrillers"
s4643,Movie,,Nicole Holofcener,United States,2018-09-14,2018,TV-MA,98 min,"Comedies, Dramas, Independent Movies"
s4647,Movie,,Alessio Cremonini,Italy,2018-09-12,2018,TV-MA,100 min,"Dramas, International Movies"
s4650,Movie,,Joram Lürsen,Netherlands,2018-09-11,2018,TV-MA,123 min,"Dramas, International Movies"
s4657,Movie,,"Kevin R. Adams, Joe Ksander",China,2018-09-07,2018,TV-PG,106 min,"Children & Family Movies, Comedies, Sci-Fi & Fantasy"
s4658,Movie,,Ian Samuels,United States,2018-09-07,2018,PG-13,106 min,"Comedies, Romantic Movies"
s4660,Movie,,Franck Ribière,Belgium,2018-09-07,2018,TV-MA,102 min,"Dramas, International Movies, Thrillers"
s4661,Movie,,Rajkumar Hirani,India,2018-09-06,2014,TV-14,146 min,"Comedies, Dramas, International Movies"
s4662,Movie,,Jesse V. Johnson,United Kingdom,2018-09-03,2018,TV-MA,96 min,Action & Adventure
s4665,TV Show,,Peter Ho,Taiwan,2018-09-01,2018,TV-MA,1 Season,"Crime TV Shows, International TV Shows, TV Dramas"
s4666,Movie,,Olivier Marchal,France,2018-09-01,2017,TV-MA,104 min,"Dramas, International Movies, Thrillers"
s4667,Movie,,Qaushiq Mukherjee,India,2018-09-01,2018,TV-MA,109 min,"Dramas, Independent Movies, International Movies"
s4668,Movie,,Onir,India,2018-09-01,2018,TV-14,110 min,"Dramas, Independent Movies, International Movies"
s4669,Movie,,Jatla Siddartha,India,2018-09-01,2017,TV-MA,110 min,"Dramas, Independent Movies, International Movies"
s4670,Movie,,Kanwal Sethi,India,2018-09-01,2018,TV-PG,101 min,"Dramas, Independent Movies, International Movies"
s4672,Movie,,Samuel Jouy,France,2018-09-01,2017,TV-MA,94 min,"Dramas, International Movies, Sports Movies"
s4685,Movie,,Todd Biermann,Not Given,2018-08-24,2018,TV-MA,57 min,Stand-Up Comedy
s4676,Movie,,Mateo Gil,Spain,2018-08-31,2018,TV-MA,101 min,"Comedies, International Movies, Romantic Movies"
s4680,Movie,,Shivam Nair,India,2018-08-28,2017,TV-14,141 min,"Action & Adventure, International Movies"
s4681,Movie,,Tanuja Chandra,India,2018-08-28,2017,TV-14,120 min,"Comedies, International Movies, Romantic Movies"
s4682,Movie,,A.R. Murugadoss,India,2018-08-28,2017,TV-14,140 min,"Action & Adventure, International Movies"
s4684,Movie,,Jordan Brady,United States,2018-08-25,2012,TV-MA,50 min,Stand-Up Comedy
s4686,TV Show,,Patrick Graham,India,2018-08-24,2018,TV-MA,1 Season,"International TV Shows, TV Dramas, TV Horror"
s4687,Movie,,Mike Clattenburg,Canada,2018-08-24,1998,TV-MA,31 min,Comedies
s4688,TV Show,,Han Qing,China,2018-08-24,2018,TV-14,1 Season,"International TV Shows, TV Comedies, TV Dramas"
s4689,Movie,,Ian Edelman,United States,2018-08-24,2018,TV-MA,90 min,"Comedies, Music & Musicals"
s4691,Movie,,Ashwiny Iyer Tiwari,India,2018-08-21,2017,TV-14,110 min,"Comedies, Dramas, International Movies"
s4692,Movie,,Atlee Kumar,India,2018-08-21,2017,TV-14,162 min,"Action & Adventure, Dramas, International Movies"
s4693,Movie,,Ravi Udyawar,India,2018-08-21,2017,TV-14,139 min,"Dramas, International Movies, Thrillers"
s4694,Movie,,R. Balki,India,2018-08-21,2018,PG-13,130 min,"Dramas, International Movies, Romantic Movies"
s4695,Movie,,Shree Narayan Singh,India,2018-08-21,2017,TV-14,145 min,"Comedies, Dramas, International Movies"
s4698,Movie,,Manuel Martín Cuenca,Spain,2018-08-17,2017,TV-MA,114 min,"Comedies, Dramas, International Movies"
s4699,Movie,,Susan Johnson,United States,2018-08-17,2018,TV-14,100 min,"Comedies, International Movies, Romantic Movies"
s4700,Movie,,Y. Joon Chung,South Korea,2018-08-17,2018,TV-MA,54 min,Stand-Up Comedy
s4701,Movie,,Vikramaditya Motwane,India,2018-08-16,2018,TV-14,150 min,"Dramas, International Movies, Sci-Fi & Fantasy"
s4702,Movie,,Rucha Humnabadkar,United States,2018-08-15,2015,TV-MA,105 min,"Comedies, Dramas, Independent Movies"
s4706,Movie,,Mike Newell,United Kingdom,2018-08-10,2018,TV-PG,124 min,"Dramas, Romantic Movies"
s4707,Movie,,Jake Szymanski,United States,2018-08-10,2018,TV-MA,95 min,Comedies
s4708,Movie,,Floyd Russ,United States,2018-08-10,2018,TV-PG,12 min,"Documentaries, Sports Movies"
s4709,Movie,,Alejandro Montiel,Argentina,2018-08-09,2018,TV-MA,104 min,"Dramas, International Movies, Thrillers"
s4713,Movie,,Abhishek Varman,India,2018-08-04,2014,TV-PG,143 min,"Comedies, Dramas, International Movies"
s4714,Movie,,Sabir Khan,India,2018-08-04,2016,TV-14,127 min,"Action & Adventure, International Movies"
s4715,Movie,,Nikhil Nagesh Bhat,India,2018-08-04,2018,TV-MA,100 min,"Comedies, Dramas, International Movies"
s4716,Movie,,"Xiaoxing Yi, Yoshitaka Takeuchi, Haoling Li",China,2018-08-04,2018,TV-PG,74 min,"Anime Features, International Movies, Romantic Movies"
s4719,Movie,,Lauren Miller Rogen,United States,2018-08-03,2018,TV-MA,104 min,"Comedies, Dramas"
s4720,Movie,,Vishal Bhardwaj,India,2018-08-02,2011,TV-MA,148 min,"Dramas, International Movies, Thrillers"
s4721,Movie,,"Vikas Bahl, Nitesh Tiwari",India,2018-08-02,2011,TV-PG,127 min,"Children & Family Movies, Comedies, Dramas"
s4722,Movie,,Madhur Bhandarkar,India,2018-08-02,2008,TV-MA,158 min,"Dramas, International Movies"
s4723,Movie,,Abhishek Kapoor,India,2018-08-02,2016,TV-14,124 min,"Dramas, International Movies, Romantic Movies"
s4724,Movie,,Khalid Mohamed,India,2018-08-02,2000,TV-14,163 min,"Dramas, International Movies, Music & Musicals"
s4725,Movie,,Sanjay Leela Bhansali,India,2018-08-02,2010,TV-14,121 min,"Dramas, International Movies"
s4726,Movie,,Vishal Bhardwaj,India,2018-08-02,2014,TV-MA,154 min,"Dramas, International Movies, Romantic Movies"
s4727,Movie,,Imtiaz Ali,India,2018-08-02,2014,TV-14,127 min,"Action & Adventure, Dramas, International Movies"
s4728,Movie,,Punit Malhotra,India,2018-08-02,2010,TV-14,128 min,"Comedies, International Movies, Music & Musicals"
s4729,Movie,,Shirish Kunder,India,2018-08-02,2012,TV-PG,98 min,"Comedies, International Movies, Music & Musicals"
s4730,Movie,,Prem Soni,India,2018-08-02,2009,TV-14,109 min,"International Movies, Music & Musicals, Romantic Movies"
s4731,Movie,,Ashutosh Gowariker,India,2018-08-02,2016,TV-14,168 min,"Action & Adventure, Dramas, International Movies"
s4732,Movie,,Prakash Jha,India,2018-08-02,2010,TV-14,162 min,"Dramas, International Movies, Thrillers"
s5002,Movie,,"Raúl Campos, Jan Suter",Argentina,2018-03-02,2018,TV-MA,51 min,Stand-Up Comedy
s4733,Movie,,Rakeysh Omprakash Mehra,India,2018-08-02,2006,TV-14,159 min,"Dramas, International Movies"
s4734,Movie,,Prabhu Deva,India,2018-08-02,2012,TV-14,137 min,"Action & Adventure, Comedies, International Movies"
s4735,Movie,,Imtiaz Ali,India,2018-08-02,2015,TV-14,133 min,"Dramas, International Movies, Romantic Movies"
s4736,Movie,,Mandeep Kumar,India,2018-08-02,2012,TV-14,127 min,"Comedies, International Movies, Romantic Movies"
s4737,Movie,,Anees Bazmee,India,2018-08-02,2011,TV-14,131 min,"Comedies, International Movies, Romantic Movies"
s4738,Movie,,Vishal Bhardwaj,India,2018-08-02,2005,TV-PG,90 min,"Children & Family Movies, Dramas, Independent Movies"
s4740,Movie,,"Jesse Handsher, Olivier Roland",United States,2018-08-01,2018,TV-MA,88 min,Documentaries
s4741,Movie,,Pablo Giorgelli,Argentina,2018-08-01,2017,TV-MA,87 min,"Dramas, Independent Movies, International Movies"
s4746,Movie,,Ted Emery,Australia,2018-07-28,2005,TV-PG,82 min,Movies
s4747,Movie,,Ted Emery,Australia,2018-07-28,2012,TV-14,86 min,Comedies
s4749,Movie,,Tony Datis,France,2018-07-28,2017,TV-MA,100 min,"Comedies, Horror Movies, International Movies"
s4750,Movie,,"Raúl Campos, Jan Suter",Mexico,2018-07-27,2018,TV-MA,57 min,Stand-Up Comedy
s4752,Movie,,Ben Young,United States,2018-07-27,2018,TV-MA,95 min,"Action & Adventure, Dramas, Sci-Fi & Fantasy"
s4754,Movie,,Kirby Dick,Australia,2018-07-27,2018,TV-14,101 min,Documentaries
s4756,Movie,,Abhishek Sharma,India,2018-07-25,2018,TV-PG,124 min,"Dramas, International Movies"
s4757,Movie,,Steve Paley,United States,2018-07-24,2018,TV-MA,72 min,Stand-Up Comedy
s4758,Movie,,Daniel Calparsoro,Spain,2018-07-24,2018,TV-MA,93 min,"International Movies, Thrillers"
s4761,Movie,,Chris Jenkins,China,2018-07-20,2018,PG,92 min,"Children & Family Movies, Comedies"
s4766,Movie,,Alexandre Avancini,Brazil,2018-07-20,2018,PG,133 min,"Dramas, Faith & Spirituality, International Movies"
s4769,Movie,,Alexis Morante,Spain,2018-07-18,2018,TV-14,105 min,"Documentaries, International Movies, Music & Musicals"
s4770,Movie,,"Kobun Shizuno, Hiroyuki Seshita",Japan,2018-07-18,2018,TV-14,101 min,"Action & Adventure, Anime Features, International Movies"
s4771,Movie,,Clay Glen,Australia,2018-07-15,2018,TV-G,88 min,"Children & Family Movies, Dramas, International Movies"
s4774,Movie,,David M. Rosenthal,United States,2018-07-13,2018,TV-MA,113 min,"Action & Adventure, Sci-Fi & Fantasy"
s4775,Movie,,Scott Zabielski,United States,2018-07-13,2018,TV-MA,71 min,Stand-Up Comedy
s4776,Movie,,Diego Cohen,Mexico,2018-07-13,2018,TV-MA,75 min,"Horror Movies, Independent Movies, International Movies"
s4780,TV Show,,Lee Eung-bok,South Korea,2018-07-08,2018,TV-MA,1 Season,"International TV Shows, Korean TV Shows, Romantic TV Shows"
s4782,Movie,,"Raúl Campos, Jan Suter",Argentina,2018-07-06,2018,TV-14,66 min,Stand-Up Comedy
s4783,Movie,,Jody Hill,United States,2018-07-06,2018,TV-14,83 min,"Action & Adventure, Comedies, Dramas"
s4784,Movie,,Samu Fuentes,Spain,2018-07-06,2018,TV-MA,110 min,"Dramas, Independent Movies, International Movies"
s4785,Movie,,Alexandre Espigares,France,2018-07-06,2018,TV-PG,88 min,"Children & Family Movies, Dramas"
s4786,Movie,,Kevin Layne,United States,2018-07-04,2013,TV-MA,77 min,Stand-Up Comedy
s4787,Movie,,Scott L. Montoya,United States,2018-07-03,2012,TV-MA,58 min,Stand-Up Comedy
s4788,Movie,,Scott L. Montoya,United States,2018-07-03,2012,TV-MA,69 min,Stand-Up Comedy
s4789,Movie,,Marcus Raboy,United States,2018-07-03,2012,TV-MA,61 min,Stand-Up Comedy
s4790,Movie,,Sam Voutas,China,2018-07-02,2018,TV-14,88 min,"Comedies, Dramas, International Movies"
s4791,Movie,,Raj Kaushal,India,2018-07-01,2006,TV-14,122 min,"Comedies, Dramas, International Movies"
s4792,Movie,,"Bo Burnham, Christopher Storer",United States,2018-07-01,2013,TV-MA,60 min,Stand-Up Comedy
s4793,Movie,,Aziz Mirza,India,2018-07-01,2003,TV-14,166 min,"Dramas, International Movies, Romantic Movies"
s4794,Movie,,K.C. Bokadia,India,2018-07-01,2013,TV-14,107 min,"Comedies, Dramas, International Movies"
s4795,Movie,,Miguel Arteta,United States,2018-07-01,2018,TV-MA,94 min,"Dramas, Independent Movies, LGBTQ Movies"
s4796,Movie,,Nila Madhab Panda,India,2018-07-01,2010,TV-PG,87 min,"Children & Family Movies, Comedies, Dramas"
s4797,Movie,,Samir Soni,India,2018-07-01,2018,TV-14,92 min,"Dramas, International Movies, Thrillers"
s4798,Movie,,Vipul Amrutlal Shah,India,2018-07-01,2007,TV-14,130 min,"Comedies, Dramas, International Movies"
s4800,Movie,,Juan Antonio de la Riva,Mexico,2018-07-01,2015,TV-14,88 min,"Horror Movies, International Movies"
s4801,Movie,,Kabir Sadanand,India,2018-07-01,2010,TV-14,128 min,"Comedies, Dramas, International Movies"
s4802,Movie,,"Bert Marcus, Cyrus Saidi",United States,2018-07-01,2017,TV-MA,96 min,"Documentaries, Music & Musicals"
s4803,Movie,,Shlok Sharma,India,2018-07-01,2018,TV-MA,94 min,"Dramas, Independent Movies, International Movies"
s4804,Movie,,Jay Karas,United States,2018-06-30,2012,TV-MA,69 min,Stand-Up Comedy
s4806,Movie,,Yayo Herrero,Spain,2018-06-30,2017,TV-MA,90 min,"Horror Movies, Independent Movies, International Movies"
s4807,Movie,,Matt Palmer,United Kingdom,2018-06-29,2018,TV-MA,101 min,"Dramas, International Movies, Thrillers"
s4809,Movie,,"Raúl Campos, Jan Suter",Chile,2018-06-29,2018,TV-MA,77 min,Stand-Up Comedy
s4811,Movie,,Rodrigo Triana,Colombia,2018-06-29,2018,TV-14,89 min,"Comedies, Dramas, International Movies"
s4812,Movie,,Elaine McMillion Sheldon,United States,2018-06-29,2018,TV-MA,90 min,Documentaries
s4813,Movie,,Federico D'Alessandro,United States,2018-06-29,2018,R,98 min,"Sci-Fi & Fantasy, Thrillers"
s4815,Movie,,Shannon Hartman,United States,2018-06-26,2018,TV-MA,66 min,Stand-Up Comedy
s4817,Movie,,Seiji Mizushima,Japan,2018-06-25,2014,TV-MA,103 min,"Action & Adventure, Anime Features, Sci-Fi & Fantasy"
s4818,Movie,,Myriam Aziza,France,2018-06-24,2018,TV-MA,95 min,"Comedies, International Movies, LGBTQ Movies"
s4820,Movie,,Gerard Barrett,United States,2018-06-22,2016,PG-13,89 min,"Dramas, Independent Movies, International Movies"
s4823,Movie,,Rene Liu,China,2018-06-22,2018,TV-MA,119 min,"Dramas, International Movies, Romantic Movies"
s4824,Movie,,"Madeleine Parry, Jon Olb",Australia,2018-06-19,2018,TV-MA,70 min,Stand-Up Comedy
s4826,Movie,,"Zoya Akhtar, Karan Johar, Anurag Kashyap, Dibakar Banerjee",India,2018-06-15,2018,TV-MA,121 min,"Comedies, Dramas, International Movies"
s4827,Movie,,Oded Raz,Israel,2018-06-15,2018,TV-MA,106 min,"Comedies, International Movies"
s4828,Movie,,"Mariana Tschudi, Héctor Gálvez",Peru,2018-06-15,2017,TV-G,74 min,"Documentaries, International Movies"
s4829,Movie,,Claire Scanlon,United States,2018-06-15,2018,TV-MA,106 min,"Comedies, Romantic Movies"
s4830,Movie,,Ramón Salazar,Spain,2018-06-15,2017,PG-13,113 min,"Dramas, Independent Movies, International Movies"
s4831,Movie,,Eduardo Mendoza de Echave,Chile,2018-06-15,2017,TV-MA,119 min,"Dramas, International Movies"
s4834,Movie,,Craig Johnson,United States,2018-06-08,2018,TV-MA,100 min,"Comedies, Dramas, Independent Movies"
s4835,Movie,,Jeffrey Walker,Australia,2018-06-08,2018,TV-MA,110 min,"Comedies, Independent Movies, International Movies"
s4836,Movie,,Ulises Valencia,Mexico,2018-06-08,2018,TV-MA,66 min,Stand-Up Comedy
s4819,TV Show,,Not Given,United States,2018-06-23,2018,TV-14,1 Season,TV Dramas
s4821,Movie,,Not Given,United Kingdom,2018-06-22,2018,TV-MA,74 min,International Movies
s4837,TV Show,,Not Given,France,2018-06-08,2018,TV-MA,1 Season,"Crime TV Shows, Docuseries, TV Mysteries"
s4840,Movie,,Shadab Khan,India,2018-06-01,2017,TV-14,126 min,"Dramas, International Movies"
s4841,Movie,,Nattawut Poonpiriya,Thailand,2018-06-01,2017,TV-MA,130 min,"Dramas, International Movies, Thrillers"
s4843,Movie,,Lynn Shelton,United States,2018-06-01,2018,TV-MA,110 min,"Dramas, Independent Movies"
s4844,Movie,,Felix Starck,Germany,2018-06-01,2015,TV-MA,85 min,"Documentaries, International Movies, Sports Movies"
s4848,Movie,,Norberto López Amado,Spain,2018-05-26,2018,TV-MA,117 min,"Dramas, International Movies, Thrillers"
s4850,Movie,,"Raúl Campos, Jan Suter",Argentina,2018-05-25,2018,TV-MA,63 min,Stand-Up Comedy
s4851,Movie,,Alex Richanbach,United States,2018-05-25,2018,TV-MA,94 min,"Comedies, Romantic Movies"
s4852,Movie,,Marcus Raboy,United States,2018-05-25,2018,TV-14,74 min,Stand-Up Comedy
s4855,Movie,,Tig Notaro,United States,2018-05-22,2018,TV-14,58 min,Stand-Up Comedy
s4856,Movie,,Kagiso Lediga,South Africa,2018-05-18,2018,TV-MA,117 min,"Comedies, International Movies, Romantic Movies"
s4838,TV Show,,Not Given,United States,2018-06-07,2017,TV-14,4 Seasons,TV Dramas
s4859,Movie,,Brit McAdams,United States,2018-05-17,2007,TV-MA,89 min,Stand-Up Comedy
s4860,Movie,,Mercedes Cordova,Argentina,2018-05-16,2017,TV-MA,66 min,"Documentaries, International Movies"
s4861,Movie,,Neeraj Pandey,India,2018-05-15,2018,TV-MA,158 min,"Action & Adventure, Dramas, International Movies"
s4862,Movie,,Hayao Miyazaki,Japan,2018-05-15,1979,PG-13,100 min,"Action & Adventure, Anime Features, Classic Movies"
s4864,Movie,,Jay Karas,United States,2018-05-13,2018,TV-MA,64 min,Stand-Up Comedy
s4865,Movie,,"Anthony Abrams, Adam Larson Broder",United States,2018-05-12,2017,TV-MA,92 min,"Comedies, Independent Movies"
s4867,Movie,,"Raúl Campos, Jan Suter",Mexico,2018-05-11,2018,TV-MA,63 min,Stand-Up Comedy
s4868,TV Show,,"Trey Borzillieri, Barbara Schroeder",United States,2018-05-11,2018,TV-MA,1 Season,"Crime TV Shows, Docuseries, TV Mysteries"
s4869,Movie,,Vince Marcello,United Kingdom,2018-05-11,2018,TV-14,105 min,"Comedies, Romantic Movies"
s4871,Movie,,Bobcat Goldthwait,United States,2018-05-08,2018,TV-MA,67 min,Stand-Up Comedy
s4872,Movie,,Dani Levy,Germany,2018-05-07,2007,TV-14,91 min,"Comedies, International Movies"
s4873,Movie,,Sonny Mallhi,United States,2018-05-05,2018,TV-MA,92 min,Horror Movies
s4874,Movie,,Robert Vince,Canada,2018-05-05,2018,G,87 min,"Children & Family Movies, Comedies, Music & Musicals"
s4876,Movie,,Andrew Niccol,United Kingdom,2018-05-04,2018,TV-MA,100 min,"Dramas, Sci-Fi & Fantasy, Thrillers"
s4877,Movie,,Isabelle Nanty,France,2018-05-04,2018,TV-MA,113 min,Stand-Up Comedy
s4878,Movie,,"Rob Epstein, Jeffrey Friedman",United States,2018-05-04,2018,TV-PG,40 min,Documentaries
s4879,Movie,,Antonio Morabito,Italy,2018-05-04,2018,TV-MA,105 min,"Dramas, International Movies"
s4898,Movie,,"Guillermo Garcia, David Cantolla",Not Given,2018-05-01,2016,TV-Y,24 min,Movies
s4881,Movie,,Rene Bueno,Mexico,2018-05-04,2018,TV-14,94 min,"Comedies, International Movies, Romantic Movies"
s4882,Movie,,John Woo,China,2018-05-04,2017,TV-MA,109 min,"Action & Adventure, International Movies"
s4883,Movie,,Patricia Ferreira,Spain,2018-05-04,2017,TV-MA,99 min,"Comedies, Dramas, International Movies"
s4884,Movie,,Fernando Ayllón,Colombia,2018-05-03,2018,TV-MA,89 min,"Comedies, International Movies"
s4885,Movie,,Jimmy Henderson,Cambodia,2018-05-02,2017,TV-MA,92 min,"Action & Adventure, International Movies"
s4886,Movie,,Devashish Makhija,India,2018-05-01,2017,TV-MA,105 min,"Dramas, International Movies"
s4887,Movie,,Amal Neerad,India,2018-05-01,2017,TV-14,130 min,"Action & Adventure, Dramas, Independent Movies"
s4888,Movie,,"Fluvio Iannuci, Roly Santos",Italy,2018-05-01,2017,TV-PG,69 min,"Documentaries, International Movies"
s4889,Movie,,Julius R. Nasso,United States,2018-05-01,2018,TV-MA,98 min,"Action & Adventure, Independent Movies"
s4890,Movie,,Lucas Figueroa,Argentina,2018-05-01,2017,TV-MA,90 min,"Comedies, International Movies"
s4891,Movie,,Alex Timbers,United States,2018-05-01,2018,TV-MA,65 min,Stand-Up Comedy
s4892,Movie,,Justin G. Dyck,Canada,2018-05-01,2018,PG,92 min,"Comedies, International Movies, Romantic Movies"
s4894,Movie,,Alfonso Rodríguez,Spain,2018-05-01,2008,TV-Y,25 min,Movies
s4900,Movie,,Priyadarshan,India,2018-05-01,2016,TV-14,101 min,"Dramas, International Movies"
s4902,Movie,,Dito Montiel,United States,2018-05-01,2017,R,90 min,"Comedies, Dramas, Independent Movies"
s4903,Movie,,Vicente Villanueva,Spain,2018-05-01,2017,TV-MA,96 min,"Comedies, International Movies"
s4907,TV Show,,Dawn Porter,Not Given,2018-04-27,2018,TV-MA,1 Season,Docuseries
s4905,Movie,,Amit Roy,India,2018-04-30,2017,TV-14,115 min,"Comedies, International Movies, Romantic Movies"
s4906,Movie,,Teddy Lussi-Modeste,France,2018-04-30,2017,TV-MA,92 min,"Dramas, International Movies"
s4908,Movie,,Ben Shelton,United States,2018-04-27,2018,TV-14,93 min,"Children & Family Movies, Dramas, Romantic Movies"
s4910,Movie,,Curro Velázquez,Spain,2018-04-27,2017,TV-MA,95 min,"Comedies, International Movies, Sports Movies"
s4912,Movie,,Laura Brownson,United States,2018-04-27,2018,TV-MA,105 min,Documentaries
s4913,Movie,,Robert Smigel,United States,2018-04-27,2018,TV-14,117 min,Comedies
s4916,Movie,,Max Amini,Germany,2018-04-26,2018,TV-MA,66 min,Stand-Up Comedy
s4917,Movie,,"Jason Sussberg, David Alvarado",United States,2018-04-25,2017,TV-PG,97 min,Documentaries
s4918,Movie,,"Célia Catunda, Kiko Mistrorigo, Rodrigo Eba",Brazil,2018-04-25,2018,TV-Y,78 min,Children & Family Movies
s4919,Movie,,Sang-ho Yeon,South Korea,2018-04-25,2018,TV-MA,102 min,"Action & Adventure, Comedies, International Movies"
s4920,Movie,,Andy Fickman,United States,2018-04-24,2018,TV-PG,62 min,Stand-Up Comedy
s4921,Movie,,Olivia Milch,United States,2018-04-20,2018,TV-MA,97 min,"Comedies, Dramas, Independent Movies"
s4922,Movie,,Mark Raso,Canada,2018-04-20,2018,TV-MA,105 min,"Comedies, Dramas"
s4923,Movie,,"David Sington, Heather Walsh",United States,2018-04-20,2018,TV-PG,79 min,Documentaries
s4924,Movie,,Pedro Coutinho,Brazil,2018-04-19,2017,TV-MA,90 min,"Comedies, Dramas, International Movies"
s4928,Movie,,Liam O'Donnell,United States,2018-04-15,2017,R,107 min,"Action & Adventure, Sci-Fi & Fantasy"
s4929,Movie,,Joshua Marston,United States,2018-04-13,2018,TV-14,105 min,"Dramas, Faith & Spirituality, Independent Movies"
s4930,Movie,,Eleonore Pourriat,France,2018-04-13,2018,TV-MA,99 min,"Comedies, International Movies, Romantic Movies"
s4932,Movie,,Peter Webber,Colombia,2018-04-12,2017,TV-MA,108 min,"Dramas, Independent Movies, International Movies"
s4933,Movie,,Peter Orton,United Kingdom,2018-04-10,2018,TV-MA,66 min,Stand-Up Comedy
s4935,Movie,,Marja Lewis Ryan,United States,2018-04-06,2018,TV-MA,75 min,"Dramas, Independent Movies"
s4936,Movie,,Ryan Koo,United States,2018-04-06,2018,TV-MA,96 min,"Dramas, Independent Movies, Sports Movies"
s4937,Movie,,Hatem Khraiche,Spain,2018-04-06,2017,TV-14,95 min,"Dramas, International Movies, Sci-Fi & Fantasy"
s4938,Movie,,Derek Peck,United States,2018-04-06,2018,TV-14,32 min,"Documentaries, Faith & Spirituality"
s4939,Movie,,Ryan Polito,United States,2018-04-06,2018,TV-MA,70 min,Stand-Up Comedy
s4940,Movie,,Jennifer Morrison,Mexico,2018-04-06,2017,TV-MA,94 min,"Comedies, Dramas, Independent Movies"
s4941,Movie,,"Raúl Campos, Jan Suter",Argentina,2018-04-06,2018,TV-MA,78 min,Stand-Up Comedy
s4944,Movie,,Hèctor Hernández Vicens,Bulgaria,2018-04-05,2018,R,91 min,"Horror Movies, Independent Movies"
s4945,Movie,,Kader Aoun,France,2018-04-03,2018,TV-MA,75 min,Stand-Up Comedy
s4946,Movie,,Abhay Chopra,India,2018-04-03,2017,TV-MA,105 min,"Dramas, International Movies, Thrillers"
s4948,Movie,,Diego Lerman,Argentina,2018-04-01,2017,TV-14,96 min,"Dramas, International Movies, Thrillers"
s4949,Movie,,Priyadarshan,India,2018-04-01,2009,TV-PG,132 min,"Dramas, International Movies"
s4951,Movie,,Ryan Polito,United States,2018-04-01,2012,TV-MA,60 min,Stand-Up Comedy
s4953,Movie,,Farah Khan,India,2018-04-01,2004,TV-14,171 min,"Action & Adventure, Comedies, Dramas"
s4954,Movie,,Ananda Krishnan,India,2018-04-01,2016,TV-14,116 min,"Dramas, International Movies, Thrillers"
s4955,Movie,,Farah Khan,India,2018-04-01,2007,TV-14,169 min,"Comedies, Dramas, International Movies"
s4956,Movie,,Amol Palekar,India,2018-04-01,2005,TV-PG,134 min,"Dramas, International Movies, Romantic Movies"
s4957,Movie,,Aziz Mirza,India,2018-04-01,2000,TV-14,159 min,"Comedies, Dramas, International Movies"
s4959,Movie,,Joe Miale,United Kingdom,2018-03-31,2017,R,87 min,"Action & Adventure, Sci-Fi & Fantasy"
s4960,Movie,,Olivia Newman,United States,2018-03-30,2018,TV-MA,103 min,"Dramas, Independent Movies, Sports Movies"
s4961,Movie,,Jared Stern,United States,2018-03-30,2018,TV-MA,78 min,"Comedies, Romantic Movies"
s4963,Movie,,"Raúl Campos, Jan Suter",Mexico,2018-03-30,2018,TV-MA,62 min,Stand-Up Comedy
s4964,Movie,,Lennart Ruff,United Kingdom,2018-03-30,2018,TV-MA,97 min,"Dramas, Sci-Fi & Fantasy, Thrillers"
s4966,Movie,,Mike Clattenburg,Canada,2018-03-30,2009,R,102 min,"Comedies, Cult Movies"
s4967,Movie,,Mike Clattenburg,Canada,2018-03-30,2006,R,95 min,"Comedies, Cult Movies"
s4969,TV Show,,Dan Lucchesi,United Kingdom,2018-03-27,2018,TV-14,1 Season,"British TV Shows, International TV Shows, Stand-Up Comedy & Talk Shows"
s4970,Movie,,Mikhail Red,Philippines,2018-03-26,2016,TV-MA,115 min,"Dramas, International Movies, Thrillers"
s4971,Movie,,Kyle Newacheck,United States,2018-03-23,2018,TV-MA,102 min,"Action & Adventure, Comedies"
s4972,Movie,,Mijke de Jong,Netherlands,2018-03-23,2016,TV-MA,99 min,"Dramas, International Movies"
s4973,Movie,,Daryl Hannah,United States,2018-03-23,2018,TV-MA,74 min,"Dramas, Independent Movies, Music & Musicals"
s4975,Movie,,Michael Larnell,United States,2018-03-23,2018,TV-MA,100 min,"Dramas, Music & Musicals"
s4976,Movie,,Advait Chandan,India,2018-03-23,2017,TV-14,150 min,"Dramas, International Movies, Music & Musicals"
s4978,Movie,,Brandon Camp,United Arab Emirates,2018-03-16,2018,TV-PG,87 min,"Children & Family Movies, Dramas"
s4980,Movie,,Alison Klayman,United States,2018-03-16,2018,TV-14,88 min,Documentaries
s4983,Movie,,Sunao Katabuchi,Japan,2018-03-15,2016,PG-13,129 min,"Anime Features, Children & Family Movies, International Movies"
s4984,Movie,,Johan Brisinger,Sweden,2018-03-15,2016,TV-MA,91 min,"Comedies, Dramas, International Movies"
s5000,Movie,,Ben Wallis,United States,2018-03-04,2017,TV-G,78 min,"Children & Family Movies, Documentaries"
s4987,Movie,,Maria Sadowska,Poland,2018-03-15,2017,TV-MA,115 min,"Dramas, International Movies"
s4988,Movie,,Yang Woo-seok,South Korea,2018-03-14,2018,TV-MA,140 min,"Action & Adventure, Dramas, International Movies"
s4990,Movie,,John L. Spencer,United Kingdom,2018-03-13,2018,TV-MA,79 min,Stand-Up Comedy
s4991,Movie,,Victor Cook,United States,2018-03-13,2018,TV-Y7,104 min,Children & Family Movies
s4992,TV Show,,Kazuya Murata,Japan,2018-03-09,2018,TV-14,1 Season,"Anime Series, International TV Shows"
s4994,Movie,,Martin Zandvliet,United States,2018-03-09,2018,TV-MA,121 min,"Dramas, Thrillers"
s4996,Movie,,Uraaz Bahl,India,2018-03-08,2018,TV-G,40 min,"Documentaries, International Movies, Sports Movies"
s4997,Movie,,"Paul Solet, Rick Benattar",Bulgaria,2018-03-07,2017,R,94 min,"International Movies, Thrillers"
s4999,Movie,,Michael Simon,United States,2018-03-06,2018,TV-14,58 min,Stand-Up Comedy
s5003,Movie,,"Raúl Campos, Jan Suter",Chile,2018-03-02,2018,TV-MA,69 min,Stand-Up Comedy
s5004,Movie,,Robin Aubert,Canada,2018-03-02,2017,TV-MA,104 min,"Horror Movies, International Movies"
s5007,Movie,,Mitch Gould,United States,2018-03-01,2018,TV-MA,94 min,"Action & Adventure, Independent Movies, Sci-Fi & Fantasy"
s5008,Movie,,Mani Ratnam,India,2018-03-01,1998,TV-14,166 min,"Dramas, International Movies, Romantic Movies"
s5009,Movie,,Mani Ratnam,India,2018-03-01,2007,TV-PG,155 min,"Dramas, International Movies"
s5010,Movie,,David Dhawan,India,2018-03-01,2017,TV-14,145 min,"Action & Adventure, Comedies, International Movies"
s5011,Movie,,RZA,United States,2018-03-01,2016,R,106 min,"Dramas, Music & Musicals, Romantic Movies"
s5012,Movie,,Lars Büchel,Germany,2018-03-01,2016,TV-14,94 min,"Comedies, International Movies"
s5013,Movie,,Amit Barot,India,2018-03-01,2017,TV-PG,127 min,"Dramas, International Movies, Romantic Movies"
s5014,Movie,,Carlo Padial,Spain,2018-03-01,2017,TV-MA,87 min,"Comedies, Independent Movies, International Movies"
s5015,Movie,,Ashutosh Gowariker,India,2018-03-01,2004,TV-PG,185 min,"Dramas, International Movies"
s5016,Movie,,"Mike Smith, John Paul Tremblay, Robb Wells",Canada,2018-03-01,2014,TV-MA,75 min,"Comedies, International Movies"
s5017,Movie,,"Mike Smith, John Paul Tremblay, Robb Wells",Canada,2018-03-01,2014,TV-MA,89 min,Movies
s5018,Movie,,"Mike Smith, John Paul Tremblay, Robb Wells",Canada,2018-03-01,2014,TV-MA,81 min,Movies
s5019,Movie,,Mike Clattenburg,Canada,2018-03-01,2008,TV-MA,47 min,"Comedies, Cult Movies"
s5020,Movie,,Mike Clattenburg,Canada,2018-03-01,2004,TV-MA,46 min,Movies
s5021,Movie,,Milind Dhaimade,India,2018-03-01,2016,TV-14,125 min,"Comedies, Independent Movies, International Movies"
s5022,Movie,,Mani Ratnam,India,2018-03-01,2004,TV-14,160 min,"Dramas, International Movies"
s5023,Movie,,Hong-seon Kim,South Korea,2018-02-28,2017,TV-MA,110 min,"Dramas, International Movies, Thrillers"
s5025,Movie,,Marcus Raboy,United States,2018-02-27,2018,TV-MA,67 min,Stand-Up Comedy
s5026,Movie,,Paco Plaza,Spain,2018-02-25,2017,TV-MA,105 min,"Horror Movies, International Movies, Thrillers"
s5029,Movie,,Duncan Jones,United Kingdom,2018-02-23,2018,TV-MA,127 min,"Sci-Fi & Fantasy, Thrillers"
s5032,Movie,,Hang-Jun Jang,South Korea,2018-02-21,2017,TV-MA,109 min,"Dramas, International Movies, Thrillers"
s5034,Movie,,Fumihiko Sori,Japan,2018-02-19,2017,TV-PG,134 min,"Action & Adventure, Dramas, International Movies"
s5035,Movie,,Mariano Baez,Argentina,2018-02-16,2018,TV-MA,60 min,Stand-Up Comedy
s5038,Movie,,Stephanie Laing,United States,2018-02-16,2018,TV-MA,96 min,"Dramas, Romantic Movies"
s5040,Movie,,Bo Burnham,United States,2018-02-14,2018,TV-MA,65 min,Stand-Up Comedy
s5041,Movie,,Anand Tiwari,India,2018-02-14,2018,TV-14,133 min,"Comedies, International Movies, Romantic Movies"
s5042,Movie,,"Roberta Grossman, Sophie Sartain",United States,2018-02-09,2018,TV-14,96 min,Documentaries
s5043,Movie,,David Bruckner,United Kingdom,2018-02-09,2018,TV-MA,95 min,"Horror Movies, International Movies, Thrillers"
s5044,Movie,,Tamta Gabrichidze,Georgia,2018-02-09,2018,TV-PG,24 min,"Documentaries, International Movies"
s5045,Movie,,Ari Sandel,United States,2018-02-09,2018,TV-14,97 min,"Comedies, Romantic Movies"
s5046,Movie,,Lance Bangs,United States,2018-02-06,2018,TV-PG,65 min,"Music & Musicals, Stand-Up Comedy"
s5048,Movie,,Julius Onah,United States,2018-02-05,2018,PG-13,102 min,"Action & Adventure, Sci-Fi & Fantasy"
s5050,Movie,,Michael McKay,United States,2018-02-02,2018,TV-MA,53 min,Stand-Up Comedy
s5051,Movie,,Ildiko Enyedi,Hungary,2018-02-02,2017,TV-MA,116 min,"Dramas, International Movies, Romantic Movies"
s5052,Movie,,You-Jeong Chang,South Korea,2018-02-02,2017,TV-14,102 min,"Comedies, Dramas, International Movies"
s5054,Movie,,Drake Doremus,United States,2018-02-01,2017,TV-MA,117 min,"Dramas, Independent Movies, Romantic Movies"
s5055,TV Show,,Dan Forrer,United States,2018-02-01,2016,TV-MA,8 Seasons,"Crime TV Shows, Docuseries, International TV Shows"
s5056,Movie,,Selima Taibi,Germany,2018-01-31,2017,TV-PG,96 min,"Documentaries, International Movies"
s5057,Movie,,Marty Callner,United States,2018-01-30,1998,TV-14,69 min,Stand-Up Comedy
s5059,Movie,,"Javier Ambrossi, Javier Calvo",Spain,2018-01-29,2017,TV-MA,108 min,"Comedies, Dramas, Faith & Spirituality"
s5060,Movie,,David Wain,United States,2018-01-26,2018,TV-MA,102 min,Comedies
s5061,Movie,,Michael McKay,Singapore,2018-01-26,2018,TV-MA,61 min,Stand-Up Comedy
s5063,Movie,,"Raúl Campos, Jan Suter",Argentina,2018-01-26,2018,TV-MA,49 min,Stand-Up Comedy
s5065,Movie,,Isaac Florentine,Bulgaria,2018-01-25,2017,R,87 min,"Action & Adventure, International Movies"
s5069,Movie,,"Santiago Diaz, Pablo Martin Farina",Not Given,2018-01-22,2017,TV-MA,69 min,"Documentaries, International Movies"
s5067,Movie,,"Raúl Campos, Jan Suter",Colombia,2018-01-24,2018,TV-MA,59 min,Stand-Up Comedy
s5068,Movie,,Scott Moran,United States,2018-01-23,2018,TV-MA,63 min,Stand-Up Comedy
s5072,Movie,,Michael McKay,United States,2018-01-19,2018,TV-14,62 min,Stand-Up Comedy
s5073,Movie,,Charles Stone III,United States,2018-01-19,2018,PG-13,108 min,Comedies
s5074,Movie,,"Matt Angel, Suzanne Coote",Canada,2018-01-19,2018,TV-MA,95 min,"Horror Movies, Thrillers"
s5075,Movie,,Chris Baugh,United Kingdom,2018-01-18,2017,TV-MA,99 min,"Independent Movies, International Movies, Thrillers"
s5077,Movie,,"Raúl Campos, Jan Suter",Colombia,2018-01-17,2018,TV-MA,62 min,Stand-Up Comedy
s5078,TV Show,,"Kobun Shizuno, Hiroyuki Seshita",Japan,2018-01-17,2017,TV-14,1 Season,TV Shows
s5080,Movie,,"Latif Faiziyev, Umesh Mehra",Soviet Union,2018-01-15,1980,TV-14,147 min,"Action & Adventure, International Movies, Sci-Fi & Fantasy"
s5081,Movie,,Rajiv Mehra,India,2018-01-15,1986,TV-14,153 min,"Dramas, International Movies, Music & Musicals"
s5082,Movie,,Rhiannon Bannenberg,Australia,2018-01-15,2017,TV-PG,87 min,"Children & Family Movies, Dramas, Sports Movies"
s5084,Movie,,David Mrnka,Czech Republic,2018-01-12,2017,TV-14,124 min,"Dramas, International Movies"
s5085,Movie,,Maya Forbes,United States,2018-01-12,2018,TV-14,94 min,"Comedies, Independent Movies"
s5086,Movie,,Choi Jin-seong,South Korea,2018-01-12,2017,TV-MA,100 min,"Documentaries, International Movies"
s5087,Movie,,Jay Karas,United States,2018-01-12,2018,TV-MA,71 min,Stand-Up Comedy
s5089,Movie,,Milind Rau,India,2018-01-09,2017,TV-MA,135 min,"Horror Movies, International Movies, Thrillers"
s5092,Movie,,Mike Flanagan,United States,2018-01-05,2016,PG-13,97 min,"Horror Movies, Thrillers"
s5093,TV Show,,Masaaki Yuasa,Japan,2018-01-05,2018,TV-MA,1 Season,"Anime Series, International TV Shows, TV Horror"
s5094,Movie,,Craig Elrod,United States,2018-01-02,2017,TV-14,86 min,"Comedies, Dramas, Independent Movies"
s5095,Movie,,Jose Manuel Colón,Spain,2018-01-01,2017,TV-MA,91 min,"Documentaries, International Movies"
s5097,TV Show,,Yasuhiro Irie,Japan,2018-01-01,2010,TV-14,5 Seasons,"Anime Series, International TV Shows"
s5101,TV Show,,Stan Lathan,United States,2017-12-31,2017,TV-MA,1 Season,"Stand-Up Comedy & Talk Shows, TV Comedies"
s5102,Movie,,Alethea Jones,United States,2017-12-31,2017,R,82 min,"Comedies, International Movies"
s5103,Movie,,Jay Baruchel,Canada,2017-12-30,2016,R,102 min,"Comedies, International Movies, Sports Movies"
s5105,Movie,,Ludovic Bernard,France,2017-12-29,2017,TV-14,105 min,"Action & Adventure, Comedies, Dramas"
s5107,Movie,,Detlev Buck,Germany,2017-12-27,2017,TV-14,106 min,"Children & Family Movies, Music & Musicals"
s5108,Movie,,Noël Wells,United States,2017-12-26,2017,TV-MA,91 min,"Comedies, Independent Movies"
s5109,Movie,,Jay Chapman,United States,2017-12-26,2017,TV-MA,61 min,Stand-Up Comedy
s5111,Movie,,Patrick Brice,United States,2017-12-23,2017,TV-MA,80 min,"Horror Movies, Independent Movies, Thrillers"
s5112,TV Show,,Daniel Kontur,United Kingdom,2017-12-23,2017,TV-PG,1 Season,"British TV Shows, Docuseries"
s5114,Movie,,David Ayer,United States,2017-12-22,2017,TV-MA,118 min,"Action & Adventure, Sci-Fi & Fantasy"
s5115,Movie,,Diego Kaplan,Argentina,2017-12-21,2017,TV-MA,94 min,"Dramas, International Movies, Romantic Movies"
s5116,Movie,,"Marco Deufemia, Justin G. Dyck",Canada,2017-12-20,2017,TV-G,84 min,"Children & Family Movies, Comedies"
s5117,Movie,,Lydia Tenaglia,Mexico,2017-12-20,2016,R,103 min,Documentaries
s5118,Movie,,Peter Orton,United Kingdom,2017-12-19,2017,TV-MA,69 min,Stand-Up Comedy
s5122,Movie,,Ernie Barbarash,United States,2017-12-15,2017,TV-G,105 min,"Dramas, International Movies, Romantic Movies"
s5123,Movie,,Varun Narvekar,India,2017-12-15,2017,TV-MA,128 min,"Comedies, Dramas, International Movies"
s5124,Movie,,Seth Henrikson,United States,2017-12-15,2017,PG-13,86 min,"Comedies, Independent Movies"
s5125,Movie,,Benson Lee,South Korea,2017-12-15,2015,TV-MA,109 min,"Comedies, Dramas, International Movies"
s5128,Movie,,Marcus Raboy,United States,2017-12-12,2017,TV-MA,70 min,Stand-Up Comedy
s5130,Movie,,David E. Talbert,United States,2017-12-08,2017,TV-MA,89 min,"Comedies, Dramas"
s5131,Movie,,Umesh Mehra,India,2017-12-08,1986,TV-14,162 min,"Action & Adventure, International Movies"
s5132,Movie,,"Latif Faiziyev, Umesh Mehra",India,2017-12-08,1991,TV-14,163 min,"Dramas, International Movies, Music & Musicals"
s5133,Movie,,Drew Heriot,Australia,2017-12-07,2006,TV-14,91 min,"Documentaries, Faith & Spirituality"
s5134,Movie,,Joel Crawford,United States,2017-12-06,2017,TV-Y7,27 min,"Children & Family Movies, Comedies, Music & Musicals"
s5135,Movie,,Jay Chapman,United States,2017-12-05,2017,TV-MA,67 min,Stand-Up Comedy
s5136,Movie,,Imtiaz Ali,India,2017-12-02,2017,TV-MA,142 min,"Comedies, International Movies, Romantic Movies"
s5137,Movie,,Michael Barrett,Japan,2017-12-02,2017,TV-MA,78 min,"Horror Movies, Independent Movies"
s5138,Movie,,"Evan Spiridellis, Jeff Gill",United States,2017-12-01,2017,TV-Y,26 min,"Children & Family Movies, Comedies"
s5143,Movie,,Leopoldo Aguilar,India,2017-12-01,2017,TV-Y7,81 min,Children & Family Movies
s5144,Movie,,"Nana Ekvtimishvili, Simon Gross",Georgia,2017-12-01,2017,TV-14,119 min,"Dramas, Independent Movies, International Movies"
s5145,TV Show,,Olivier Jean-Marie,France,2017-12-01,2017,TV-Y7,1 Season,"Kids' TV, TV Comedies"
s5205,Movie,,Brian Klein,United Kingdom,2017-10-24,2017,TV-MA,68 min,Stand-Up Comedy
s5157,TV Show,,David Ayer,United States,2017-11-23,2017,TV-MA,1 Season,TV Shows
s5147,Movie,,Ali F. Mostafa,United Arab Emirates,2017-12-01,2016,TV-MA,99 min,"International Movies, Sci-Fi & Fantasy, Thrillers"
s5149,Movie,,"Myles Kane, Josh Koury",United States,2017-12-01,2017,TV-MA,96 min,Documentaries
s5152,Movie,,Shreyas Talpade,India,2017-11-27,2017,PG-13,128 min,"Comedies, International Movies"
s5153,Movie,,Jon Alpert,United States,2017-11-24,2017,TV-14,114 min,Documentaries
s5154,Movie,,Ibai Abad,Spain,2017-11-24,2016,TV-MA,101 min,"Dramas, Independent Movies, International Movies"
s5159,Movie,,"Barbra Streisand, Jim Gable",United States,2017-11-22,2017,TV-14,109 min,Music & Musicals
s5161,Movie,,Josh Wakely,Australia,2017-11-21,2017,TV-Y,51 min,"Children & Family Movies, Music & Musicals"
s5162,Movie,,Troy Miller,United States,2017-11-21,2017,TV-PG,61 min,Stand-Up Comedy
s5163,Movie,,Jacob Kornbluth,United States,2017-11-21,2017,TV-PG,73 min,Documentaries
s5164,Movie,,Alex Zamm,United States,2017-11-17,2017,TV-PG,92 min,"Children & Family Movies, Dramas, Romantic Movies"
s5165,Movie,,Chris Smith,Canada,2017-11-17,2017,TV-MA,94 min,Documentaries
s5168,Movie,,Dee Rees,United States,2017-11-17,2017,R,135 min,"Dramas, Independent Movies"
s5172,Movie,,Marcus Raboy,United States,2017-11-14,2017,TV-MA,66 min,Stand-Up Comedy
s5173,Movie,,Alain Desrochers,Canada,2017-11-11,2017,TV-MA,126 min,"Action & Adventure, Comedies, International Movies"
s5175,TV Show,,Go Koga,Japan,2017-11-10,2017,TV-Y7,2 Seasons,"Anime Series, Kids' TV"
s5177,Movie,,"Raúl Campos, Jan Suter",Mexico,2017-11-10,2017,TV-MA,54 min,Stand-Up Comedy
s5178,Movie,,Marcelo Galvão,Brazil,2017-11-10,2017,TV-MA,100 min,"Action & Adventure, International Movies"
s5180,Movie,,Christian Charles,United States,2017-11-07,2002,R,81 min,Documentaries
s5182,Movie,,Bronwen Hughes,United States,2017-11-07,2016,R,123 min,Dramas
s5183,Movie,,John Ridley,United States,2017-11-06,2017,TV-MA,144 min,Documentaries
s5184,Movie,,Anees Bazmee,India,2017-11-05,2017,PG-13,153 min,"Comedies, Dramas, International Movies"
s5185,TV Show,,Pali Yahya,Not Given,2017-11-03,2015,TV-14,1 Season,"International TV Shows, TV Dramas"
s5187,Movie,,Alo Sarkar,India,2017-11-01,1978,TV-PG,141 min,"Action & Adventure, Dramas, International Movies"
s5188,Movie,,Iñaki Dorronsoro,Spain,2017-11-01,2016,TV-MA,104 min,"International Movies, Thrillers"
s5189,Movie,,"Ali Bin Matar, Ibrahim Bin Mohamed",United Arab Emirates,2017-11-01,2016,TV-PG,97 min,"Action & Adventure, Dramas, International Movies"
s5190,Movie,,Ali Samadi Ahadi,Germany,2017-11-01,2016,TV-G,82 min,"Children & Family Movies, Comedies"
s5191,Movie,,D Ho,China,2017-11-01,2017,TV-MA,98 min,"Action & Adventure, Dramas, International Movies"
s5197,Movie,,Judah Friedlander,United States,2017-10-31,2017,TV-MA,84 min,Stand-Up Comedy
s5198,Movie,,Errol Morris,United States,2017-10-31,2016,R,76 min,Documentaries
s5199,Movie,,Alex Israel,United States,2017-10-30,2017,PG-13,75 min,"Dramas, Romantic Movies, Sports Movies"
s5200,Movie,,Robert Vince,Canada,2017-10-28,2017,PG,93 min,"Children & Family Movies, Comedies"
s5202,Movie,,Griffin Dunne,United States,2017-10-27,2017,TV-14,98 min,Documentaries
s5203,Movie,,Katherine Dieckmann,United States,2017-10-26,2016,R,91 min,"Dramas, Independent Movies"
s5204,Movie,,Quentin Tarantino,United States,2017-10-25,2015,R,168 min,"Action & Adventure, Thrillers"
s5208,Movie,,Zak Hilditch,United States,2017-10-20,2017,TV-MA,103 min,"Dramas, Thrillers"
s5210,Movie,,"Heidi Ewing, Rachel Grady",United States,2017-10-20,2017,TV-14,95 min,Documentaries
s5212,Movie,,Jeremy Rush,United States,2017-10-20,2017,TV-MA,82 min,Action & Adventure
s5213,Movie,,Reem Kherici,France,2017-10-19,2017,TV-MA,94 min,"Comedies, International Movies, Romantic Movies"
s5214,Movie,,Bobcat Goldthwait,United States,2017-10-17,2017,TV-MA,66 min,Stand-Up Comedy
s5215,Movie,,Milan Luthria,India,2017-10-16,2017,TV-14,135 min,"Action & Adventure, International Movies"
s5218,Movie,,Ranjit Tiwari,India,2017-10-16,2017,TV-14,144 min,"Dramas, International Movies, Music & Musicals"
s5219,Movie,,David Stubbs,New Zealand,2017-10-15,2015,TV-MA,90 min,"Documentaries, International Movies"
s5221,Movie,,Shakti Samanta,India,2017-10-15,1960,TV-PG,158 min,"Comedies, Dramas, International Movies"
s5223,Movie,,Mahmoud al Massad,Germany,2017-10-13,2016,TV-14,83 min,"Comedies, Dramas, International Movies"
s5224,Movie,,Yesim Ustaoglu,Turkey,2017-10-13,2016,TV-MA,102 min,"Dramas, International Movies"
s5225,Movie,,Jan Suter,Mexico,2017-10-13,2017,TV-MA,52 min,Stand-Up Comedy
s5226,Movie,,Lucy Cohen,United Kingdom,2017-10-13,2017,TV-MA,110 min,Documentaries
s5227,Movie,,McG,United States,2017-10-13,2017,TV-MA,85 min,"Comedies, Horror Movies"
s5228,Movie,,Noah Baumbach,United States,2017-10-13,2017,TV-MA,113 min,"Comedies, Dramas, Independent Movies"
s5229,Movie,,Mahmoud Sabbagh,Saudi Arabia,2017-10-12,2016,TV-MA,88 min,"Comedies, International Movies, Romantic Movies"
s5230,Movie,,Borja Cobeaga,Spain,2017-10-12,2017,TV-MA,89 min,"Comedies, Independent Movies, International Movies"
s5231,Movie,,Jay Karas,United States,2017-10-10,2017,TV-MA,59 min,Stand-Up Comedy
s5234,Movie,,David France,Greece,2017-10-06,2017,TV-MA,106 min,"Documentaries, LGBTQ Movies"
s5235,Movie,,Brandon Jones,United States,2017-10-03,2017,TV-MA,66 min,Stand-Up Comedy
s5236,Movie,,Geun-hyun Cho,South Korea,2017-10-01,2012,TV-MA,135 min,"Dramas, International Movies, Thrillers"
s5239,Movie,,Carlos Therón,Spain,2017-10-01,2017,TV-MA,93 min,"Comedies, International Movies"
s5240,Movie,,Francesco Carrozzini,United States,2017-10-01,2016,TV-MA,79 min,"Documentaries, International Movies"
s5241,Movie,,Vlad Yudin,United States,2017-10-01,2017,PG-13,107 min,"Documentaries, Sports Movies"
s5242,Movie,,Karen J. Lloyd,Canada,2017-10-01,2016,TV-Y7,47 min,"Children & Family Movies, Comedies"
s5249,Movie,,Vibeke Idsøe,Norway,2017-10-01,2016,TV-14,118 min,"Dramas, International Movies"
s5250,Movie,,"Carlos Algara, Alejandro Martinez-Beltran",Mexico,2017-10-01,2017,TV-MA,81 min,"Dramas, Independent Movies, International Movies"
s5257,Movie,,Dylan Howitt,Not Given,2017-09-29,2017,TV-MA,85 min,"Documentaries, International Movies"
s5253,Movie,,Mike Flanagan,United States,2017-09-29,2017,TV-MA,103 min,"Horror Movies, Thrillers"
s5254,Movie,,Jacob LaMendola,United States,2017-09-29,2017,TV-14,40 min,Documentaries
s5256,Movie,,Ritesh Batra,United States,2017-09-29,2017,TV-14,103 min,"Dramas, Romantic Movies"
s5261,Movie,,Nabil Ayouch,France,2017-09-27,2015,TV-MA,104 min,"Dramas, Independent Movies, International Movies"
s5262,Movie,,Louis J. Horvitz,United States,2017-09-26,2017,TV-MA,82 min,Stand-Up Comedy
s5265,Movie,,Warren P. Sonoda,Canada,2017-09-24,2014,NC-17,112 min,"Comedies, International Movies"
s5266,Movie,,Álex de la Iglesia,Spain,2017-09-24,2017,TV-MA,102 min,"Comedies, Horror Movies, International Movies"
s5267,Movie,,Chris Moukarbel,United States,2017-09-22,2017,TV-MA,101 min,"Documentaries, Music & Musicals"
s5268,Movie,,Ana Lily Amirpour,United States,2017-09-22,2016,R,119 min,"Dramas, Independent Movies, Thrillers"
s5269,Movie,,Michael Bonfiglio,United States,2017-09-19,2017,TV-14,62 min,Stand-Up Comedy
s5270,Movie,,Conrad Helten,United States,2017-09-18,2017,TV-Y,64 min,Children & Family Movies
s5271,Movie,,Angelina Jolie,Cambodia,2017-09-15,2017,TV-MA,137 min,Dramas
s5272,Movie,,Yance Ford,United States,2017-09-15,2017,TV-MA,108 min,Documentaries
s5282,Movie,,José Miguel Contreras,Not Given,2017-09-08,2017,TV-MA,78 min,Stand-Up Comedy
s5274,Movie,,Ben Wallis,United States,2017-09-13,2017,G,78 min,"Children & Family Movies, Documentaries"
s5276,Movie,,Elaine McMillion Sheldon,United States,2017-09-12,2017,TV-14,40 min,Documentaries
s5277,Movie,,Michael Simon,United States,2017-09-12,2017,TV-MA,71 min,Stand-Up Comedy
s5278,Movie,,Fernando Lebrija,United States,2017-09-08,2017,TV-14,99 min,Comedies
s5280,Movie,,"Rodrigo Toro, Francisco Schultz",Chile,2017-09-08,2017,TV-MA,60 min,Stand-Up Comedy
s5283,Movie,,Susan Johnson,United States,2017-09-05,2016,TV-MA,98 min,"Comedies, Dramas"
s5284,Movie,,Lynn Shelton,United States,2017-09-05,2017,TV-MA,70 min,Stand-Up Comedy
s5291,Movie,,Rajiv Mehra,India,2017-09-01,1988,TV-14,148 min,"Action & Adventure, International Movies"
s5293,Movie,,Toshiyuki Kubooka,Japan,2017-09-01,2012,TV-MA,92 min,"Action & Adventure, Anime Features, International Movies"
s5294,Movie,,Toshiyuki Kubooka,Japan,2017-09-01,2013,TV-MA,107 min,"Action & Adventure, Anime Features, International Movies"
s5295,Movie,,Todd S. Yellin,United States,2017-09-01,2006,TV-MA,90 min,"Dramas, Independent Movies"
s5297,Movie,,Rajiv Mehra,India,2017-09-01,1983,TV-14,151 min,"Dramas, International Movies, Music & Musicals"
s5301,Movie,,Mohammed Hussain,India,2017-09-01,1973,TV-14,132 min,"Action & Adventure, International Movies"
s5303,Movie,,Eli Craig,United States,2017-09-01,2017,TV-MA,95 min,"Comedies, Horror Movies"
s5304,Movie,,Shammi Kapoor,India,2017-09-01,1974,TV-14,162 min,"Comedies, International Movies, Music & Musicals"
s5305,Movie,,Umesh Mehra,India,2017-09-01,1989,TV-14,163 min,"Action & Adventure, Dramas, International Movies"
s5307,Movie,,Florian Schnell,Germany,2017-09-01,2016,TV-MA,89 min,"Action & Adventure, Comedies, International Movies"
s5308,Movie,,"Josh Izenberg, Wynn Padula",United States,2017-09-01,2017,TV-MA,28 min,"Documentaries, Sports Movies"
s5309,Movie,,"Thierry Demaizière, Alban Teurlai",France,2017-09-01,2016,TV-MA,103 min,"Documentaries, International Movies"
s5310,Movie,,"Latif Faiziyev, Umesh Mehra",India,2017-09-01,1984,TV-14,160 min,"Dramas, International Movies, Romantic Movies"
s5311,Movie,,"Gastón Duprat, Mariano Cohn",Argentina,2017-09-01,2016,TV-MA,113 min,"Comedies, Dramas, International Movies"
s5312,Movie,,Gary Wang,China,2017-09-01,2016,TV-G,86 min,"Children & Family Movies, Comedies"
s5313,Movie,,Raz Degan,United Kingdom,2017-09-01,2016,TV-14,83 min,"Documentaries, International Movies"
s5314,Movie,,Israel Adrián Caetano,Argentina,2017-09-01,2017,TV-MA,113 min,"Dramas, International Movies"
s5315,Movie,,"Mariano Cohn, Gastón Duprat",Argentina,2017-09-01,2016,TV-MA,86 min,"Documentaries, International Movies"
s5316,Movie,,Marcus Raboy,United States,2017-08-29,2017,TV-14,57 min,Stand-Up Comedy
s5317,Movie,,Sarah Adina Smith,United States,2017-08-26,2016,TV-MA,98 min,"Independent Movies, Thrillers"
s5318,Movie,,Cate Shortland,Australia,2017-08-25,2017,R,116 min,"International Movies, Thrillers"
s5319,Movie,,Adam Wingard,United States,2017-08-25,2017,TV-MA,100 min,"Horror Movies, Thrillers"
s5320,Movie,,Marcus Raboy,United States,2017-08-22,2017,TV-MA,51 min,Stand-Up Comedy
s5323,Movie,,"Daniel Lindsay, T.J. Martin",United States,2017-08-18,2011,PG-13,113 min,"Documentaries, Sports Movies"
s5324,Movie,,Tommy Wirkola,United Kingdom,2017-08-18,2017,TV-MA,124 min,"Action & Adventure, Sci-Fi & Fantasy"
s5326,Movie,,Jay Chapman,United States,2017-08-15,2017,TV-MA,63 min,"Music & Musicals, Stand-Up Comedy"
s5327,Movie,,Jay Chapman,United States,2017-08-15,2015,TV-MA,56 min,Stand-Up Comedy
s5329,Movie,,Peter Hutchings,United States,2017-08-14,2017,TV-14,94 min,Comedies
s5330,Movie,,Jean-Claude La Marre,United States,2017-08-12,2017,TV-MA,90 min,Dramas
s5331,Movie,,Jorge Hernandez Aldana,Mexico,2017-08-12,2015,TV-MA,71 min,"Dramas, International Movies"
s5332,Movie,,Michael Tiddes,United States,2017-08-11,2017,TV-14,97 min,"Comedies, Romantic Movies"
s5333,Movie,,Will Canon,United States,2017-08-10,2015,R,83 min,"Horror Movies, Independent Movies"
s5334,Movie,,Ernie Barbarash,United States,2017-08-10,2017,TV-14,92 min,Action & Adventure
s5335,Movie,,S.S. Rajamouli,India,2017-08-07,2017,TV-MA,165 min,"Action & Adventure, Dramas, International Movies"
s5338,Movie,,S.S. Rajamouli,India,2017-08-07,2015,TV-14,159 min,"Action & Adventure, Dramas, International Movies"
s5341,Movie,,Rob Silvestri,United States,2017-08-06,2015,TV-Y7,22 min,Children & Family Movies
s5342,Movie,,Matthias Hoene,France,2017-08-05,2016,PG-13,105 min,"Action & Adventure, International Movies, Sci-Fi & Fantasy"
s5343,Movie,,"Raúl Campos, Jan Suter",Mexico,2017-08-04,2017,TV-MA,54 min,Stand-Up Comedy
s5344,Movie,,Bryan Fogel,United States,2017-08-04,2017,TV-MA,121 min,"Documentaries, Sports Movies"
s5345,Movie,,Fabrice Du Welz,United Kingdom,2017-08-04,2017,R,103 min,"Independent Movies, Thrillers"
s5336,Movie,,S.S. Rajamouli,Not Given,2017-08-07,2017,TV-14,166 min,"Action & Adventure, Dramas, International Movies"
s5347,Movie,,Fernando González Molina,Spain,2017-08-03,2017,TV-MA,129 min,"International Movies, Thrillers"
s5337,Movie,,S.S. Rajamouli,Not Given,2017-08-07,2017,TV-MA,166 min,"Action & Adventure, Dramas, International Movies"
s5339,Movie,,S.S. Rajamouli,Not Given,2017-08-07,2015,TV-14,160 min,"Action & Adventure, Dramas, International Movies"
s5340,Movie,,S.S. Rajamouli,Not Given,2017-08-07,2015,TV-14,159 min,"Action & Adventure, Dramas, International Movies"
s5358,Movie,,Maz Jobrani,Not Given,2017-08-01,2017,TV-14,67 min,Stand-Up Comedy
s5352,Movie,,John Butler,Ireland,2017-08-01,2016,TV-MA,95 min,"Comedies, Dramas, International Movies"
s5354,Movie,,Ali Scher,United States,2017-08-01,2016,TV-Y,80 min,"Children & Family Movies, Comedies"
s5359,Movie,,Isaac Rentz,United States,2017-08-01,2016,TV-MA,84 min,"Comedies, Independent Movies, Music & Musicals"
s5360,Movie,,Clay Glen,Australia,2017-08-01,2016,TV-Y,97 min,"Children & Family Movies, Dramas, Sports Movies"
s5362,Movie,,Christopher Murray,Chile,2017-08-01,2016,TV-MA,86 min,"Dramas, Independent Movies, International Movies"
s5365,Movie,,Claude Lelouch,France,2017-08-01,2015,TV-MA,114 min,"Comedies, Dramas, International Movies"
s5368,TV Show,,Vanessa Roth,United States,2017-07-28,2017,TV-14,1 Season,Docuseries
s5369,Movie,,Jim Strouse,United States,2017-07-28,2017,TV-MA,84 min,"Comedies, Independent Movies, Romantic Movies"
s5370,Movie,,Daniel Gray Longino,United States,2017-07-25,2017,TV-MA,67 min,Stand-Up Comedy
s5371,Movie,,Kasper Collin,Sweden,2017-07-24,2016,TV-14,91 min,"Documentaries, Music & Musicals"
s5372,Movie,,Fazila Allana,India,2017-07-18,2017,TV-MA,63 min,Stand-Up Comedy
s5373,TV Show,,Eric Abrams,United States,2017-07-18,2017,TV-MA,1 Season,Stand-Up Comedy & Talk Shows
s5374,Movie,,Agustí Villaronga,Spain,2017-07-17,2017,TV-MA,116 min,"Dramas, International Movies"
s5375,Movie,,Esteban Crespo,Spain,2017-07-15,2017,TV-MA,104 min,"Dramas, International Movies, Romantic Movies"
s5376,Movie,,Harry Chaskin,United States,2017-07-14,2017,TV-Y7,14 min,"Children & Family Movies, Comedies"
s5377,Movie,,Jeff Orlowski,United States,2017-07-14,2017,TV-PG,89 min,Documentaries
s5378,Movie,,Marti Noxon,United States,2017-07-14,2017,TV-MA,108 min,"Dramas, Independent Movies"
s5379,Movie,,Jay Chapman,United States,2017-07-13,2014,TV-MA,59 min,Stand-Up Comedy
s5380,Movie,,Jay Chapman,United States,2017-07-13,2014,TV-MA,74 min,Stand-Up Comedy
s5382,TV Show,,Stefan Brogren,Canada,2017-07-07,2017,TV-14,4 Seasons,"International TV Shows, TV Dramas, Teen TV Shows"
s5386,Movie,,Pat Healy,United States,2017-07-07,2017,TV-MA,84 min,"Comedies, Independent Movies"
s5388,Movie,,Nicolas Brossette,France,2017-07-01,2012,TV-14,97 min,"Comedies, Dramas, International Movies"
s5389,TV Show,,Serdar Akar,Turkey,2017-07-01,2016,TV-MA,1 Season,"International TV Shows, TV Dramas, TV Mysteries"
s5390,Movie,,Clay Glen,Australia,2017-07-01,2011,PG,95 min,"Children & Family Movies, Dramas, Sports Movies"
s5392,Movie,,Lekh Tandon,India,2017-07-01,1966,TV-PG,116 min,"Dramas, International Movies, Music & Musicals"
s5395,Movie,,Doesjka van Hoogdalem,Netherlands,2017-07-01,2018,TV-MA,86 min,Stand-Up Comedy
s5397,Movie,,Sushil Majumdar,India,2017-07-01,1971,TV-14,153 min,"Classic Movies, Dramas, International Movies"
s5399,Movie,,Geetu Mohandas,India,2017-07-01,2013,TV-MA,104 min,"Dramas, Independent Movies, International Movies"
s5401,Movie,,Lekh Tandon,India,2017-07-01,1962,TV-PG,163 min,"Comedies, Dramas, International Movies"
s5403,Movie,,Paulo Oriol,Spain,2017-07-01,2016,TV-14,106 min,"International Movies, Thrillers"
s5409,Movie,,Umesh Mehra,India,2017-07-01,1994,TV-14,148 min,"Dramas, International Movies"
s5412,Movie,,Oskar Santos,Spain,2017-07-01,2016,TV-PG,105 min,"Children & Family Movies, Comedies"
s5416,Movie,,Bong Joon Ho,South Korea,2017-06-28,2017,TV-MA,121 min,"Action & Adventure, Comedies, Dramas"
s5417,Movie,,Bill D'Elia,United States,2017-06-27,2017,TV-MA,66 min,Stand-Up Comedy
s5418,Movie,,Justin Kelly,United States,2017-06-26,2015,TV-MA,102 min,"Dramas, LGBTQ Movies"
s5419,Movie,,Brian Knappenberger,Netherlands,2017-06-23,2017,TV-14,96 min,Documentaries
s5420,Movie,,Brent Bonacorso,United States,2017-06-23,2017,TV-MA,89 min,"Dramas, Thrillers"
s5421,Movie,,Nitesh Tiwari,India,2017-06-21,2016,TV-PG,161 min,"Dramas, International Movies, Sports Movies"
s5424,Movie,,"Roy Burdine, Johnny Castuciano",United States,2017-06-20,2017,TV-Y7,24 min,"Children & Family Movies, Comedies"
s5425,Movie,,Scott Moran,United States,2017-06-20,2017,TV-MA,66 min,Stand-Up Comedy
s5427,Movie,,Jay Bulger,United States,2017-06-16,2017,TV-MA,91 min,"Documentaries, Sports Movies"
s5428,Movie,,"Kip Andersen, Keegan Kuhn",United States,2017-06-16,2017,TV-PG,92 min,Documentaries
s5429,TV Show,,Iginio Straffi,Italy,2017-06-16,2017,TV-Y7,2 Seasons,Kids' TV
s5430,Movie,,Arun Chidambaram,India,2017-06-15,2017,TV-PG,104 min,"Comedies, Dramas, International Movies"
s5433,Movie,,Michael John Warren,United States,2017-06-13,2017,TV-MA,102 min,Stand-Up Comedy
s5436,TV Show,,Chang-Min Lee,South Korea,2017-06-10,2017,TV-14,1 Season,"Crime TV Shows, International TV Shows, Korean TV Shows"
s5441,Movie,,Oren Uziel,Canada,2017-06-09,2017,TV-MA,87 min,"Dramas, Independent Movies, Thrillers"
s5442,Movie,,Manika Sharma,India,2017-06-05,2017,TV-14,117 min,"Children & Family Movies, Dramas, Music & Musicals"
s5443,Movie,,"Timo Tjahjanto, Kimo Stamboel",Indonesia,2017-06-03,2016,TV-MA,119 min,"Action & Adventure, International Movies"
s5444,Movie,,Salvador Calvo,Spain,2017-06-02,2016,R,130 min,"Dramas, International Movies"
s5447,Movie,,Jun-seong Kim,South Korea,2017-06-02,2017,TV-MA,102 min,"International Movies, Sci-Fi & Fantasy, Thrillers"
s5448,Movie,,Umesh Mehra,India,2017-06-01,1993,TV-14,154 min,"Dramas, International Movies, Music & Musicals"
s5449,Movie,,Edward Cotterill,United Kingdom,2017-06-01,2017,TV-PG,44 min,Documentaries
s5450,Movie,,Onur Tukel,United States,2017-06-01,2016,TV-MA,96 min,"Comedies, Independent Movies"
s5451,Movie,,Cal Seville,United Kingdom,2017-06-01,2017,TV-14,47 min,Documentaries
s5452,Movie,,Edward Cotterill,United Kingdom,2017-06-01,2017,TV-PG,44 min,Documentaries
s5453,Movie,,Jayaprakash Radhakrishnan,India,2017-06-01,2015,TV-MA,109 min,"Dramas, Independent Movies, International Movies"
s5454,Movie,,Rob Meyer,United States,2017-06-01,2016,TV-MA,89 min,"Comedies, Dramas, Independent Movies"
s5455,Movie,,Anita Barbosa,Brazil,2017-06-01,2017,TV-MA,92 min,"Comedies, International Movies, Romantic Movies"
s5456,Movie,,Ketan Mehta,France,2017-06-01,1993,TV-14,122 min,"Dramas, International Movies, Music & Musicals"
s5457,Movie,,Daniel Wilner,Canada,2017-06-01,2017,TV-PG,19 min,"Documentaries, International Movies, LGBTQ Movies"
s5461,Movie,,Ketan Mehta,India,2017-06-01,1995,TV-14,154 min,"Action & Adventure, Comedies, International Movies"
s5462,Movie,,Lekh Tandon,India,2017-06-01,1969,TV-PG,152 min,"Dramas, International Movies, Romantic Movies"
s5463,Movie,,Umesh Mehra,India,2017-06-01,1998,TV-14,161 min,"Dramas, International Movies"
s5464,Movie,,Alberto Rodríguez,Spain,2017-06-01,2016,TV-14,123 min,"Dramas, International Movies, Thrillers"
s5467,Movie,,Edward Cotterill,United Kingdom,2017-06-01,2017,TV-PG,44 min,Documentaries
s5468,Movie,,Cosima Spender,United Kingdom,2017-05-31,2011,TV-14,80 min,Documentaries
s5469,Movie,,Liam Lynch,United States,2017-05-30,2017,TV-MA,71 min,Stand-Up Comedy
s5470,Movie,,Vishal Bhardwaj,India,2017-05-29,2017,TV-14,153 min,"Action & Adventure, Dramas, International Movies"
s5472,Movie,,Joe Piscatella,United States,2017-05-26,2017,TV-14,79 min,Documentaries
s5473,Movie,,Rahul Dholakia,India,2017-05-26,2017,TV-14,143 min,"Action & Adventure, Dramas, International Movies"
s5496,Movie,,"Jan Suter, Raúl Campos",Mexico,2017-05-05,2017,TV-MA,72 min,Stand-Up Comedy
s5474,Movie,,David Michôd,United States,2017-05-26,2017,TV-MA,123 min,"Comedies, Dramas"
s5475,Movie,,Jean-Patrick Benes,France,2017-05-23,2016,TV-MA,80 min,"Action & Adventure, International Movies, Sci-Fi & Fantasy"
s5477,Movie,,Hiroyuki Seshita,Japan,2017-05-19,2017,TV-14,106 min,"Action & Adventure, Anime Features, International Movies"
s5476,Movie,,Christopher Storer,United States,2017-05-23,2017,TV-MA,73 min,Stand-Up Comedy
s5479,Movie,,"Lygia Barbosa da Silva, Eliane Brum",Brazil,2017-05-19,2017,TV-MA,101 min,"Documentaries, International Movies, LGBTQ Movies"
s5481,Movie,,Ryan Polito,United States,2017-05-16,2017,TV-MA,59 min,Stand-Up Comedy
s5482,Movie,,Rajiv Mehra,India,2017-05-15,1992,TV-14,164 min,"Comedies, International Movies, Sci-Fi & Fantasy"
s5483,Movie,,Kundan Shah,India,2017-05-15,1994,TV-14,151 min,"Comedies, Dramas, International Movies"
s5484,Movie,,So Yong Kim,United States,2017-05-15,2016,TV-MA,84 min,"Dramas, Independent Movies, Romantic Movies"
s5485,Movie,,Alina Teodorescu,United States,2017-05-15,2010,TV-14,51 min,Movies
s5486,Movie,,Rajiv Mehra,India,2017-05-15,1995,TV-14,142 min,"Dramas, International Movies, Music & Musicals"
s5487,Movie,,Filip Renc,Czech Republic,2017-05-15,2016,TV-MA,110 min,"Dramas, International Movies"
s5488,Movie,,Andy Tennant,Germany,2017-05-13,2016,PG-13,86 min,Comedies
s5490,Movie,,"Dylan Bank, Daniel DiMauro, Morgan Pehme",United States,2017-05-12,2017,TV-MA,101 min,Documentaries
s5491,Movie,,Sean Foley,United Kingdom,2017-05-12,2017,TV-MA,88 min,"Comedies, Cult Movies, Independent Movies"
s5492,Movie,,Pierre Coré,France,2017-05-12,2017,TV-Y7,86 min,Children & Family Movies
s5493,Movie,,Liz Plonka,United States,2017-05-09,2017,TV-MA,61 min,Stand-Up Comedy
s5494,Movie,,Jeff Garlin,United States,2017-05-05,2017,TV-MA,81 min,Comedies
s5497,Movie,,Michael Barnett,United States,2017-05-05,2017,TV-PG,98 min,"Children & Family Movies, Documentaries"
s5498,Movie,,Jessica Yu,United States,2017-05-02,2017,TV-MA,64 min,Stand-Up Comedy
s5499,Movie,,K. Rajagopal,Singapore,2017-05-01,2016,TV-MA,111 min,"Dramas, Independent Movies, International Movies"
s5500,Movie,,Mahesh Bhatt,India,2017-05-01,1996,TV-14,148 min,"Dramas, International Movies, Romantic Movies"
s5501,Movie,,Praveen Nischol,India,2017-05-01,1996,TV-14,163 min,"Comedies, Dramas, International Movies"
s5502,Movie,,Lucien Jean-Baptiste,France,2017-05-01,2016,TV-MA,95 min,"Comedies, International Movies"
s5503,Movie,,Jalil Lespert,France,2017-05-01,2016,TV-MA,99 min,"Dramas, International Movies, Thrillers"
s5504,Movie,,Edward Cotterill,United Kingdom,2017-05-01,2017,TV-PG,44 min,Documentaries
s5505,Movie,,Sean Cisterna,Canada,2017-05-01,2017,TV-MA,93 min,"Dramas, International Movies, Romantic Movies"
s5506,Movie,,Sudhanshu Saria,India,2017-05-01,2015,TV-MA,89 min,"Dramas, Independent Movies, International Movies"
s5507,Movie,,Dilip Mehta,Canada,2017-05-01,2016,TV-MA,83 min,"Documentaries, International Movies"
s5508,Movie,,"Isaki Lacuesta, Isa Campo",Spain,2017-05-01,2016,TV-MA,104 min,"Dramas, International Movies"
s5509,Movie,,Kitty Green,United States,2017-04-28,2017,TV-14,81 min,Documentaries
s5512,Movie,,Spike Lee,United States,2017-04-28,2017,TV-MA,53 min,Dramas
s5513,Movie,,Evan Katz,Canada,2017-04-28,2017,TV-MA,95 min,"Dramas, Thrillers"
s5516,Movie,,Gauri Shinde,India,2017-04-25,2016,TV-14,149 min,"Comedies, Dramas, International Movies"
s5517,Movie,,Oliver Schmitz,South Africa,2017-04-25,2016,R,106 min,"Dramas, International Movies"
s5518,Movie,,"Felix Herngren, Måns Herngren",Sweden,2017-04-25,2016,TV-MA,108 min,"Comedies, International Movies"
s5519,Movie,,Marcus Raboy,United States,2017-04-25,2017,TV-MA,66 min,Stand-Up Comedy
s5522,TV Show,,"Jill Bauer, Ronna Gradus, Rashida Jones",United States,2017-04-21,2017,TV-MA,1 Season,Docuseries
s5523,Movie,,Fernando Coimbra,United States,2017-04-21,2017,TV-MA,113 min,"Action & Adventure, Dramas, Independent Movies"
s5525,Movie,,Adam Leon,United States,2017-04-21,2017,TV-MA,83 min,"Dramas, Independent Movies, Romantic Movies"
s5526,Movie,,Jay Chapman,United States,2017-04-18,2017,TV-MA,50 min,Stand-Up Comedy
s5527,Movie,,Detlev Buck,Germany,2017-04-15,2014,TV-PG,97 min,"Children & Family Movies, Music & Musicals"
s5528,Movie,,Detlev Buck,Germany,2017-04-15,2014,TV-14,105 min,"Children & Family Movies, Music & Musicals"
s5529,Movie,,Detlev Buck,Germany,2017-04-15,2016,TV-14,107 min,"Children & Family Movies, Music & Musicals"
s5530,Movie,,Andrea Molaioli,Italy,2017-04-15,2017,TV-MA,99 min,"Comedies, Dramas, International Movies"
s5531,Movie,,Kemi Adetiba,Nigeria,2017-04-15,2016,TV-14,101 min,"Comedies, Dramas, International Movies"
s5532,Movie,,Marie Madinier,France,2017-04-14,2016,TV-14,81 min,"Dramas, International Movies, Romantic Movies"
s5533,Movie,,Miguel Ángel Lamata,Spain,2017-04-14,2016,TV-MA,92 min,"Comedies, Dramas, International Movies"
s5534,Movie,,Steven Brill,United States,2017-04-14,2017,TV-14,131 min,Comedies
s5535,Movie,,Antonio Serrano,Mexico,2017-04-12,2016,TV-MA,101 min,"Comedies, International Movies, LGBTQ Movies"
s5536,Movie,,Leslie Small,United States,2017-04-11,2016,R,96 min,Stand-Up Comedy
s5537,Movie,,"Grant S. Johnson, Ippsie Jones",United States,2017-04-10,2017,TV-MA,85 min,Comedies
s5555,TV Show,,Laurent Bouzereau,Not Given,2017-03-31,2017,TV-MA,1 Season,Docuseries
s5540,Movie,,Gerardo Olivares,Spain,2017-04-07,2016,TV-MA,110 min,"Dramas, International Movies, Romantic Movies"
s5541,Movie,,Joe Swanberg,United States,2017-04-07,2017,TV-MA,89 min,"Comedies, Independent Movies, Romantic Movies"
s5544,Movie,,Alexandre Reinecke,Brazil,2017-04-01,2016,TV-MA,88 min,"Comedies, Dramas, International Movies"
s5545,Movie,,Jamal Hill,United States,2017-04-01,2016,TV-MA,88 min,Dramas
s5546,Movie,,K. Ramanlal,India,2017-04-01,1971,TV-14,143 min,"Action & Adventure, Cult Movies, International Movies"
s5547,Movie,,Maris Curran,United States,2017-04-01,2015,TV-MA,83 min,"Dramas, Independent Movies"
s5548,Movie,,Avinash Arun,India,2017-04-01,2014,TV-14,107 min,"Dramas, International Movies"
s5549,Movie,,Jason Spingarn-Koff,United States,2017-04-01,2010,TV-MA,99 min,Documentaries
s5550,Movie,,A. Salaam,India,2017-04-01,1975,TV-14,134 min,"Action & Adventure, International Movies, Music & Musicals"
s5551,Movie,,Eduardo Casanova,Spain,2017-04-01,2017,TV-MA,78 min,"Dramas, International Movies"
s5552,Movie,,Daniel Burman,Argentina,2017-04-01,2016,TV-MA,81 min,"Dramas, International Movies"
s5553,Movie,,Kike Maíllo,Spain,2017-04-01,2016,TV-MA,106 min,"Dramas, International Movies, Thrillers"
s5556,TV Show,,Gordon Anderson,United Kingdom,2017-03-31,2016,TV-MA,2 Seasons,"British TV Shows, TV Comedies"
s5557,Movie,,Charlie McDowell,United States,2017-03-31,2017,TV-MA,102 min,"Dramas, Independent Movies, Romantic Movies"
s5558,Movie,,Shannon Hartman,United States,2017-03-28,2017,TV-MA,63 min,Stand-Up Comedy
s5718,Movie,,Volker Weicker,Germany,2016-11-15,2016,TV-MA,69 min,Stand-Up Comedy
s5560,Movie,,Diego Pignataro,Brazil,2017-03-24,2017,TV-MA,91 min,Stand-Up Comedy
s5561,Movie,,Meghan O'Hara,United States,2017-03-24,2016,TV-14,93 min,Documentaries
s5562,Movie,,Tommy O'Haver,United States,2017-03-24,2017,TV-MA,93 min,Dramas
s5563,TV Show,,Stan Lathan,United States,2017-03-21,2017,TV-MA,1 Season,"Stand-Up Comedy & Talk Shows, TV Comedies"
s5565,Movie,,Lonny Price,United States,2017-03-18,2016,TV-MA,97 min,Documentaries
s5566,Movie,,Sydney Freeland,United States,2017-03-17,2017,TV-14,92 min,"Comedies, Dramas, Independent Movies"
s5569,Movie,,Jung-woo Park,South Korea,2017-03-17,2016,TV-MA,137 min,"Dramas, International Movies, Thrillers"
s5571,Movie,,James Ivory,United Kingdom,2017-03-16,1992,PG,143 min,"Classic Movies, Dramas, Independent Movies"
s5572,Movie,,Santosh Sivan,India,2017-03-15,2001,R,168 min,"Action & Adventure, Dramas, International Movies"
s5573,Movie,,Erik Canuel,Canada,2017-03-15,2006,TV-MA,117 min,"Action & Adventure, Comedies, International Movies"
s5574,Movie,,"Peter Middleton, James Spinney",United Kingdom,2017-03-15,2016,TV-PG,87 min,"Documentaries, Dramas, International Movies"
s5575,Movie,,Shashilal K. Nair,India,2017-03-15,2001,TV-14,160 min,"Action & Adventure, Comedies, Dramas"
s5577,Movie,,Shannon Hartman,United States,2017-03-14,2017,TV-MA,62 min,Stand-Up Comedy
s5578,Movie,,Marcel Barrena,Portugal,2017-03-10,2016,TV-MA,109 min,"Dramas, International Movies, Sports Movies"
s5580,Movie,,Gerard McMurray,United States,2017-03-10,2017,TV-MA,102 min,"Dramas, Independent Movies"
s5582,Movie,,Yılmaz Erdoğan,Turkey,2017-03-10,2013,TV-PG,118 min,"Dramas, International Movies, Romantic Movies"
s5583,Movie,,Amy Schumer,United States,2017-03-07,2017,TV-MA,57 min,Stand-Up Comedy
s5585,Movie,,Selvamani Selvaraj,India,2017-03-01,2016,TV-MA,94 min,"Dramas, International Movies, Romantic Movies"
s5587,Movie,,"Seth Barrish, Mike Birbiglia",United States,2017-02-28,2017,TV-MA,71 min,Stand-Up Comedy
s5588,Movie,,Abhinay Deo,India,2017-02-27,2016,TV-14,123 min,"Action & Adventure, International Movies"
s5589,Movie,,Lô Politi,Brazil,2017-02-26,2015,TV-MA,97 min,"Dramas, International Movies"
s5590,Movie,,Tomas Portella,Brazil,2017-02-25,2015,TV-MA,99 min,"Action & Adventure, International Movies"
s5591,Movie,,Macon Blair,United States,2017-02-24,2017,TV-MA,97 min,"Dramas, Independent Movies, Thrillers"
s5595,Movie,,David Paul Meyer,United States,2017-02-21,2017,TV-14,67 min,Stand-Up Comedy
s5596,Movie,,Mar Targarona,Spain,2017-02-19,2016,TV-MA,105 min,"International Movies, Thrillers"
s5597,Movie,,Keith Scholey,United States,2017-02-19,2016,G,78 min,"Children & Family Movies, Documentaries"
s5598,Movie,,Juan Pablo Buscarini,Spain,2017-02-19,2016,G,99 min,"Children & Family Movies, Music & Musicals"
s5600,Movie,,Nishikant Kamat,India,2017-02-17,2016,TV-MA,119 min,"Action & Adventure, International Movies"
s5601,Movie,,Thomas Stuber,Germany,2017-02-15,2015,TV-MA,109 min,"Dramas, Independent Movies, International Movies"
s5603,Movie,,"Sam Dunn, Scot McFadyen",Canada,2017-02-15,2010,TV-MA,107 min,"Documentaries, Music & Musicals"
s5605,Movie,,Raúl Arévalo,Spain,2017-02-15,2016,TV-MA,92 min,"International Movies, Thrillers"
s5606,Movie,,Matías Bize,Chile,2017-02-15,2015,TV-MA,88 min,"Dramas, International Movies"
s5607,Movie,,Michael Paul Stephenson,United States,2017-02-14,2017,TV-MA,71 min,"Comedies, Independent Movies"
s5608,Movie,,Colin Dench,United Kingdom,2017-02-14,2017,TV-MA,64 min,Stand-Up Comedy
s5611,Movie,,Ricky Gervais,United Kingdom,2017-02-10,2016,TV-MA,97 min,"Comedies, International Movies, Music & Musicals"
s5613,Movie,,"Joachim Fest, Christian Herrendoerfer",West Germany,2017-02-10,1977,TV-MA,150 min,"Documentaries, International Movies"
s5614,Movie,,"Scott Aukerman, Akiva Schaffer",United States,2017-02-07,2017,TV-MA,54 min,"Comedies, Music & Musicals, Romantic Movies"
s5615,Movie,,"Raúl Campos, Jan Suter",Mexico,2017-02-03,2017,TV-MA,78 min,Stand-Up Comedy
s5616,Movie,,Malik Vitthal,United States,2017-02-03,2014,TV-MA,86 min,Dramas
s5617,Movie,,Rohit Shetty,India,2017-02-01,2015,TV-PG,154 min,"Action & Adventure, Dramas, International Movies"
s5618,Movie,,Farah Khan,India,2017-02-01,2014,TV-14,179 min,"Action & Adventure, Comedies, Dramas"
s5619,Movie,,Shlok Sharma,India,2017-02-01,2015,TV-14,93 min,"Dramas, Independent Movies, International Movies"
s5620,Movie,,Joaquín Mazón,Spain,2017-02-01,2016,TV-MA,97 min,"Action & Adventure, Comedies, International Movies"
s5621,Movie,,Jonás Trueba,Spain,2017-02-01,2016,TV-MA,108 min,"Dramas, International Movies, Romantic Movies"
s5622,Movie,,Peter DeLuise,Canada,2017-02-01,2014,TV-Y,92 min,"Children & Family Movies, Comedies"
s5623,Movie,,Jay Karas,United States,2017-01-31,2017,TV-MA,78 min,Stand-Up Comedy
s5624,Movie,,Alejandra Márquez Abella,Mexico,2017-01-31,2015,TV-MA,87 min,"Dramas, International Movies"
s5625,Movie,,Sébastien Betbeder,France,2017-01-29,2016,TV-14,99 min,"Comedies, International Movies"
s5626,Movie,,Adam Randall,United Kingdom,2017-01-27,2017,TV-MA,91 min,"International Movies, Sci-Fi & Fantasy, Thrillers"
s5627,Movie,,Marco Dutra,Brazil,2017-01-25,2016,TV-MA,102 min,"Dramas, International Movies"
s5628,Movie,,Marcus Raboy,United States,2017-01-24,2017,TV-MA,67 min,Stand-Up Comedy
s5629,Movie,,Mario Rouleau,France,2017-01-23,2017,TV-MA,57 min,Stand-Up Comedy
s5630,Movie,,Aniruddha Roy Chowdhury,India,2017-01-20,2016,TV-14,130 min,"Dramas, International Movies"
s5631,Movie,,Chester Tam,United States,2017-01-20,2017,TV-MA,80 min,Comedies
s5632,Movie,,Neal Brennan,United States,2017-01-17,2017,TV-MA,66 min,Stand-Up Comedy
s5633,Movie,,Hannes Stöhr,Germany,2017-01-15,2008,TV-MA,105 min,"Dramas, International Movies, Music & Musicals"
s5634,Movie,,Andreas Prochaska,Austria,2017-01-15,2014,TV-PG,98 min,"Dramas, International Movies"
s5635,Movie,,Maximilian Erlenwein,Germany,2017-01-15,2014,TV-MA,91 min,"International Movies, Thrillers"
s5636,Movie,,Burhan Qurbani,Germany,2017-01-15,2014,TV-MA,123 min,"Dramas, International Movies"
s5637,Movie,,Hubert Woroniecki,France,2017-01-13,2016,TV-14,82 min,"Documentaries, International Movies"
s5758,Movie,,Ava DuVernay,United States,2016-10-07,2016,TV-MA,101 min,Documentaries
s5638,Movie,,Alistair Legrand,United States,2017-01-13,2017,TV-MA,104 min,"Horror Movies, Thrillers"
s5639,Movie,,Mir-Jean Bou Chaaya,Lebanon,2017-01-12,2015,TV-MA,109 min,"Comedies, Dramas, International Movies"
s5640,Movie,,Jeannie Gaffigan,United States,2017-01-10,2017,TV-14,74 min,Stand-Up Comedy
s5642,Movie,,Babak Anvari,United Kingdom,2017-01-07,2016,PG-13,84 min,"Horror Movies, International Movies, Thrillers"
s5643,Movie,,Emily Hagins,United States,2017-01-06,2017,TV-14,98 min,"Children & Family Movies, Dramas"
s5644,Movie,,Greg Richardson,United States,2017-01-06,2013,TV-Y7,22 min,Children & Family Movies
s5645,Movie,,Uwe Boll,Canada,2017-01-05,2016,TV-MA,100 min,"Action & Adventure, International Movies"
s5646,Movie,,Mitch Schauer,United States,2017-01-04,2016,PG,75 min,"Children & Family Movies, Sci-Fi & Fantasy"
s5647,Movie,,Lance Bangs,United States,2017-01-03,2017,TV-MA,69 min,Stand-Up Comedy
s5648,Movie,,Rohit Mittal,India,2017-01-01,2016,TV-MA,97 min,"Dramas, International Movies, Thrillers"
s5649,Movie,,"Steve Hickner, Simon J. Smith",United States,2017-01-01,2007,PG,92 min,"Children & Family Movies, Comedies"
s5650,Movie,,Jalil Lespert,France,2017-01-01,2011,TV-MA,92 min,"Dramas, Independent Movies, International Movies"
s5652,Movie,,Abhishek Chaubey,India,2017-01-01,2016,TV-MA,146 min,"Dramas, International Movies"
s5653,Movie,,Diego Luna,Mexico,2016-12-31,2016,TV-MA,97 min,"Dramas, Independent Movies, International Movies"
s5657,Movie,,Jorge Michel Grau,Mexico,2016-12-23,2016,TV-MA,93 min,"Dramas, International Movies"
s5658,Movie,,"Riki Lindhome, Jeremy Konner",United States,2016-12-23,2016,TV-MA,62 min,"Music & Musicals, Stand-Up Comedy"
s5660,Movie,,Thomas Astruc,France,2016-12-20,2016,TV-Y7,22 min,Movies
s5661,Movie,,Manny Rodriguez,United States,2016-12-20,2016,TV-14,88 min,Stand-Up Comedy
s5662,Movie,,Vikram Gandhi,United States,2016-12-16,2016,TV-MA,105 min,Dramas
s5664,Movie,,Sean Hanish,United States,2016-12-16,2016,TV-MA,88 min,Dramas
s5665,Movie,,Sinan Akkuş,Germany,2016-12-15,2015,TV-MA,93 min,"Comedies, International Movies"
s5667,Movie,,Matt Bell,United Kingdom,2016-12-15,2015,TV-MA,98 min,"Documentaries, Sports Movies"
s5675,TV Show,,James Hawes,United Kingdom,2016-12-15,2012,TV-PG,5 Seasons,"British TV Shows, International TV Shows, TV Action & Adventure"
s5759,Movie,,Dave Higby,United States,2016-10-07,2016,TV-MA,73 min,Stand-Up Comedy
s5677,Movie,,Elite Zexer,Israel,2016-12-15,2016,TV-PG,88 min,"Dramas, Independent Movies, International Movies"
s5679,Movie,,"Raúl Campos, Jan Suter",Mexico,2016-12-12,2016,TV-MA,31 min,Stand-Up Comedy
s5680,Movie,,Alex Lehmann,United States,2016-12-11,2016,TV-MA,83 min,Documentaries
s5682,Movie,,James Yukich,United States,2016-12-09,2015,TV-G,38 min,"Children & Family Movies, Music & Musicals"
s5683,Movie,,Nic Mathieu,United States,2016-12-09,2016,TV-14,108 min,"Action & Adventure, Sci-Fi & Fantasy"
s5686,Movie,,Chris Kelly,United States,2016-12-08,2016,TV-MA,97 min,"Comedies, Dramas, Independent Movies"
s5688,Movie,,Alex Lehmann,United States,2016-12-06,2016,TV-MA,81 min,"Dramas, Independent Movies, Romantic Movies"
s5689,Movie,,Roman Gackowski,United States,2016-12-06,2016,TV-14,70 min,"Documentaries, Sports Movies"
s5690,Movie,,Benjamin Dickinson,United States,2016-12-06,2016,TV-MA,62 min,"Music & Musicals, Stand-Up Comedy"
s5692,Movie,,Sacha Wolff,France,2016-12-04,2016,TV-MA,99 min,"Dramas, International Movies, Sports Movies"
s5694,Movie,,Adam Nimoy,Canada,2016-12-02,2016,TV-14,112 min,Documentaries
s5695,Movie,,Elizabeth Wood,United States,2016-12-02,2016,TV-MA,90 min,"Dramas, Independent Movies"
s5696,Movie,,Robert McCullough Jr.,United States,2016-12-01,2016,TV-PG,56 min,"Documentaries, Sports Movies"
s5697,Movie,,Shrihari Sathe,India,2016-12-01,2014,TV-14,89 min,"Dramas, International Movies"
s5698,Movie,,Ralph Macchio,United States,2016-12-01,2013,TV-PG,24 min,Dramas
s5699,Movie,,Ricardo Maldonado,Peru,2016-12-01,2015,TV-14,100 min,"Comedies, International Movies"
s5702,Movie,,Vetrimaaran,India,2016-12-01,2015,TV-MA,116 min,"Dramas, International Movies, Thrillers"
s5703,Movie,,Linas Phillips,United States,2016-12-01,2016,TV-MA,92 min,"Comedies, Dramas, Independent Movies"
s5705,Movie,,Jeff Margolis,United States,2016-12-01,1979,TV-MA,79 min,Stand-Up Comedy
s5706,Movie,,Bauddhayan Mukherji,India,2016-12-01,2016,TV-14,72 min,"Dramas, Independent Movies, International Movies"
s5707,Movie,,María Jose Cuevas,Mexico,2016-11-25,2016,TV-MA,92 min,"Documentaries, International Movies"
s5709,Movie,,Oz Rodriguez,United States,2016-11-25,2016,TV-MA,61 min,Stand-Up Comedy
s5710,Movie,,Chris Sparling,United States,2016-11-22,2016,TV-MA,88 min,"Dramas, Thrillers"
s5711,Movie,,Qaushiq Mukherjee,India,2016-11-22,2012,TV-14,113 min,"Dramas, Independent Movies, International Movies"
s5712,Movie,,"Jan Suter, Raúl Campos Delgado",Mexico,2016-11-21,2016,TV-MA,67 min,Stand-Up Comedy
s5713,Movie,,"Shannon Hartman, Michelle Caputo",United States,2016-11-19,2012,TV-MA,65 min,Stand-Up Comedy
s5714,Movie,,Jerry Seinfeld,United States,2016-11-18,2016,TV-MA,62 min,Stand-Up Comedy
s5715,Movie,,Houda Benyamina,France,2016-11-18,2016,TV-MA,107 min,"Dramas, Independent Movies, International Movies"
s5719,Movie,,Manjeet Singh,India,2016-11-15,2012,TV-MA,77 min,"Dramas, Independent Movies, International Movies"
s5720,Movie,,Jeff Wadlow,United States,2016-11-11,2016,TV-14,98 min,"Action & Adventure, Comedies"
s5735,Movie,,Moto Sakakibara,Not Given,2016-11-01,2016,TV-Y,44 min,Movies
s5722,Movie,,Lorene Machado,United States,2016-11-10,2016,TV-MA,71 min,Stand-Up Comedy
s5725,Movie,,Marcus Raboy,United States,2016-11-04,2016,TV-MA,64 min,Stand-Up Comedy
s5726,Movie,,"Kief Davidson, Richard Ladkani",Austria,2016-11-04,2016,TV-14,112 min,Documentaries
s5727,Movie,,Richard Mears,United Kingdom,2016-11-01,2015,TV-PG,59 min,Documentaries
s5734,Movie,,"Heidi Ewing, Rachel Grady",United States,2016-11-01,2016,TV-MA,91 min,Documentaries
s5736,Movie,,Emilio Martínez Lázaro,Spain,2016-11-01,2015,TV-MA,107 min,"Comedies, International Movies, Romantic Movies"
s5737,Movie,,Robert Vince,Canada,2016-10-29,2016,G,92 min,"Children & Family Movies, Comedies"
s5738,Movie,,Osgood Perkins,Canada,2016-10-28,2016,TV-14,89 min,"Horror Movies, International Movies, Thrillers"
s5739,Movie,,Werner Herzog,United Kingdom,2016-10-28,2016,TV-PG,107 min,Documentaries
s5740,Movie,,Julien Rambaldi,France,2016-10-28,2016,TV-14,94 min,"Comedies, Dramas, International Movies"
s5741,Movie,,Yvan Attal,France,2016-10-28,2016,TV-MA,110 min,"Comedies, International Movies"
s5743,Movie,,Benjamin Weill,France,2016-10-28,2016,TV-MA,81 min,"Comedies, Dramas, International Movies"
s5744,Movie,,Roger Gual,Spain,2016-10-27,2016,TV-MA,77 min,"Dramas, International Movies"
s5746,Movie,,Anthony Giordano,United States,2016-10-21,2016,TV-MA,64 min,Stand-Up Comedy
s5747,Movie,,Thomas Sorriaux,France,2016-10-15,2016,TV-MA,97 min,"Comedies, International Movies, Sports Movies"
s5748,Movie,,Toshiyuki Kubooka,Japan,2016-10-15,2012,TV-MA,77 min,"Action & Adventure, Anime Features, International Movies"
s5749,Movie,,Noriyuki Abe,Japan,2016-10-15,2008,TV-PG,94 min,"Action & Adventure, Anime Features, Sci-Fi & Fantasy"
s5750,Movie,,Noriyuki Abe,Japan,2016-10-15,2010,TV-14,94 min,"Action & Adventure, Anime Features, Sci-Fi & Fantasy"
s5751,Movie,,Clovis Cornillac,France,2016-10-15,2015,TV-14,91 min,"Comedies, International Movies, Music & Musicals"
s5755,Movie,,Kevin MacDonald,United States,2016-10-14,2016,TV-MA,80 min,Documentaries
s5756,Movie,,Christopher Guest,United States,2016-10-13,2016,TV-MA,95 min,Comedies
s5757,Movie,,Jonathan Demme,United States,2016-10-12,2016,TV-MA,90 min,Music & Musicals
s5761,Movie,,Richie Smyth,Ireland,2016-10-07,2016,TV-MA,108 min,"Action & Adventure, Dramas, International Movies"
s5762,Movie,,Michael D. Black,United States,2016-10-04,2016,TV-Y7,25 min,"Children & Family Movies, Comedies"
s5765,Movie,,Riccardo Pilizzeri,New Zealand,2016-10-01,2016,TV-MA,86 min,Dramas
s5766,Movie,,Guilherme Fontes,Brazil,2016-10-01,2015,TV-MA,105 min,"Dramas, International Movies"
s5768,Movie,,Aamir Bashir,India,2016-10-01,2010,TV-MA,100 min,"Dramas, International Movies"
s5771,Movie,,Alejandro Fernández Almendras,Chile,2016-10-01,2016,TV-MA,96 min,"Dramas, Independent Movies, International Movies"
s5773,Movie,,Álex de la Iglesia,Spain,2016-10-01,2015,TV-MA,97 min,"Comedies, International Movies, Music & Musicals"
s5774,Movie,,Ishi Rudell,United States,2016-10-01,2016,TV-Y7,73 min,"Children & Family Movies, Comedies"
s5775,TV Show,,David Schalko,United States,2016-10-01,2015,TV-MA,1 Season,"International TV Shows, TV Comedies, TV Dramas"
s5777,Movie,,Pieter Kuijpers,Netherlands,2016-10-01,2016,TV-14,132 min,"Dramas, International Movies"
s5779,Movie,,Prashant Nair,India,2016-10-01,2015,TV-MA,96 min,"Dramas, Independent Movies, International Movies"
s5780,Movie,,"Paul Taublieb, Jon Freeman",United States,2016-10-01,2016,TV-MA,92 min,"Documentaries, Sports Movies"
s5781,Movie,,Riccardo Milani,Italy,2016-10-01,2013,TV-MA,99 min,"Comedies, International Movies"
s5783,Movie,,"Rod Blackhurst, Brian McGinn",Denmark,2016-09-30,2016,TV-MA,92 min,Documentaries
s5784,Movie,,"Bonni Cohen, Jon Shenk",United States,2016-09-23,2016,TV-MA,99 min,Documentaries
s5785,Movie,,Bobcat Goldthwait,United States,2016-09-23,2016,TV-MA,78 min,Stand-Up Comedy
s5793,Movie,,Tony Elliott,Canada,2016-09-16,2016,TV-MA,89 min,"International Movies, Sci-Fi & Fantasy, Thrillers"
s5794,Movie,,Troy Miller,United States,2016-09-16,2016,TV-MA,60 min,Stand-Up Comedy
s5796,Movie,,Orlando von Einsiedel,United Kingdom,2016-09-16,2016,TV-PG,41 min,Documentaries
s5797,Movie,,Dan Forrer,United States,2016-09-15,2012,TV-14,83 min,"Documentaries, Music & Musicals"
s5798,Movie,,Dan Krauss,United States,2016-09-13,2016,TV-PG,25 min,Documentaries
s5809,Movie,,Jay Karas,United States,2016-08-26,2016,TV-14,75 min,Stand-Up Comedy
s5810,Movie,,Christopher Louie,United States,2016-08-26,2016,TV-MA,92 min,"Dramas, Music & Musicals"
s5811,Movie,,Justin Krook,United States,2016-08-19,2016,TV-MA,80 min,"Documentaries, Music & Musicals"
s5816,Movie,,Michael Drumm,United States,2016-08-11,2005,TV-14,72 min,Stand-Up Comedy
s5817,Movie,,Troy Miller,United States,2016-08-11,2009,TV-PG,71 min,Stand-Up Comedy
s5818,Movie,,Jay Karas,United States,2016-08-11,2012,TV-14,77 min,Stand-Up Comedy
s5819,Movie,,Jay Chapman,United States,2016-08-11,2014,TV-14,70 min,Stand-Up Comedy
s5820,Movie,,Alex Coletti,United States,2016-08-05,2016,TV-MA,73 min,Stand-Up Comedy
s5821,Movie,,Michael Drumm,United States,2016-08-02,2011,TV-MA,81 min,Stand-Up Comedy
s5822,Movie,,John Smithson,United Kingdom,2016-08-01,1994,TV-MA,63 min,Documentaries
s5825,Movie,,Christopher Martin,United States,2016-08-01,2008,TV-MA,45 min,Documentaries
s5827,Movie,,Tom Whitter,United Kingdom,2016-08-01,2008,TV-14,46 min,Documentaries
s5829,Movie,,Sian Heder,United States,2016-07-29,2016,TV-MA,112 min,"Dramas, Independent Movies"
s5831,Movie,,Karl Mueller,United States,2016-07-15,2016,TV-MA,101 min,"Dramas, Thrillers"
s5832,Movie,,Joe Berlinger,United States,2016-07-15,2016,TV-MA,117 min,Documentaries
s5833,Movie,,Allan Ungar,Canada,2016-07-14,2015,R,114 min,Action & Adventure
s5834,Movie,,Qaushiq Mukherjee,India,2016-07-06,2016,TV-MA,96 min,"Comedies, Independent Movies, International Movies"
s5835,TV Show,,Tensai Okamura,Japan,2016-07-04,2016,TV-14,2 Seasons,"Anime Series, International TV Shows"
s5836,Movie,,Ryan Polito,United States,2016-07-01,2016,TV-MA,87 min,Stand-Up Comedy
s5838,Movie,,"Hemant Gaba, Pratim D. Gupta, Sudhish Kamath, Nalan Kumarasamy, Anu Menon, Sandeep Mohan, Qaushiq Mukherjee, Rajshree Ojha, Raja Sen, Abhinav Shiv Tiwari, Suparn Verma",India,2016-07-01,2015,TV-MA,105 min,"Dramas, Independent Movies, International Movies"
s5840,Movie,,"Raúl Campos, Jan Suter",Mexico,2016-06-24,2016,TV-MA,80 min,Stand-Up Comedy
s5841,Movie,,Rob Burnett,United States,2016-06-24,2016,TV-MA,97 min,"Comedies, Dramas, Independent Movies"
s5842,Movie,,Wilson Yip,China,2016-06-18,2015,PG-13,105 min,"Action & Adventure, Dramas, International Movies"
s5843,Movie,,"Bo Burnham, Christopher Storer",United States,2016-06-03,2016,TV-MA,60 min,"Music & Musicals, Stand-Up Comedy"
s5973,Movie,,Michael Margolis,Canada,2020-02-05,2020,TV-14,90 min,"Documentaries, International Movies"
s5847,Movie,,Steven Brill,United States,2016-05-27,2016,TV-MA,109 min,"Action & Adventure, Comedies"
s5848,Movie,,Jay Karas,United States,2016-05-06,2016,TV-MA,60 min,Stand-Up Comedy
s5849,Movie,,Ricky Gervais,Canada,2016-04-29,2016,TV-MA,101 min,Comedies
s5850,Movie,,Jon Greenhalgh,United States,2016-04-29,2016,TV-MA,91 min,"Documentaries, Sports Movies"
s5852,Movie,,"Felix Van Groeningen, Felix van Groeningen",Belgium,2016-04-15,2016,TV-MA,127 min,"Dramas, International Movies"
s5853,Movie,,Mike Flanagan,United States,2016-04-08,2016,R,82 min,"Horror Movies, Thrillers"
s5855,Movie,,G.J. Echternkamp,United States,2016-04-01,2007,TV-MA,70 min,"Documentaries, Music & Musicals"
s5858,Movie,,Rodolphe Guenoden,United States,2016-03-25,2016,TV-PG,23 min,"Children & Family Movies, Comedies"
s5859,Movie,,Jason Krawczyk,Canada,2016-03-18,2015,R,97 min,"Comedies, Horror Movies"
s5860,Movie,,Sam Wrench,United Kingdom,2016-03-18,2016,TV-MA,62 min,Stand-Up Comedy
s5861,Movie,,"Sophie Robinson, Lotje Sodderland",United Kingdom,2016-03-18,2016,TV-14,84 min,"Documentaries, International Movies"
s5862,Movie,,John Lee,United States,2016-03-18,2016,TV-PG,90 min,"Children & Family Movies, Comedies, Cult Movies"
s5865,Movie,,Yuen Wo-Ping,China,2016-02-26,2016,PG-13,101 min,"Action & Adventure, Romantic Movies"
s5866,Movie,,Mitch Schauer,United States,2016-02-24,2015,PG,74 min,"Children & Family Movies, Sci-Fi & Fantasy"
s5869,Movie,,Lance Bangs,United States,2016-02-05,2016,TV-MA,68 min,Stand-Up Comedy
s5873,Movie,,"Raúl Campos, Jan Suter",Mexico,2016-01-22,2016,TV-MA,92 min,Stand-Up Comedy
s5874,Movie,,Wilson Yip,Hong Kong,2016-01-15,2008,R,107 min,"Action & Adventure, Dramas, International Movies"
s5875,Movie,,Wilson Yip,Hong Kong,2016-01-15,2010,R,108 min,"Action & Adventure, International Movies"
s5876,Movie,,Jay Karas,United States,2016-01-08,2016,TV-MA,74 min,Stand-Up Comedy
s5877,Movie,,Alik Sakharov,United States,2015-12-26,2015,TV-MA,29 min,Movies
s5879,Movie,,L. Frazier,United States,2015-12-18,2015,TV-MA,60 min,Stand-Up Comedy
s5880,Movie,,Frank Coraci,United States,2015-12-11,2015,TV-14,120 min,"Action & Adventure, Comedies"
s5881,Movie,,"Gary Howsam, Mike Smith, John Paul Tremblay, Robb Wells",Canada,2015-12-09,2015,TV-MA,74 min,"Comedies, International Movies"
s5882,Movie,,Sofia Coppola,United States,2015-12-04,2015,TV-14,57 min,"Comedies, Music & Musicals"
s5884,Movie,,Kristin Hanggi,United States,2015-11-18,2015,TV-MA,91 min,"Comedies, Dramas, LGBTQ Movies"
s5885,Movie,,Rhys Thomas,United States,2015-11-13,2015,TV-MA,62 min,Stand-Up Comedy
s5887,Movie,,J. Davis,United States,2015-10-27,2015,TV-MA,85 min,"Comedies, Dramas, Independent Movies"
s5888,Movie,,"Chris Buck, Jennifer Lee, Patrick Osborne, Lauren MacMullan, John Kahrs, Nathan Greno, Byron Howard, Stevie Wermers, Dean Wellins, Kevin Deters, Roger Allers, Mike Gabriel, Mark Henn",United States,2015-10-25,2015,TV-Y,90 min,Children & Family Movies
s5889,TV Show,,Eli Roth,United States,2015-10-23,2015,TV-MA,3 Seasons,"TV Horror, TV Mysteries, TV Thrillers"
s5890,Movie,,Andrew Bujalski,United States,2015-10-22,2015,R,105 min,"Comedies, Independent Movies"
s5891,Movie,,Adam Dubin,United States,2015-10-16,2015,TV-MA,59 min,Stand-Up Comedy
s5892,Movie,,Cary Joji Fukunaga,United States,2015-10-16,2015,TV-MA,137 min,"Dramas, Independent Movies"
s5893,Movie,,"Aaron Hann, Mario Miscione",United States,2015-10-16,2015,TV-MA,86 min,"Dramas, Independent Movies, Sci-Fi & Fantasy"
s5894,Movie,,Evgeny Afineevsky,United Kingdom,2015-10-09,2015,TV-MA,99 min,"Documentaries, International Movies"
s5895,Movie,,Jay Karas,United States,2015-10-02,2015,TV-14,64 min,Stand-Up Comedy
s5897,Movie,,Morgan Neville,United States,2015-09-18,2015,TV-14,82 min,"Documentaries, Music & Musicals"
s5898,Movie,,"Kip Andersen, Keegan Kuhn",United States,2015-09-15,2014,TV-PG,90 min,Documentaries
s5899,Movie,,Hannah Fidell,United States,2015-09-08,2015,TV-MA,80 min,"Dramas, Independent Movies, Romantic Movies"
s5900,Movie,,Jay Karas,United States,2015-08-14,2015,TV-MA,62 min,Stand-Up Comedy
s5902,Movie,,"Kristina Goolsby, Ashley York",United States,2015-07-17,2015,TV-14,92 min,"Documentaries, Stand-Up Comedy"
s5904,Movie,,Patrick Brice,United States,2015-07-14,2014,R,78 min,"Horror Movies, Independent Movies, Thrillers"
s5905,Movie,,Phil Joanou,United States,2015-07-10,2015,TV-MA,92 min,Stand-Up Comedy
s5906,Movie,,Anthony Pierce,United States,2015-06-29,2015,TV-MA,69 min,Stand-Up Comedy
s5907,Movie,,Liz Garbus,United States,2015-06-26,2015,TV-14,103 min,"Documentaries, Music & Musicals"
s5908,Movie,,Jennifer Phang,United States,2015-06-23,2015,TV-MA,92 min,"Dramas, Independent Movies, Sci-Fi & Fantasy"
s5910,Movie,,Luis Estrada,Mexico,2015-06-01,2014,TV-MA,143 min,"Comedies, Dramas, International Movies"
s5911,Movie,,"Jill Bauer, Ronna Gradus",United States,2015-05-29,2015,TV-MA,83 min,Documentaries
s5912,Movie,,Lance Bangs,United States,2015-05-22,2015,TV-MA,78 min,Stand-Up Comedy
s5913,Movie,,Mike Fleiss,United States,2015-05-22,2015,TV-14,84 min,"Documentaries, Music & Musicals"
s5914,Movie,,Bill D'Elia,United States,2015-04-17,2015,TV-MA,84 min,Stand-Up Comedy
s5916,Movie,,Aziz Ansari,United States,2015-03-06,2015,TV-MA,58 min,Stand-Up Comedy
s5917,Movie,,David Sampliner,United States,2015-03-06,2015,TV-MA,82 min,Documentaries
s5918,Movie,,John Asher,United States,2015-02-27,2015,TV-MA,83 min,Stand-Up Comedy
s5922,Movie,,Jay Karas,United States,2014-12-05,2014,TV-MA,81 min,Stand-Up Comedy
s5925,Movie,,Lance Bangs,United States,2014-11-14,2014,TV-MA,75 min,Stand-Up Comedy
s5926,Movie,,Orlando von Einsiedel,United Kingdom,2014-11-07,2014,TV-MA,100 min,"Documentaries, International Movies"
s5927,Movie,,"Katy Chevigny, Ross Kauffman",United States,2014-10-24,2014,TV-MA,90 min,Documentaries
s5928,Movie,,Wyatt Cenac,United States,2014-10-21,2014,TV-MA,68 min,Stand-Up Comedy
s5929,Movie,,James Yukich,United States,2014-10-10,2014,TV-MA,71 min,Stand-Up Comedy
s5930,Movie,,"Luis Lopez, Clay Tweel",United States,2014-09-26,2014,TV-14,100 min,Documentaries
s5931,Movie,,"Robert Nixon, Fisher Stevens",United States,2014-08-15,2014,TV-PG,94 min,Documentaries
s5932,Movie,,"Chapman Way, Maclain Way",United States,2014-07-11,2014,TV-MA,80 min,"Documentaries, Sports Movies"
s5933,Movie,,Werner Herzog,United States,2014-04-15,2013,TV-14,35 min,Documentaries
s5935,Movie,,Greg Whiteley,United States,2014-01-24,2014,TV-PG,93 min,Documentaries
s5936,Movie,,Jehane Noujaim,United Kingdom,2014-01-17,2013,TV-MA,105 min,"Documentaries, International Movies"
s5937,Movie,,Jason Moore,United States,2013-12-29,2013,TV-G,130 min,"Children & Family Movies, Comedies, Music & Musicals"
s5938,Movie,,Josh Greenbaum,United States,2013-12-12,2013,PG,100 min,"Children & Family Movies, Documentaries, Sports Movies"
s5939,Movie,,"Will Lovelace, Dylan Southern",United States,2013-11-01,2013,TV-MA,80 min,Stand-Up Comedy
s5942,Movie,,Constance Marks,United States,2012-02-21,2011,PG,76 min,Documentaries
s5943,Movie,,Larry Elikann,United States,2011-10-01,1988,TV-14,95 min,Dramas
s5944,Movie,,Robert Markowitz,United States,2011-10-01,1986,TV-MA,96 min,Dramas
s5945,Movie,,Eric Laneuville,United States,2011-10-01,1986,TV-14,94 min,Dramas
s5946,Movie,,Joel Oliansky,United States,2011-10-01,1990,TV-14,94 min,Dramas
s5947,Movie,,Roy Campanella II,United States,2011-10-01,1988,TV-PG,93 min,"Dramas, Sports Movies"
s5948,Movie,,Arthur Allan Seidelman,United States,2011-10-01,1987,TV-PG,96 min,Dramas
s5949,Movie,,John Herzfeld,United States,2011-10-01,1989,TV-PG,94 min,Dramas
s5950,Movie,,Buzz Kulik,United States,2011-10-01,1988,TV-MA,94 min,Dramas
s5951,Movie,,Richard Michaels,United States,2011-10-01,1991,TV-PG,93 min,"Dramas, Sports Movies"
s5952,Movie,,Linda Otto,United States,2011-10-01,1990,TV-14,95 min,Dramas
s5953,Movie,,Roger Young,United States,2011-10-01,1991,TV-14,93 min,"Dramas, Thrillers"
s5954,Movie,,"Rob LaDuca, Robert C. Ramirez",United States,2011-09-27,2000,TV-PG,75 min,"Children & Family Movies, Dramas, Faith & Spirituality"
s5955,Movie,,Icíar Bollaín,Spain,2011-05-17,2010,TV-MA,103 min,"Dramas, International Movies"
s5956,Movie,,Joe Dante,United States,2009-11-18,2009,TV-MA,29 min,Horror Movies
s5957,Movie,,Ole Bornedal,Denmark,2009-05-05,2007,TV-MA,104 min,"Dramas, International Movies"
s5958,Movie,,Sorin Dan Mihalcescu,United States,2008-01-01,2006,TV-MA,81 min,"Dramas, Independent Movies, Thrillers"
s5959,Movie,,Shane Acker,United States,2017-11-16,2009,PG-13,80 min,"Action & Adventure, Independent Movies, Sci-Fi & Fantasy"
s5960,Movie,,Robert Luketic,United States,2020-01-01,2008,PG-13,123 min,Dramas
s5961,Movie,,Kevin Reynolds,United States,2019-11-01,1997,R,119 min,Dramas
s5962,Movie,,Shravan Kumar,India,2019-04-01,2019,TV-14,118 min,"Horror Movies, International Movies"
s5963,Movie,,Vikram Bhatt,India,2017-12-15,2008,TV-MA,143 min,"Horror Movies, International Movies, Thrillers"
s5964,Movie,,Kunle Afolayan,Nigeria,2019-09-01,2014,TV-14,149 min,"Dramas, International Movies, Thrillers"
s5966,Movie,,Paul Greengrass,Norway,2018-10-10,2018,R,144 min,"Dramas, Thrillers"
s5967,Movie,,Swapnaneel Jayakar,India,2019-03-29,2019,TV-14,124 min,"Comedies, Dramas, Independent Movies"
s5969,Movie,,Vijay Milton,India,2018-09-15,2018,TV-14,128 min,"Action & Adventure, Dramas, International Movies"
s5970,Movie,,Santwana Bardoloi,India,2018-09-15,2017,TV-14,117 min,"Dramas, International Movies"
s5971,Movie,,Atanu Ghosh,India,2018-09-15,2017,TV-14,100 min,"Dramas, International Movies"
s5972,Movie,,"Lyric R. Cabral, David Felix Sutcliffe",United States,2016-06-30,2015,NR,84 min,Documentaries
s5974,Movie,,Michael Kennedy,Canada,2019-04-10,2018,TV-14,105 min,"Comedies, Romantic Movies"
s5976,Movie,,Óskar Thór Axelsson,Iceland,2018-03-27,2017,TV-MA,106 min,"Horror Movies, International Movies"
s5977,Movie,,Ozan Açıktan,Turkey,2017-03-10,2010,TV-MA,99 min,"Comedies, International Movies"
s5978,Movie,,Karyn Kusama,United States,2018-02-01,2005,PG-13,93 min,"Action & Adventure, Sci-Fi & Fantasy"
s5980,Movie,,Adam Deyoe,United States,2017-07-01,2014,TV-PG,89 min,"Dramas, Romantic Movies"
s5981,Movie,,Leif Tilden,United States,2017-07-07,2017,TV-14,105 min,"Dramas, Romantic Movies, Sports Movies"
s5982,Movie,,Roland Emmerich,United States,2019-06-01,2008,PG-13,109 min,Action & Adventure
s5984,Movie,,Melinda Janko,United States,2018-03-20,2016,TV-14,75 min,Documentaries
s5986,Movie,,Sam Upton,United States,2019-03-14,2017,TV-MA,90 min,"Dramas, Independent Movies, Sports Movies"
s5988,Movie,,Victor Zarcoff,United States,2016-08-13,2015,NR,90 min,"Horror Movies, Independent Movies, Thrillers"
s5989,Movie,,Daniel Stamm,United States,2019-01-13,2014,R,93 min,"Horror Movies, Thrillers"
s5991,Movie,,Daniel Lee,Hong Kong,2019-04-03,2010,R,113 min,"Action & Adventure, International Movies"
s5992,Movie,,"Scott Hussion, Seth Fuller",United States,2018-10-27,2018,TV-MA,89 min,"Horror Movies, Thrillers"
s5993,Movie,,Richard Donner,United States,2019-11-01,2006,PG-13,102 min,Action & Adventure
s5994,Movie,,Burr Steers,United States,2021-01-01,2009,PG-13,102 min,Comedies
s5995,Movie,,David Marmor,United States,2020-08-23,2019,TV-MA,90 min,"Horror Movies, Independent Movies, Thrillers"
s5996,Movie,,Raymond Wood,United States,2019-07-26,2018,TV-MA,94 min,"Horror Movies, Independent Movies"
s5997,Movie,,Morgan Neville,United States,2018-09-22,2013,PG-13,91 min,"Documentaries, Music & Musicals"
s6008,Movie,,Nagesh Kukunoor,India,2019-12-31,2003,TV-MA,121 min,"Dramas, International Movies, Thrillers"
s5999,Movie,,Hasraf Dulull,United Kingdom,2018-12-20,2018,TV-14,95 min,Sci-Fi & Fantasy
s6000,Movie,,Mike Mills,United States,2019-06-28,2016,R,119 min,"Dramas, Independent Movies"
s6001,Movie,,"Jon Lucas, Scott Moore",United States,2019-04-16,2013,R,93 min,Comedies
s6003,Movie,,Joey Curtis,United States,2018-03-01,2016,TV-MA,101 min,"Action & Adventure, Independent Movies, Sci-Fi & Fantasy"
s6004,Movie,,Brian Smrz,South Africa,2018-04-07,2017,R,93 min,Action & Adventure
s6005,Movie,,Nicanor Loreti,Argentina,2018-05-01,2018,TV-MA,82 min,"Action & Adventure, Comedies, International Movies"
s6006,Movie,,Simon Napier-Bell,United Kingdom,2018-05-01,2017,TV-MA,70 min,Documentaries
s6007,Movie,,Betty Thomas,United States,2020-09-30,2000,PG-13,104 min,"Comedies, Dramas"
s6009,Movie,,Gaby Dellal,United States,2017-08-28,2015,PG-13,92 min,"Dramas, LGBTQ Movies"
s6010,Movie,,Iman Brotoseno,Indonesia,2019-01-05,2016,TV-PG,124 min,"Dramas, International Movies, Sports Movies"
s6011,Movie,,Shazia Javed,Canada,2019-06-15,2018,TV-PG,53 min,"Documentaries, Faith & Spirituality"
s6012,Movie,,Hani Hamdi,Egypt,2019-04-18,2016,TV-14,91 min,"Comedies, International Movies"
s6013,Movie,,Ruben Fleischer,United States,2021-01-01,2011,R,83 min,"Action & Adventure, Comedies"
s6014,Movie,,Maciej Dejczer,Denmark,2019-10-01,1989,TV-14,93 min,"Dramas, International Movies"
s6015,Movie,,Jack C. Newell,United States,2018-02-01,2017,TV-MA,81 min,Documentaries
s6016,Movie,,Andrew Nackman,United States,2016-05-05,2015,NR,86 min,"Comedies, LGBTQ Movies"
s6018,Movie,,Victor Levin,United States,2017-03-16,2014,R,97 min,"Comedies, Dramas, Romantic Movies"
s6019,Movie,,Peter Segal,United States,2020-12-01,2004,PG-13,99 min,"Comedies, Romantic Movies"
s6020,Movie,,Jonathan Levine,United States,2019-06-01,2011,R,100 min,"Comedies, Dramas, Independent Movies"
s6021,Movie,,Rizal Mantovani,Indonesia,2018-09-28,2012,TV-14,126 min,"Dramas, International Movies"
s6022,Movie,,Toa Fraser,New Zealand,2018-02-08,2017,R,94 min,"Action & Adventure, Dramas, International Movies"
s6023,Movie,,Bharat Jain,India,2017-11-01,2014,TV-MA,103 min,"Horror Movies, International Movies, Thrillers"
s6024,Movie,,Trent Haaga,United States,2019-09-01,2017,R,96 min,"Comedies, Independent Movies, Thrillers"
s6025,TV Show,,Nizar Shafi,India,2019-07-30,2019,TV-14,1 Season,TV Shows
s6026,Movie,,"Meenu Gaur, Farjad Nabi",Pakistan,2019-05-15,2018,TV-PG,137 min,"Comedies, International Movies, Music & Musicals"
s6017,Movie,,Anggy Umbara,Not Given,2019-01-05,2017,TV-MA,106 min,"Action & Adventure, Comedies, International Movies"
s6028,Movie,,"Jon Lucas, Scott Moore",United States,2020-02-14,2017,R,104 min,Comedies
s6029,Movie,,Padmakumar Narasimhamurthy,India,2018-04-01,2016,TV-14,104 min,"Dramas, Independent Movies, International Movies"
s6030,Movie,,John Asher,United States,2018-01-15,2016,PG,94 min,"Dramas, Sci-Fi & Fantasy"
s6031,Movie,,Richard Attenborough,United States,2020-07-01,1977,PG,176 min,"Action & Adventure, Classic Movies, Dramas"
s6032,Movie,,Stanley Kubrick,United Kingdom,2020-11-01,1971,R,137 min,"Classic Movies, Cult Movies, Dramas"
s6033,Movie,,Stephen Gyllenhaal,United States,2018-04-01,1993,R,101 min,"Dramas, Romantic Movies"
s6034,Movie,,Tom Fassaert,Netherlands,2016-10-16,2015,TV-PG,111 min,"Documentaries, International Movies"
s6035,Movie,,Mark Williams,Canada,2019-12-15,2016,R,110 min,Dramas
s6036,Movie,,Remo D'Souza,India,2017-11-15,2016,TV-14,142 min,"Action & Adventure, International Movies, Sci-Fi & Fantasy"
s6037,Movie,,Roman Coppola,United States,2018-07-15,2012,R,86 min,"Comedies, Independent Movies"
s6046,Movie,,Ahmad El-Badri,Egypt,2019-04-25,2012,TV-MA,98 min,"Comedies, International Movies"
s6039,Movie,,Erik Nelson,United States,2017-12-25,2017,TV-MA,93 min,Documentaries
s6040,Movie,,Michael Tiddes,United States,2020-02-21,2013,R,86 min,"Comedies, Horror Movies"
s6041,Movie,,Teo Konuralp,United States,2019-09-17,2019,TV-14,80 min,"Horror Movies, Independent Movies"
s6042,Movie,,Jim Fall,United States,2019-11-04,2011,TV-G,92 min,"Children & Family Movies, Comedies, Romantic Movies"
s6043,Movie,,Andy Goddard,United States,2017-05-01,2016,R,96 min,Thrillers
s6044,Movie,,Chris Bell,United States,2018-08-27,2018,TV-MA,87 min,Documentaries
s6047,Movie,,J.C. Chandor,United Arab Emirates,2018-07-22,2014,R,125 min,"Dramas, Thrillers"
s6048,Movie,,"Christopher S. Rech, Brandon Kimber",United States,2017-04-28,2014,PG-13,91 min,Documentaries
s6050,Movie,,John Fortenberry,United States,2019-12-01,1998,PG-13,82 min,"Comedies, Cult Movies"
s6051,Movie,,Joram Lürsen,Netherlands,2016-09-01,2015,TV-MA,111 min,"Dramas, International Movies"
s6052,Movie,,Michael Lennox,United Kingdom,2017-04-15,2015,TV-MA,92 min,"Dramas, Thrillers"
s6053,Movie,,Kees Van Oostrum,United States,2019-06-06,2013,R,94 min,"Dramas, Independent Movies, Romantic Movies"
s6054,Movie,,Michael Damian,United States,2020-08-28,2011,TV-PG,91 min,"Children & Family Movies, Dramas, Romantic Movies"
s6055,Movie,,Henry Sarwer-Foner,Canada,2013-11-01,2011,NR,44 min,Stand-Up Comedy
s6056,Movie,,Ishaan Trivedi,India,2017-10-15,2016,TV-MA,108 min,"International Movies, Thrillers"
s6057,Movie,,Asghar Farhadi,Iran,2019-03-16,2011,PG-13,123 min,"Dramas, International Movies"
s6058,Movie,,"Ethan Coen, Joel Coen",United States,2018-01-16,2009,R,106 min,"Comedies, Independent Movies"
s6059,Movie,,Maria Burton,United States,2017-08-01,2015,TV-PG,89 min,"Dramas, Independent Movies"
s6060,Movie,,Natalie Portman,Israel,2019-10-25,2015,PG-13,98 min,"Dramas, International Movies"
s6061,Movie,,Martin Lawrence,United States,2020-12-01,1996,R,108 min,"Comedies, Romantic Movies"
s6062,Movie,,Brian Robbins,United States,2020-07-01,2012,PG-13,92 min,Comedies
s6063,Movie,,Adam Shankman,United States,2020-07-01,2002,PG,102 min,"Dramas, Romantic Movies"
s6064,Movie,,Neeraj Pandey,India,2018-11-01,2008,TV-MA,103 min,"Action & Adventure, Dramas, International Movies"
s6065,Movie,,Gregory Caruso,United States,2018-02-19,2017,TV-14,91 min,Documentaries
s6066,Movie,,Ava DuVernay,United States,2018-09-25,2018,PG,110 min,Children & Family Movies
s6069,Movie,,Rusty Nixon,Canada,2020-10-01,2019,TV-MA,77 min,Horror Movies
s6089,Movie,,Brett Donowho,Canada,2020-08-01,2018,R,87 min,Action & Adventure
s6070,Movie,,Oliver Daly,United States,2019-03-20,2018,PG,99 min,"Action & Adventure, Children & Family Movies, Independent Movies"
s6071,Movie,,Ömer Faruk Sorak,Turkey,2018-04-04,2011,TV-MA,122 min,"Dramas, International Movies, Romantic Movies"
s6072,Movie,,Midhun Manuel Thomas,India,2018-05-15,2017,TV-MA,150 min,"Comedies, International Movies"
s6073,Movie,,Chandrakant Kulkarni,India,2018-01-01,2013,TV-PG,126 min,"Comedies, Dramas, International Movies"
s6074,Movie,,Prakash Jha,India,2019-12-31,2011,TV-14,164 min,"Dramas, International Movies"
s6075,Movie,,Nagesh Kukunoor,India,2017-10-22,2010,TV-14,115 min,"Dramas, International Movies"
s6076,Movie,,Uttung Shelar,India,2018-01-01,2010,TV-14,133 min,"Comedies, Dramas, International Movies"
s6077,Movie,,Atanu Ghosh,India,2017-05-01,2015,TV-PG,127 min,"Comedies, Dramas, International Movies"
s6079,Movie,,A. L. Vijay,India,2018-05-01,2016,TV-14,131 min,"Comedies, International Movies, Sci-Fi & Fantasy"
s6080,TV Show,,"Jung-ah Im, Seung-uk Jo",South Korea,2017-08-04,2017,TV-PG,2 Seasons,"International TV Shows, Korean TV Shows, Stand-Up Comedy & Talk Shows"
s6081,Movie,,Chad Van De Keere,United States,2016-02-18,2012,TV-Y7,44 min,"Children & Family Movies, Comedies"
s6082,Movie,,"Chris Weitz, Paul Weitz",United Kingdom,2019-02-01,2002,PG-13,101 min,"Comedies, Dramas, International Movies"
s6083,Movie,,Daniela Goggi,Argentina,2016-08-25,2015,TV-MA,90 min,"Dramas, International Movies"
s6084,Movie,,Alfonso Serrano Maturino,Mexico,2017-06-03,2016,TV-MA,89 min,"Comedies, Dramas, International Movies"
s6085,Movie,,Julien Christian Lutz,Canada,2019-04-01,2015,TV-MA,88 min,"Dramas, Sports Movies"
s6086,Movie,,Julie Taymor,United States,2019-01-01,2007,PG-13,133 min,"Dramas, Music & Musicals, Romantic Movies"
s6087,Movie,,"Mike McCoy, Scott Waugh",United States,2020-06-01,2012,R,110 min,Action & Adventure
s6088,Movie,,Mahsun Kırmızıgül,Turkey,2018-09-29,2010,NR,112 min,"Action & Adventure, International Movies"
s6091,Movie,,Thierry Donard,France,2020-06-12,2014,TV-14,91 min,"Action & Adventure, Documentaries, International Movies"
s6092,Movie,,Anne Fontaine,Australia,2019-11-20,2013,R,111 min,"Dramas, Independent Movies, International Movies"
s6093,Movie,,Sandeep Chatterjee,India,2019-12-31,2017,TV-14,99 min,"Horror Movies, Independent Movies, International Movies"
s6094,Movie,,Kyle Rideout,Canada,2018-08-15,2018,NR,86 min,Comedies
s6096,Movie,,Bryce Wagoner,United States,2019-05-27,2012,NR,93 min,Documentaries
s6097,Movie,,Brittany Andrews,United States,2018-12-30,2018,TV-MA,87 min,Documentaries
s6098,Movie,,Antonio Campos,United States,2020-08-13,2008,TV-MA,107 min,"Dramas, Independent Movies"
s6099,Movie,,Nicolás López,United States,2018-03-07,2012,R,89 min,"Action & Adventure, Horror Movies"
s6100,Movie,,Terry Loane,United Kingdom,2019-01-31,2018,TV-MA,92 min,Dramas
s6104,Movie,,Shivam Nair,India,2019-12-31,2006,TV-14,122 min,"Dramas, International Movies, Romantic Movies"
s6105,Movie,,Alison Klayman,United States,2018-03-01,2012,R,91 min,Documentaries
s6107,Movie,,Biswajeet Bora,India,2017-10-15,2015,TV-14,127 min,"Dramas, Independent Movies, International Movies"
s6108,Movie,,"Abbas Alibhai Burmawalla, Mastan Alibhai Burmawalla",India,2018-03-01,2004,TV-14,153 min,"International Movies, Music & Musicals, Romantic Movies"
s6110,Movie,,Castille Landon,United States,2017-07-01,2016,TV-PG,106 min,Children & Family Movies
s6111,Movie,,"Gervasio Iglesias, Alexis Morante",Spain,2018-08-18,2018,TV-MA,102 min,"Documentaries, International Movies, Music & Musicals"
s6101,TV Show,,Not Given,United Kingdom,2019-07-12,2017,TV-MA,1 Season,"British TV Shows, Reality TV, Romantic TV Shows"
s6109,Movie,,Not Given,Egypt,2019-08-05,2017,TV-MA,94 min,"Comedies, International Movies"
s6112,Movie,,Martin Scorsese,United States,2019-07-01,1974,PG,112 min,"Classic Movies, Comedies, Dramas"
s6113,Movie,,J. Michael Long,United States,2018-01-09,2017,TV-PG,63 min,Documentaries
s6114,Movie,,Sean McNamara,United States,2018-03-06,2018,PG,90 min,"Children & Family Movies, Comedies, Sci-Fi & Fantasy"
s6115,Movie,,Susan Glatzer,Sweden,2017-08-10,2016,TV-14,89 min,Documentaries
s6116,Movie,,Eva Vives,United States,2019-03-18,2018,R,101 min,"Comedies, Dramas, Independent Movies"
s6117,Movie,,"Don Bluth, Gary Goldman, Dan Kuenster",Ireland,2020-06-01,1989,G,85 min,Children & Family Movies
s6118,Movie,,Víctor García,Spain,2019-07-30,2019,TV-MA,83 min,"International Movies, Thrillers"
s6119,Movie,,Charlie Vaughn,United States,2017-08-01,2016,TV-G,92 min,"Children & Family Movies, Independent Movies"
s6120,Movie,,Chris Blake,United States,2019-02-02,2018,TV-MA,84 min,"Horror Movies, Thrillers"
s6121,Movie,,Jonathan Levine,United States,2018-07-03,2006,R,91 min,Horror Movies
s6122,Movie,,Matthew Hope,United Kingdom,2019-05-15,2018,R,100 min,Action & Adventure
s6123,Movie,,Vincent Perez,United Kingdom,2019-02-15,2016,R,103 min,Dramas
s6124,Movie,,Lee Tamahori,United States,2019-10-01,2001,R,103 min,Thrillers
s6125,Movie,,Richard Rich,United States,2019-10-01,2013,TV-G,45 min,Children & Family Movies
s6126,Movie,,Richard Rich,United States,2020-01-01,2014,TV-Y7,45 min,Children & Family Movies
s6128,Movie,,Greg Kohs,United States,2018-01-01,2017,TV-G,90 min,Documentaries
s6129,Movie,,Trey Haley,United States,2020-03-03,2019,TV-14,98 min,"Comedies, Romantic Movies"
s6130,Movie,,Atul Malhotra,United Kingdom,2017-06-20,2015,TV-MA,92 min,"Comedies, Dramas, International Movies"
s6750,Movie,,Ari Levinson,United States,2016-12-21,2016,TV-PG,92 min,Documentaries
s6131,Movie,,Manmohan Desai,India,2019-12-31,1977,TV-14,172 min,"Action & Adventure, Classic Movies, Comedies"
s6132,Movie,,Khaled Youssef,Egypt,2019-04-26,2011,TV-14,125 min,"Dramas, International Movies"
s6134,Movie,,Charlie Siskel,United States,2017-06-23,2016,TV-MA,81 min,Documentaries
s6135,Movie,,Michael Cuesta,United States,2020-01-31,2017,R,112 min,Action & Adventure
s6136,Movie,,Sam Mendes,United States,2020-01-01,1999,R,122 min,Dramas
s6137,Movie,,Brendon Marotta,United States,2018-12-16,2017,TV-14,101 min,Documentaries
s6139,Movie,,Barak Goodman,United States,2017-04-19,2017,TV-MA,53 min,Documentaries
s6140,TV Show,,Sharon Grimberg,United States,2019-05-02,2018,TV-PG,1 Season,Docuseries
s6141,Movie,,Mark Zwonitzer,United States,2019-05-01,2018,TV-14,53 min,Documentaries
s6142,Movie,,Wilson Coneybeare,Canada,2019-07-30,2019,TV-MA,99 min,Thrillers
s6143,Movie,,Sarik Andreasyan,Canada,2019-10-23,2014,R,95 min,"Action & Adventure, Dramas"
s6144,Movie,,Tony Kaye,United States,2019-11-01,1998,R,119 min,Dramas
s6145,Movie,,Andrea Arnold,United Kingdom,2019-04-27,2016,R,163 min,"Dramas, Independent Movies"
s6146,Movie,,Nick Davis,United States,2019-04-01,2018,TV-MA,55 min,"Documentaries, Sports Movies"
s6148,Movie,,Mary Harron,United States,2019-09-01,2000,R,102 min,"Comedies, Cult Movies, Dramas"
s6149,Movie,,Jerry G. Angelo,United States,2019-09-13,2019,TV-MA,106 min,Dramas
s6150,Movie,,Asif Kapadia,United Kingdom,2018-07-26,2015,R,128 min,"Documentaries, International Movies, Music & Musicals"
s6151,Movie,,Karan Bali,India,2017-01-01,2013,TV-PG,80 min,"Documentaries, International Movies"
s6152,Movie,,Don Bluth,United States,2018-04-01,1986,G,80 min,Children & Family Movies
s6153,Movie,,"Phil Nibbelink, Simon Wells",United States,2018-04-01,1991,G,75 min,Children & Family Movies
s6154,Movie,,Larry Latham,United States,2018-04-01,1999,G,75 min,Children & Family Movies
s6155,Movie,,Larry Latham,United States,2018-04-01,2000,G,79 min,Children & Family Movies
s6156,Movie,,Wael Ehsan,Egypt,2019-04-26,2012,TV-14,87 min,"Dramas, International Movies"
s6158,Movie,,Perry Lang,United States,2019-03-01,2018,TV-PG,97 min,"Dramas, Faith & Spirituality"
s6159,Movie,,"Ismail Farouk, Hazem Fouda",Egypt,2019-06-20,2014,TV-MA,85 min,"Comedies, Dramas, International Movies"
s6160,Movie,,Avinash Das,India,2017-08-01,2017,TV-MA,111 min,"Dramas, Independent Movies, International Movies"
s6161,Movie,,Carlos Marques-Marcet,Spain,2019-02-15,2017,TV-MA,113 min,"Comedies, Dramas, LGBTQ Movies"
s6163,Movie,,Tim Blake Nelson,United States,2018-12-30,2015,R,90 min,"Dramas, Independent Movies"
s6164,Movie,,Luis Mandoki,United States,2020-09-05,2001,R,103 min,"Dramas, Romantic Movies"
s6165,Movie,,Peter Segal,United States,2019-11-01,2003,PG-13,105 min,Comedies
s6166,Movie,,Pan Nalin,India,2017-03-14,2015,TV-MA,104 min,"Dramas, Independent Movies, International Movies"
s6169,Movie,,Sohail Tatari,India,2017-10-15,2013,TV-14,127 min,"Dramas, International Movies, Thrillers"
s6170,Movie,,Paul Serafini,United States,2017-08-01,2016,TV-PG,92 min,Children & Family Movies
s6325,Movie,,Jose Manuel Colón,Spain,2016-06-01,2015,TV-PG,79 min,"Documentaries, International Movies"
s6171,Movie,,Juan Zapata,Brazil,2017-03-21,2016,TV-PG,72 min,"Dramas, Independent Movies, International Movies"
s6172,Movie,,Peyton Reed,United States,2019-01-29,2018,PG-13,118 min,"Action & Adventure, Comedies, Sci-Fi & Fantasy"
s6173,Movie,,Sherif Ismail,Egypt,2019-05-09,2017,TV-MA,110 min,"Comedies, International Movies"
s6174,Movie,,Anirban Majumder,Not Given,2019-06-18,2018,TV-Y7,65 min,Children & Family Movies
s6176,Movie,,Ken Barbet,United States,2019-04-14,2018,TV-MA,90 min,"Action & Adventure, Horror Movies"
s6177,Movie,,Manish Jha,India,2019-12-31,2007,TV-14,134 min,"Dramas, Independent Movies, International Movies"
s6179,Movie,,"David Salzberg, Christian Tureaud",United States,2019-11-01,2017,TV-MA,89 min,Documentaries
s6180,Movie,,"J.F. Musial, Josh Vietze",United States,2016-08-01,2016,NR,86 min,Documentaries
s6181,Movie,,Gonzalo López-Gallego,United States,2019-03-09,2011,PG-13,87 min,"Horror Movies, Sci-Fi & Fantasy, Thrillers"
s6182,Movie,,"Christian Desmares, Franck Ekinci",France,2017-10-01,2015,PG,107 min,"Action & Adventure, Comedies, International Movies"
s6183,Movie,,Christopher Chambers,United States,2017-02-15,2015,TV-14,79 min,"Dramas, Independent Movies"
s6184,Movie,,Khaled El Halafawy,Egypt,2019-08-01,2018,TV-14,87 min,"Comedies, Dramas, International Movies"
s6185,Movie,,Nia Dinata,Indonesia,2018-09-15,2011,TV-14,113 min,"Comedies, Dramas, International Movies"
s6186,Movie,,Jason Winer,United States,2019-04-01,2011,PG-13,110 min,"Comedies, Romantic Movies"
s6187,Movie,,Sarah Smith,United Kingdom,2020-01-01,2011,PG,98 min,"Children & Family Movies, Comedies"
s6188,Movie,,John Erick Dowdle,United States,2018-09-16,2014,R,93 min,"Horror Movies, Thrillers"
s6189,Movie,,James L. Brooks,United States,2020-01-01,1997,PG-13,139 min,"Comedies, Romantic Movies"
s6190,Movie,,John Murlowski,United States,2019-10-25,2019,TV-MA,94 min,"Horror Movies, Sci-Fi & Fantasy, Thrillers"
s6191,Movie,,Sung-soo Kim,South Korea,2018-02-15,2016,NR,133 min,"Action & Adventure, Dramas, International Movies"
s6192,Movie,,Mike Nicoll,United States,2016-12-14,2016,TV-MA,81 min,"Documentaries, Sports Movies"
s6193,Movie,,Jason Stone,Canada,2018-12-27,2018,TV-14,91 min,"Dramas, Sci-Fi & Fantasy"
s6194,Movie,,Mez Tharatorn,United States,2018-09-05,2012,TV-14,122 min,"Comedies, International Movies, Romantic Movies"
s6196,Movie,,"David Morris, Jacqui Morris",United Kingdom,2016-05-15,2014,TV-14,102 min,"Documentaries, International Movies"
s6197,Movie,,"Fabrizio Copano, Augusto Matte",Chile,2018-08-19,2016,TV-14,88 min,"Comedies, Independent Movies, International Movies"
s6198,Movie,,Mike Rossiter,United Kingdom,2019-01-19,1994,TV-PG,49 min,Documentaries
s6200,Movie,,Gabe Ibáñez,Bulgaria,2017-09-08,2014,R,110 min,"International Movies, Sci-Fi & Fantasy, Thrillers"
s6201,Movie,,"Anthony Russo, Joe Russo",United States,2018-12-25,2018,PG-13,150 min,"Action & Adventure, Sci-Fi & Fantasy"
s6202,Movie,,Levan Tsikurishvili,Sweden,2018-12-28,2017,TV-MA,97 min,"Documentaries, International Movies, Music & Musicals"
s6203,Movie,,Anthony D'Souza,India,2019-04-12,2016,TV-14,129 min,"Dramas, International Movies, Sports Movies"
s6204,Movie,,Ajay Bahl,India,2018-06-07,2013,TV-14,99 min,"Dramas, Independent Movies, International Movies"
s6205,Movie,,Çagan Irmak,Turkey,2018-04-30,2005,TV-14,112 min,"Dramas, International Movies"
s6206,Movie,,Alejandro G. Iñárritu,France,2019-01-01,2006,R,143 min,"Dramas, Independent Movies"
s6207,Movie,,Shikha Makan,India,2018-03-01,2016,TV-MA,61 min,"Documentaries, International Movies"
s6208,Movie,,José Eduardo Belmonte,Brazil,2017-01-05,2016,NR,95 min,"Comedies, Dramas, International Movies"
s6209,Movie,,Adam MacDonald,Canada,2017-03-30,2014,NR,92 min,"Horror Movies, Independent Movies, Thrillers"
s6210,Movie,,Dave Patten,United States,2019-04-05,2019,TV-MA,97 min,"Dramas, Independent Movies, Thrillers"
s6211,Movie,,Michael Petroni,Australia,2018-12-25,2015,R,90 min,"Dramas, Thrillers"
s6212,Movie,,Michael Bay,United States,2019-10-01,1995,R,119 min,"Action & Adventure, Comedies"
s6213,Movie,,Michael Bay,United States,2019-10-01,2003,R,147 min,"Action & Adventure, Comedies"
s6215,Movie,,David Chirchirillo,Singapore,2018-03-11,2017,TV-MA,83 min,Thrillers
s6216,Movie,,Salima Koroma,United States,2017-08-21,2016,TV-MA,83 min,"Documentaries, Music & Musicals"
s6218,Movie,,"Sumitra Bhave, Sunil Sukthankar",India,2018-01-01,2006,TV-14,91 min,"Dramas, International Movies"
s6219,Movie,,Justin Lee,United States,2020-03-26,2019,TV-14,117 min,Dramas
s6221,Movie,,Simon Wells,United States,2018-04-01,1995,G,78 min,"Children & Family Movies, Dramas"
s6222,Movie,,Phil Weinstein,United States,2018-04-01,2001,G,75 min,Children & Family Movies
s6223,Movie,,Phil Weinstein,United States,2018-04-01,2004,G,78 min,Children & Family Movies
s6224,Movie,,Haissam Hussain,Pakistan,2018-03-01,2017,TV-MA,149 min,"International Movies, Romantic Movies"
s6225,Movie,,Burak Aksak,Turkey,2017-03-10,2015,TV-14,103 min,"Comedies, International Movies, Romantic Movies"
s6226,Movie,,Zoe Lister-Jones,United States,2019-04-12,2017,R,94 min,"Comedies, Dramas, Independent Movies"
s7133,Movie,,David Gelb,United States,2019-06-05,2011,PG,79 min,Documentaries
s6227,Movie,,"Aaron Nee, Adam Nee",United States,2016-04-15,2015,NR,95 min,"Action & Adventure, Comedies, Independent Movies"
s6228,Movie,,Tanit Jitnukul,Thailand,2018-07-25,2010,TV-MA,122 min,"Action & Adventure, International Movies"
s6230,Movie,,Manop Janjarasskul,Thailand,2018-09-14,2002,TV-MA,107 min,"Dramas, International Movies"
s6231,Movie,,Adisorn Tresirikasem,Thailand,2018-09-05,2009,TV-14,126 min,"Comedies, International Movies, Romantic Movies"
s6232,Movie,,Jordi Llompart,Spain,2018-09-01,2015,TV-MA,122 min,"Documentaries, International Movies, Sports Movies"
s6233,Movie,,Raja Menon,India,2019-12-31,2009,TV-14,95 min,"Dramas, International Movies"
s6234,Movie,,Matthew Salleh,Australia,2017-08-15,2017,TV-MA,101 min,"Documentaries, International Movies"
s6235,Movie,,Kyran Kelly,United States,2017-10-01,2013,TV-Y,74 min,Children & Family Movies
s6236,Movie,,Adam Wood,United States,2017-10-01,2010,TV-Y,74 min,Children & Family Movies
s6237,Movie,,Zeke Norton,United States,2017-10-01,2015,TV-Y,74 min,Children & Family Movies
s6238,Movie,,Karen J. Lloyd,United States,2017-10-01,2015,TV-Y,83 min,Children & Family Movies
s6239,Movie,,"Andrew Tan, Michael Goguen",United States,2017-10-01,2016,TV-Y,79 min,Children & Family Movies
s6240,Movie,,William Lau,United States,2017-10-01,2010,TV-Y7,72 min,Children & Family Movies
s6241,Movie,,Ezekiel Norton,United States,2017-10-01,2011,TV-Y,80 min,Children & Family Movies
s6242,Movie,,Conrad Helten,United States,2017-10-01,2016,TV-Y,75 min,Children & Family Movies
s6243,Movie,,Ezekiel Norton,United States,2017-10-01,2012,TV-Y,75 min,Children & Family Movies
s6244,Movie,,"Conrad Helten, Ezekiel Norton, Michael Goguen",United States,2017-10-01,2017,TV-Y,72 min,Children & Family Movies
s6245,Movie,,Kyle Newman,United States,2018-07-26,2015,PG-13,99 min,"Action & Adventure, Comedies"
s6246,Movie,,Esteban Vidal,Chile,2018-08-19,2013,TV-14,91 min,"Comedies, International Movies"
s6247,Movie,,Rajkumar Santoshi,India,2018-04-01,1995,TV-PG,166 min,"Action & Adventure, International Movies, Music & Musicals"
s6248,Movie,,David Zucker,United States,2018-11-01,1998,R,103 min,"Comedies, Sports Movies"
s6249,Movie,,Paul Verhoeven,United States,2020-10-01,1992,R,128 min,"Classic Movies, Thrillers"
s6252,Movie,,Dava Whisenant,United States,2019-05-09,2018,PG-13,87 min,"Documentaries, Music & Musicals"
s6255,Movie,,Hrishikesh Mukherjee,India,2019-12-31,1972,TV-PG,125 min,"Classic Movies, Comedies, Dramas"
s6256,Movie,,Sagar Sarhadi,India,2019-12-31,1982,TV-14,121 min,"Dramas, Independent Movies, International Movies"
s6257,Movie,,Lilibet Foster,United States,2017-02-28,2015,TV-MA,110 min,Documentaries
s6258,Movie,,Joshua Caldwell,United States,2019-11-20,2016,PG,88 min,"Comedies, Dramas, Romantic Movies"
s6260,Movie,,"Volker Arzt, Angelika Sigl",Germany,2017-03-01,2013,TV-G,52 min,"Documentaries, International Movies"
s6261,Movie,,Mel Smith,United Kingdom,2018-08-01,1997,PG-13,89 min,"Comedies, International Movies"
s6267,Movie,,Mike Judge,United States,2019-11-20,1996,PG-13,81 min,"Comedies, Cult Movies"
s6268,Movie,,Bruce W. Smith,United States,2019-11-20,1992,PG-13,73 min,Comedies
s6269,Movie,,"Agasyah Karim, Khalid Kashogi",Indonesia,2018-12-08,2008,TV-14,75 min,"Comedies, Dramas, International Movies"
s6270,Movie,,Khaled El Halafawy,Egypt,2019-04-18,2016,TV-14,99 min,"Comedies, International Movies"
s6271,Movie,,Julian Jarrold,United Kingdom,2019-01-12,2007,PG-13,121 min,"Dramas, Romantic Movies"
s6272,Movie,,Adam Shankman,United States,2019-03-05,2008,PG,100 min,"Children & Family Movies, Comedies"
s6273,Movie,,Fisher Stevens,United States,2018-02-01,2016,PG,97 min,Documentaries
s6274,Movie,,Keiko Yagi,Japan,2017-08-25,2015,TV-14,105 min,"Documentaries, International Movies"
s6275,Movie,,Katherine Fairfax Wright,United States,2018-04-05,2017,TV-MA,100 min,"Documentaries, LGBTQ Movies, Music & Musicals"
s6278,Movie,,Rajeev Chaudhari,India,2017-11-01,2016,TV-MA,115 min,"Dramas, International Movies, Romantic Movies"
s6279,Movie,,Anthony Wonke,United Kingdom,2016-08-15,2015,TV-14,99 min,"Documentaries, International Movies, Sports Movies"
s6281,Movie,,April Mullen,Canada,2017-08-01,2016,TV-MA,91 min,"Dramas, Independent Movies, International Movies"
s6283,Movie,,Adam Marino,United States,2019-06-08,2019,TV-MA,90 min,"Independent Movies, Thrillers"
s6284,Movie,,Joe Camp,United States,2018-03-06,2004,PG,100 min,"Children & Family Movies, Dramas"
s6285,Movie,,Joe Camp,United States,2018-10-03,1978,TV-G,25 min,Children & Family Movies
s6286,Movie,,Hakan Algül,Turkey,2017-03-10,2012,TV-14,99 min,"Comedies, International Movies, Sports Movies"
s6298,Movie,,Rajiv Chilaka,India,2019-05-10,2018,TV-Y,63 min,Children & Family Movies
s6289,Movie,,Ted Braun,United States,2017-06-01,2017,TV-PG,104 min,Documentaries
s6290,Movie,,Dharmesh Darshan,India,2019-07-21,2005,TV-PG,149 min,"Dramas, International Movies, Romantic Movies"
s6291,Movie,,Khaled Marei,Egypt,2019-06-20,2010,TV-14,112 min,"Comedies, International Movies, Romantic Movies"
s6288,Movie,,Tamer Bassiouni,Not Given,2019-06-06,2014,TV-14,98 min,"Comedies, International Movies"
s6293,Movie,,Sushrut Jain,United States,2017-04-01,2013,TV-14,98 min,"Documentaries, International Movies, Sports Movies"
s6294,Movie,,Majid Majidi,India,2018-08-10,2018,TV-14,120 min,"Dramas, Independent Movies, International Movies"
s6297,Movie,,Priyadarshan,India,2019-12-31,2006,TV-14,151 min,"Comedies, International Movies, Romantic Movies"
s6299,Movie,,Priyadarshan,India,2017-10-22,2007,TV-14,148 min,"Dramas, International Movies, Thrillers"
s6300,Movie,,Ram Gopal Varma,India,2019-12-31,2003,TV-MA,114 min,"Horror Movies, International Movies, Thrillers"
s6301,Movie,,Jasbir Bijendra Bhati,India,2017-12-01,2017,TV-14,123 min,"Dramas, Independent Movies, International Movies"
s6303,Movie,,Joey Kern,United States,2018-02-28,2017,TV-MA,87 min,Comedies
s6304,Movie,,Dennis Dugan,United States,2020-10-01,1999,PG-13,93 min,Comedies
s6306,Movie,,Shawn Levy,United States,2020-01-15,2002,PG,88 min,"Children & Family Movies, Comedies"
s6307,Movie,,Scott Martin,United States,2019-06-18,2018,R,126 min,Action & Adventure
s6308,Movie,,Kaspar Astrup Schröder,Denmark,2018-04-01,2017,TV-MA,90 min,Documentaries
s6309,Movie,,Ron Oliver,United States,2017-04-18,2017,PG,95 min,"Children & Family Movies, Comedies"
s6310,Movie,,Nick Broomfield,United Kingdom,2019-01-26,2002,R,108 min,"Documentaries, Music & Musicals"
s6311,Movie,,Shannon Hartman,United States,2017-11-10,2010,NR,65 min,Stand-Up Comedy
s6312,Movie,,Stephen Daldry,United Kingdom,2019-02-01,2000,R,110 min,"Dramas, Independent Movies, International Movies"
s6313,Movie,,"Vonda Harrell, Daniel Camenisch",United States,2019-02-28,2018,TV-PG,66 min,"Documentaries, Faith & Spirituality"
s6314,Movie,,Indrasis Acharya,India,2018-03-15,2017,TV-MA,127 min,"Dramas, International Movies"
s6315,Movie,,"Gajendra Ahire, Viju Mane, Girish Mohite, Ravi Jadhav",India,2018-08-15,2015,TV-14,131 min,"Dramas, International Movies, LGBTQ Movies"
s6316,Movie,,Emanuel Hoss-Desmarais,Canada,2018-06-28,2018,TV-MA,88 min,"Comedies, Independent Movies, International Movies"
s6317,Movie,,Marianna Palka,United States,2018-03-11,2017,R,97 min,"Comedies, Dramas, Independent Movies"
s6318,Movie,,Ham Tran,Vietnam,2017-09-02,2016,TV-14,116 min,"Action & Adventure, Comedies, International Movies"
s6320,TV Show,,Miguel Conde,Spain,2019-03-29,2018,TV-MA,1 Season,"Crime TV Shows, International TV Shows, TV Dramas"
s6321,Movie,,Supavitra Babul,India,2020-07-05,2012,TV-14,117 min,"Comedies, Dramas, International Movies"
s6322,Movie,,Mark Harris,United States,2019-07-12,2019,TV-MA,79 min,Dramas
s6323,Movie,,Ridley Scott,United States,2019-01-01,2001,R,144 min,"Action & Adventure, Dramas"
s6326,Movie,,Ryan Coogler,United States,2018-09-04,2018,PG-13,135 min,"Action & Adventure, Sci-Fi & Fantasy"
s6327,Movie,,Jesse Gustafson,United States,2017-08-09,2017,TV-MA,88 min,Action & Adventure
s6328,Movie,,Craig Brewer,United States,2019-11-20,2007,R,116 min,"Dramas, Independent Movies"
s6329,Movie,,Martin Hodara,Argentina,2017-07-01,2017,TV-MA,91 min,"Dramas, International Movies, Thrillers"
s6330,Movie,,Gabriela Cowperthwaite,United States,2020-05-01,2013,PG-13,83 min,Documentaries
s6331,Movie,,Daniel Alfredson,United States,2017-12-15,2015,PG-13,90 min,Thrillers
s6332,Movie,,Ethan Hawke,United States,2020-08-30,2018,R,129 min,"Dramas, Independent Movies, Music & Musicals"
s6333,Movie,,Ben Younger,United States,2020-04-11,2016,R,120 min,"Dramas, Sports Movies"
s6334,Movie,,Deane Taylor,Australia,2017-02-08,2015,PG,91 min,Children & Family Movies
s6335,Movie,,July Hygreck,France,2018-01-24,2017,TV-MA,85 min,"Comedies, Independent Movies, International Movies"
s6337,Movie,,Jean-François Richet,France,2020-03-26,2016,R,88 min,"Action & Adventure, International Movies"
s6338,Movie,,Ted Demme,United States,2019-10-01,2001,R,123 min,Dramas
s6339,Movie,,Abdellatif Kechiche,France,2016-08-26,2013,NC-17,180 min,"Dramas, Independent Movies, International Movies"
s6340,Movie,,Woody Allen,United States,2019-03-08,2013,PG-13,98 min,"Comedies, Dramas, Independent Movies"
s6341,Movie,,Lev L. Spiro,United States,2016-03-01,2016,R,90 min,Comedies
s6343,Movie,,Jeremy Saulnier,United States,2019-02-25,2013,R,90 min,"Independent Movies, Thrillers"
s6366,Movie,,Richard Sears,Canada,2020-05-28,2017,TV-MA,84 min,"Dramas, Independent Movies, Thrillers"
s6344,Movie,,Les Mayfield,Germany,2021-01-01,1999,PG-13,94 min,"Action & Adventure, Comedies"
s6345,Movie,,Derek Cianfrance,United States,2018-07-05,2010,R,112 min,"Dramas, Independent Movies, Romantic Movies"
s6346,Movie,,Barry Avrich,Canada,2017-12-31,2017,TV-MA,85 min,Documentaries
s6347,Movie,,Jeremy Kenyon Lockyer Corbell,United States,2019-06-18,2018,TV-MA,97 min,Documentaries
s6349,Movie,,Jay Surridge,Canada,2015-12-17,2015,TV-G,47 min,Children & Family Movies
s6350,Movie,,Elvira Lind,Denmark,2018-06-01,2017,TV-MA,99 min,Documentaries
s6351,Movie,,Raj Kapoor,India,2019-12-31,1973,TV-14,168 min,"Classic Movies, Dramas, International Movies"
s6352,Movie,,"Gabriel Clarke, Torquil Jones",United Kingdom,2018-12-01,2018,TV-14,99 min,"Documentaries, International Movies, Sports Movies"
s6353,Movie,,Brendan Byrne,Ireland,2017-09-28,2016,TV-14,106 min,Documentaries
s6354,Movie,,"Geoffrey Orthwein, Andrew Sullivan",United States,2017-06-22,2017,TV-14,92 min,"Dramas, Independent Movies, Sci-Fi & Fantasy"
s6355,Movie,,"Byron Howard, Chris Williams",United States,2018-07-22,2008,PG,99 min,"Children & Family Movies, Comedies"
s6356,Movie,,Alexandra Dean,United States,2018-05-31,2017,TV-14,89 min,Documentaries
s6357,Movie,,Jelle de Jonge,Netherlands,2016-09-01,2015,TV-MA,88 min,"Comedies, International Movies"
s6359,Movie,,Arthur Penn,United States,2021-01-01,1967,R,111 min,"Action & Adventure, Classic Movies, Dramas"
s6360,Movie,,Kaizad Gustad,India,2018-03-01,2003,TV-MA,79 min,"Action & Adventure, Dramas, International Movies"
s6363,Movie,,"Gary Cohen, Ross Hockrow",United States,2017-12-31,2017,TV-MA,86 min,"Documentaries, Sports Movies"
s6364,Movie,,Gayane Petrosyan,United Kingdom,2017-04-01,2016,TV-14,74 min,"Documentaries, International Movies"
s6367,Movie,,Alê Abreu,Brazil,2017-10-01,2013,PG,80 min,Children & Family Movies
s6368,Movie,,Chris Stokes,United States,2019-04-02,2016,TV-MA,86 min,"Comedies, Romantic Movies"
s6370,Movie,,Michael Doneger,United States,2019-04-19,2018,TV-MA,90 min,"Dramas, Romantic Movies, Sports Movies"
s6371,Movie,,Sean McNamara,United States,2020-06-29,2007,PG,102 min,"Children & Family Movies, Comedies"
s6372,TV Show,,Cecilia Peck,United States,2018-02-17,2013,TV-14,1 Season,"Crime TV Shows, Docuseries"
s6373,Movie,,Jody Lambert,United States,2017-12-15,2016,TV-MA,92 min,"Comedies, Independent Movies"
s6375,Movie,,Sridhar Rangayan,India,2017-12-15,2015,TV-MA,81 min,"Documentaries, International Movies, LGBTQ Movies"
s6376,Movie,,Simon Baker,Australia,2018-12-05,2018,TV-MA,116 min,"Dramas, Sports Movies"
s6377,Movie,,Rian Johnson,United States,2018-09-01,2005,R,110 min,"Independent Movies, Thrillers"
s6378,Movie,,Robert Adetuyi,United States,2017-08-29,2017,PG-13,95 min,Comedies
s6380,Movie,,Antoine Fuqua,United States,2018-10-01,2009,R,133 min,"Dramas, Thrillers"
s6381,Movie,,Lu Yang,China,2018-11-28,2017,TV-MA,120 min,"Action & Adventure, International Movies"
s6383,Movie,,Vivieno Caldinelli,Canada,2017-06-24,2016,TV-PG,91 min,"Children & Family Movies, Comedies"
s6384,Movie,,Vivieno Caldinelli,Canada,2017-07-01,2017,TV-PG,90 min,"Children & Family Movies, Comedies"
s6385,Movie,,Vivieno Caldinelli,Canada,2017-06-24,2017,TV-PG,90 min,"Children & Family Movies, Comedies"
s6387,Movie,,Mike Wiluan,Indonesia,2019-04-12,2018,TV-MA,103 min,"Action & Adventure, International Movies"
s6388,Movie,,Andreas Johnsen,Netherlands,2018-02-20,2016,TV-G,73 min,"Documentaries, International Movies"
s6389,Movie,,David McCracken,United States,2019-06-01,2018,TV-MA,98 min,"Independent Movies, Thrillers"
s6391,Movie,,Steve Antin,United States,2019-12-16,2010,PG-13,119 min,"Dramas, Romantic Movies"
s6392,Movie,,Jon Manning,United States,2017-06-01,2017,TV-MA,76 min,Documentaries
s6393,Movie,,Lee Chang-dong,South Korea,2019-04-29,2018,TV-MA,148 min,"Dramas, Independent Movies, International Movies"
s6395,Movie,,"Cary Murnion, Jonathan Milott",United States,2017-11-24,2017,TV-MA,94 min,"Action & Adventure, Independent Movies"
s6396,Movie,,Daniel Mann,United States,2019-11-01,1960,TV-14,108 min,"Classic Movies, Dramas, Romantic Movies"
s6397,Movie,,Daniele Thompson,Belgium,2017-09-07,2016,R,114 min,"Dramas, Independent Movies, International Movies"
s6398,Movie,,Travis Zariwny,United States,2019-06-06,2016,R,98 min,"Horror Movies, Thrillers"
s6400,Movie,,Angga Dwimas Sasongko,Indonesia,2018-10-05,2014,TV-14,151 min,"Dramas, International Movies, Sports Movies"
s6401,Movie,,Néstor Sánchez Sotelo,Argentina,2017-01-20,2016,TV-MA,78 min,"Comedies, International Movies, Romantic Movies"
s6403,Movie,,Asim Abbasi,United Kingdom,2019-05-15,2018,TV-MA,125 min,"Comedies, Dramas, International Movies"
s6404,Movie,,Madhur Bhandarkar,India,2017-10-15,2015,TV-14,126 min,"Dramas, International Movies"
s6406,Movie,,Momoko Kamiya,Not Given,2018-11-01,2017,TV-Y,11 min,Children & Family Movies
s6407,Movie,,Momoko Kamiya,Not Given,2018-11-01,2017,TV-Y,22 min,Children & Family Movies
s6409,TV Show,,Carlos Bolado,Mexico,2017-02-01,2014,TV-14,1 Season,"Crime TV Shows, Romantic TV Shows, Spanish-Language TV Shows"
s6410,Movie,,Scott Marshall Smith,United States,2017-08-20,2016,TV-MA,104 min,"Comedies, Dramas"
s6411,Movie,,Lisa Arnold,United States,2018-01-01,2017,TV-G,104 min,"Children & Family Movies, Comedies, Dramas"
s6413,Movie,,Peter Sattler,United States,2017-01-14,2014,R,117 min,"Dramas, Independent Movies"
s6415,Movie,,"Harry Elfont, Deborah Kaplan",United States,2021-01-01,1998,PG-13,101 min,"Comedies, Romantic Movies"
s6416,Movie,,Bernard Rose,United States,2019-10-01,1992,R,99 min,"Cult Movies, Horror Movies"
s6418,Movie,,Justin Pemberton,France,2020-09-08,2019,TV-14,103 min,Documentaries
s6419,Movie,,Noushad,India,2018-07-01,2017,TV-PG,126 min,"Comedies, Dramas, International Movies"
s6420,Movie,,Mark O'Connor,Ireland,2018-09-15,2016,TV-MA,92 min,"Dramas, International Movies"
s6422,Movie,,Chito S. Roño,Philippines,2019-03-05,2008,TV-14,131 min,"Dramas, International Movies"
s6423,Movie,,Todd Haynes,United Kingdom,2020-10-20,2015,R,119 min,"Dramas, LGBTQ Movies, Romantic Movies"
s6424,Movie,,Brian De Palma,United States,2019-06-01,1976,R,98 min,"Classic Movies, Cult Movies, Horror Movies"
s6425,Movie,,"Àlex Pastor, David Pastor",United States,2019-11-20,2009,PG-13,85 min,"Horror Movies, Sci-Fi & Fantasy, Thrillers"
s6426,Movie,,Matt Piedmont,United States,2012-11-14,2012,R,84 min,Comedies
s6428,Movie,,Martin Campbell,United Kingdom,2020-08-31,2006,PG-13,145 min,Action & Adventure
s6429,Movie,,Wong Jing,Hong Kong,2018-08-01,1992,TV-MA,125 min,"Action & Adventure, Dramas, International Movies"
s6430,Movie,,Wong Jing,Hong Kong,2018-08-16,1992,TV-MA,108 min,"Action & Adventure, Dramas, International Movies"
s6432,Movie,,Richard Brooks,United States,2019-11-01,1958,NR,108 min,"Classic Movies, Dramas"
s6433,Movie,,Shalini Kantayya,China,2016-04-22,2015,TV-14,74 min,Documentaries
s6434,Movie,,Brad Peyton,United States,2019-02-01,2010,PG,82 min,"Children & Family Movies, Comedies"
s6435,Movie,,"Aaron Hancox, Michael McNamara",Canada,2019-01-07,2018,TV-PG,75 min,"Documentaries, International Movies"
s6436,Movie,,Henrik Martin Dahlsbakken,Norway,2017-06-15,2016,TV-MA,77 min,"Action & Adventure, International Movies, Thrillers"
s6437,Movie,,Shivendra Singh Dungarpur,India,2017-04-01,2012,TV-PG,156 min,"Documentaries, International Movies"
s6438,Movie,,Nicholas Hytner,United States,2020-01-01,2000,PG-13,116 min,Dramas
s6439,Movie,,Harry Baweja,India,2018-11-01,2014,TV-PG,126 min,"Dramas, Faith & Spirituality, International Movies"
s6440,Movie,,Aatmaram Dharne,India,2018-03-15,2010,TV-14,129 min,"Comedies, Dramas, International Movies"
s6441,Movie,,David Dhawan,India,2019-12-31,2000,TV-14,132 min,"Comedies, International Movies, Romantic Movies"
s6442,Movie,,Umer Adil,Pakistan,2018-05-15,2017,TV-14,118 min,"Comedies, Dramas, International Movies"
s6443,Movie,,Arne Birkenstock,Germany,2017-03-01,2010,TV-G,87 min,"Documentaries, International Movies"
s6444,Movie,,Dianne Dreyer,United States,2020-03-01,2018,PG,95 min,Dramas
s6445,Movie,,Garin Nugroho,Indonesia,2019-01-05,2016,TV-14,86 min,"Dramas, International Movies, Romantic Movies"
s6446,Movie,,John Curran,United States,2018-10-01,2017,PG-13,106 min,Dramas
s6447,Movie,,Tim Burton,United Kingdom,2020-01-01,2005,PG,115 min,"Children & Family Movies, Comedies"
s6448,Movie,,McG,United States,2019-10-01,2003,PG-13,106 min,"Action & Adventure, Comedies"
s6449,Movie,,"Charles A. Nichols, Iwao Takamoto",United States,2019-11-23,1973,G,94 min,"Children & Family Movies, Classic Movies"
s6450,Movie,,David Dhawan,India,2017-05-01,2013,TV-PG,121 min,"Comedies, International Movies, Music & Musicals"
s6451,Movie,,Kevin Smith,United States,2020-01-01,1997,R,113 min,"Comedies, Cult Movies, Dramas"
s6462,Movie,,"Sidheswar Shukla, Asit Mohapatra",Not Given,2019-05-10,2018,TV-Y7,63 min,Movies
s6453,Movie,,"Wong Jing, Jason Kwan",Hong Kong,2018-04-19,2017,TV-MA,129 min,"Action & Adventure, Dramas, International Movies"
s6454,Movie,,John Scheinfeld,United States,2017-11-13,2016,TV-PG,99 min,"Documentaries, Music & Musicals"
s6455,Movie,,Gurvinder Singh,India,2017-02-01,2015,TV-14,116 min,"Dramas, Independent Movies, International Movies"
s6463,Movie,,"Asit Mohapatra, Shyamal Chaulia",Not Given,2019-05-10,2018,TV-Y7,62 min,Children & Family Movies
s6464,Movie,,"Shyamal Chaulia, Asit Mohapatra",Not Given,2019-05-10,2018,TV-Y7,62 min,Movies
s6459,Movie,,Bradley Parker,United States,2018-08-01,2012,R,88 min,"Horror Movies, Thrillers"
s6465,Movie,,"Rajiv Chilaka, Binayak Das",India,2019-08-15,2019,TV-Y7,112 min,Children & Family Movies
s6466,Movie,,Anuranjan Premji,India,2018-07-01,2017,TV-14,113 min,"Comedies, International Movies"
s6467,Movie,,Mark Dindal,United States,2016-03-16,2005,G,82 min,"Children & Family Movies, Comedies"
s6468,Movie,,Niyi Akinmolayan,Nigeria,2019-03-15,2018,TV-MA,98 min,"Comedies, Dramas, International Movies"
s6469,Movie,,Tom Holland,United States,2019-12-31,1988,R,87 min,"Cult Movies, Horror Movies"
s6472,Movie,,Luis Lopez,Not Given,2017-06-01,2017,TV-MA,63 min,Stand-Up Comedy
s6471,Movie,,Tan Bing,China,2018-09-24,2017,TV-MA,111 min,"Action & Adventure, International Movies"
s6473,Movie,,Bedabrata Pain,United States,2018-01-01,2012,NR,105 min,"Dramas, Independent Movies, International Movies"
s6474,Movie,,Ken Hughes,United Kingdom,2020-01-01,1968,G,146 min,"Children & Family Movies, Classic Movies, Comedies"
s6475,Movie,,Atom Egoyan,United States,2020-01-01,2009,R,96 min,"Independent Movies, Thrillers"
s6476,Movie,,Andrew Sandler,United States,2017-10-07,2017,TV-MA,80 min,"Documentaries, Music & Musicals"
s6477,Movie,,Corbin Bernsen,United States,2019-06-06,2014,PG,99 min,"Comedies, Faith & Spirituality, Romantic Movies"
s6479,Movie,,Marita Grabiak,Canada,2019-11-04,2012,TV-PG,87 min,"Comedies, Romantic Movies"
s6480,Movie,,Gary Wheeler,United States,2019-03-01,2015,TV-G,88 min,"Children & Family Movies, Dramas, Romantic Movies"
s6481,Movie,,Joe Roth,United States,2019-01-01,2004,PG,99 min,"Children & Family Movies, Comedies"
s6482,Movie,,Marc Forster,United States,2019-03-05,2018,PG,104 min,"Children & Family Movies, Comedies, Dramas"
s6483,Movie,,Israel Adrián Caetano,Argentina,2018-06-15,2006,R,104 min,"Dramas, International Movies, Thrillers"
s6485,Movie,,Mohsin Ali,Pakistan,2019-01-15,2017,TV-14,118 min,"Comedies, International Movies"
s6486,Movie,,Hrishikesh Mukherjee,India,2019-12-31,1975,TV-PG,127 min,"Classic Movies, Comedies, International Movies"
s6487,Movie,,Paul Weitz,United States,2018-04-16,2009,PG-13,109 min,"Action & Adventure, Horror Movies, Sci-Fi & Fantasy"
s6489,Movie,,"Fernando Meirelles, Katia Lund",Brazil,2020-01-01,2002,R,130 min,"Dramas, Independent Movies, International Movies"
s6490,Movie,,Pete Travis,United Kingdom,2017-07-21,2016,TV-MA,110 min,"Dramas, International Movies, Thrillers"
s6492,Movie,,Nick Mead,United States,2019-11-14,2019,TV-MA,88 min,"Documentaries, Music & Musicals"
s6493,Movie,,Louis Leterrier,United States,2019-08-01,2010,PG-13,106 min,"Action & Adventure, Sci-Fi & Fantasy"
s6494,Movie,,Gregory Hoblit,United States,2018-04-01,1993,TV-PG,91 min,Dramas
s6495,Movie,,Eric Stoltz,United States,2018-09-18,2018,TV-MA,103 min,Comedies
s6497,Movie,,Jack Starrett,United States,2019-11-01,1973,PG,89 min,"Action & Adventure, Classic Movies"
s6498,Movie,,Frank Coraci,United States,2020-01-01,2006,PG-13,108 min,"Comedies, Sci-Fi & Fantasy"
s6500,Movie,,Chris Perkel,United States,2019-09-17,2017,TV-MA,124 min,"Documentaries, Music & Musicals"
s6501,Movie,,John Crowley,United Kingdom,2017-10-16,2013,R,96 min,"Dramas, Thrillers"
s6502,Movie,,"Lilly Wachowski, Lana Wachowski, Tom Tykwer",Germany,2017-08-01,2012,R,172 min,"Action & Adventure, Cult Movies, Dramas"
s6503,Movie,,Olivier Assayas,France,2017-02-12,2014,R,124 min,"Dramas, International Movies"
s6504,Movie,,Matt Reeves,United States,2020-01-01,2008,PG-13,85 min,"Action & Adventure, Horror Movies, Sci-Fi & Fantasy"
s6511,Movie,,Thomas Carter,United States,2020-01-01,2005,PG-13,137 min,"Dramas, Sports Movies"
s6512,Movie,,Les Mayfield,United States,2019-11-01,2007,PG-13,91 min,"Action & Adventure, Comedies"
s6513,Movie,,Vishal Mishra,India,2017-11-01,2017,TV-PG,120 min,"Comedies, Independent Movies, International Movies"
s6516,Movie,,Saurav Palodhi,India,2017-03-30,2016,TV-14,118 min,"Comedies, Dramas, Independent Movies"
s6517,Movie,,Florian Gallenberger,Germany,2018-07-14,2015,R,110 min,"Dramas, Independent Movies, International Movies"
s6518,Movie,,Ketan Mehta,India,2018-05-25,2008,TV-14,114 min,"Dramas, International Movies"
s6519,Movie,,Zack Whedon,Canada,2019-09-18,2016,R,112 min,"Dramas, Thrillers"
s6522,Movie,,Robert Kenner,United States,2017-05-15,2017,TV-PG,92 min,Documentaries
s6523,Movie,,Ram Gopal Varma,India,2018-03-01,2002,TV-MA,137 min,"Action & Adventure, Dramas, International Movies"
s6524,Movie,,Craig Goodwill,United Kingdom,2018-10-04,2016,TV-MA,84 min,"Dramas, Thrillers"
s6526,Movie,,"Jesse Adang, Syrine Boulanouar",Czech Republic,2017-09-01,2016,TV-MA,52 min,"Documentaries, International Movies, Sports Movies"
s6527,Movie,,Stacie Passon,United States,2018-08-02,2013,R,96 min,"Dramas, Independent Movies, LGBTQ Movies"
s6528,Movie,,Van M. Pham,Vietnam,2018-08-28,2014,TV-MA,112 min,"Horror Movies, International Movies, Thrillers"
s6529,Movie,,Gavin Fitzgerald,Ireland,2018-03-21,2017,R,90 min,"Documentaries, Sports Movies"
s6530,Movie,,Ozan Açıktan,Turkey,2019-10-25,2014,TV-MA,106 min,"Dramas, International Movies, Thrillers"
s6531,Movie,,Ram Gopal Varma,India,2019-03-02,2008,TV-14,116 min,"Action & Adventure, Dramas, Independent Movies"
s6532,Movie,,Abdul Aziz Hashad,Not Given,2019-06-13,2014,TV-14,97 min,"Dramas, International Movies"
s6534,Movie,,Stuart Rosenberg,United States,2021-01-01,1967,TV-14,127 min,"Classic Movies, Dramas"
s6535,Movie,,Jon Rosenbaum,Canada,2017-08-17,2017,PG,96 min,"Children & Family Movies, Comedies"
s6537,Movie,,Henry Selick,United States,2017-03-16,2009,PG,101 min,Children & Family Movies
s6538,Movie,,Jason Bourque,Canada,2018-07-01,2018,TV-14,88 min,"Dramas, Thrillers"
s6536,Movie,,Ben Steele,Not Given,2017-08-01,2016,TV-MA,45 min,"Documentaries, International Movies"
s6540,Movie,,"Micah Bickham, Galley Molina",United States,2016-03-31,2016,TV-G,75 min,"Documentaries, Faith & Spirituality, Music & Musicals"
s6541,Movie,,Paul Haggis,United States,2019-10-01,2004,R,112 min,"Dramas, Independent Movies"
s6542,Movie,,Kranti Kanade,India,2019-04-29,2016,TV-MA,110 min,"Comedies, Dramas, Independent Movies"
s6544,Movie,,Ang Lee,Taiwan,2019-03-01,2000,PG-13,120 min,"Action & Adventure, International Movies, Romantic Movies"
s6545,Movie,,Don Mancini,United States,2017-10-03,2017,R,90 min,Horror Movies
s6546,Movie,,Zachary Heinzerling,United States,2018-06-14,2013,R,82 min,Documentaries
s6547,Movie,,Chandrakant Kanse,India,2018-02-15,2015,TV-14,118 min,"Action & Adventure, Dramas, International Movies"
s6548,Movie,,Hasan Karacadağ,Turkey,2019-04-17,2015,TV-MA,153 min,"Horror Movies, International Movies"
s6549,Movie,,Gary David Goldberg,United States,2018-04-01,1989,PG,117 min,Dramas
s6551,Movie,,Steve Carr,United States,2019-01-01,2003,PG,93 min,"Children & Family Movies, Comedies"
s6552,Movie,,Amara Cash,United States,2019-09-20,2019,TV-MA,82 min,"Dramas, Independent Movies, LGBTQ Movies"
s6553,Movie,,Pablo Parés,Argentina,2016-12-20,2015,NR,115 min,"Action & Adventure, Horror Movies, International Movies"
s6554,Movie,,Johnson Esthappan,India,2018-07-01,2017,TV-14,151 min,"Dramas, International Movies"
s6555,Movie,,Raj Amit Kumar,United States,2018-04-01,2015,TV-MA,103 min,"Dramas, Independent Movies, International Movies"
s6556,Movie,,Jean-Marc Vallée,United States,2018-01-16,2013,R,117 min,"Dramas, Independent Movies, LGBTQ Movies"
s6558,Movie,,Jeffrey Walker,Germany,2018-07-02,2017,TV-PG,100 min,"Dramas, International Movies"
s6559,Movie,,Philipp Eichholtz,Germany,2017-04-01,2016,TV-MA,70 min,"Dramas, Independent Movies, International Movies"
s6562,Movie,,Brendan Toller,United States,2017-03-02,2015,TV-MA,103 min,"Documentaries, Music & Musicals"
s6563,Movie,,Roger Donaldson,United States,2019-09-01,1997,PG-13,108 min,Action & Adventure
s6565,Movie,,Agnidev Chatterjee,India,2017-12-15,2016,TV-MA,91 min,"Dramas, International Movies, Thrillers"
s6566,Movie,,Alexandros Avranas,United Kingdom,2019-10-15,2016,R,93 min,"Dramas, Thrillers"
s6567,Movie,,Gilles Paquet-Brenner,United States,2018-07-26,2015,R,113 min,"Dramas, International Movies, Thrillers"
s6648,Movie,,Greg MacGillivray,United States,2018-07-01,2017,TV-G,42 min,Documentaries
s6568,Movie,,Prawal Raman,India,2019-08-01,2003,TV-MA,116 min,"Horror Movies, International Movies, Thrillers"
s6570,Movie,,Parveen Kumar,India,2017-10-15,2016,TV-14,121 min,"Dramas, International Movies"
s6571,Movie,,Julie Dash,United Kingdom,2017-06-10,1991,NR,112 min,"Classic Movies, Dramas, Independent Movies"
s6574,Movie,,Amman Abbasi,United States,2018-01-11,2017,TV-MA,76 min,"Dramas, Independent Movies"
s6575,Movie,,"Dylan Haegens, Bas van Teylingen",Netherlands,2019-04-17,2018,TV-PG,81 min,"Comedies, International Movies"
s6576,Movie,,"Noah Baumbach, Jake Paltrow",United States,2018-11-21,2015,R,110 min,Documentaries
s6577,Movie,,Tom Edmunds,United Kingdom,2019-03-01,2018,TV-MA,90 min,Comedies
s6578,Movie,,Tanveer Khan,India,2019-12-31,2006,TV-14,97 min,"Independent Movies, International Movies, Thrillers"
s6579,Movie,,Danny J. Boyle,United States,2019-02-15,2018,TV-14,86 min,"Dramas, Thrillers"
s6580,Movie,,Demetri Martin,United States,2020-03-15,2016,PG-13,94 min,"Comedies, Dramas, Independent Movies"
s6581,Movie,,Tanuj Bhramar,India,2019-03-02,2016,TV-14,83 min,"Comedies, Dramas, Independent Movies"
s6582,Movie,,Chad Van De Keere,United States,2016-02-18,2012,TV-Y7-FV,43 min,"Children & Family Movies, Comedies"
s6583,Movie,,Jason Priestley,Canada,2019-11-04,2011,TV-PG,92 min,"Comedies, Romantic Movies"
s6584,Movie,,Neil LaBute,United States,2020-08-01,2010,R,93 min,Comedies
s6585,Movie,,Harrison Smith,United States,2019-05-05,2017,R,88 min,Horror Movies
s6586,Movie,,Clay Porter,United Kingdom,2018-03-01,2017,TV-MA,53 min,"International Movies, Sports Movies"
s6595,Movie,,Frederick Cipoletti,Not Given,2020-02-06,2018,TV-MA,88 min,"Dramas, Thrillers"
s6589,Movie,,Anees Bazmee,India,2020-01-03,2002,TV-MA,156 min,"International Movies, Thrillers"
s6590,Movie,,"Ken Burns, Artemis Joukowsky",United States,2017-05-01,2016,TV-14,79 min,Documentaries
s6591,Movie,,Dennis Iliadis,United States,2018-09-01,2018,R,96 min,"Horror Movies, Thrillers"
s6592,Movie,,Camilla Nielsson,Denmark,2016-04-25,2014,NR,99 min,"Documentaries, International Movies"
s6593,Movie,,Christian Gudegast,United States,2020-05-01,2018,R,140 min,Action & Adventure
s6594,Movie,,Ted Demme,United States,2017-08-08,1992,R,62 min,Stand-Up Comedy
s6596,Movie,,Sam Patton,United States,2018-05-08,2017,TV-MA,76 min,"Horror Movies, Thrillers"
s6597,Movie,,Mohamed Samy,Egypt,2019-08-05,2017,TV-14,99 min,"Action & Adventure, International Movies"
s6598,Movie,,Christopher Smith,United Kingdom,2017-05-25,2016,R,97 min,Thrillers
s6599,Movie,,Michael Feifer,United States,2019-09-13,2019,TV-14,87 min,Thrillers
s6600,Movie,,Saara Cantell,Finland,2017-06-01,2016,TV-MA,108 min,"Dramas, International Movies"
s6601,Movie,,Clay Staub,Canada,2020-07-16,2017,TV-MA,94 min,"Horror Movies, Sci-Fi & Fantasy, Thrillers"
s6603,Movie,,"Sumitra Bhave, Sunil Sukthankar",India,2018-01-01,2004,TV-PG,123 min,"Dramas, International Movies"
s6605,Movie,,Indra Kumar,India,2019-12-31,2007,TV-14,128 min,"Action & Adventure, Comedies, International Movies"
s6606,Movie,,Hark Tsui,China,2019-02-06,2018,TV-14,132 min,"Action & Adventure, International Movies, Sci-Fi & Fantasy"
s6607,Movie,,Ben Ryder,United Kingdom,2017-07-28,2017,TV-PG,93 min,Documentaries
s6609,Movie,,Benoît Jacquot,France,2016-12-03,2015,NR,96 min,"Dramas, International Movies"
s6610,Movie,,Lee Tamahori,United Kingdom,2019-12-31,2002,PG-13,133 min,Action & Adventure
s6611,Movie,,Kundan Shah,India,2018-04-01,2002,TV-14,176 min,"Dramas, International Movies, Music & Musicals"
s6613,Movie,,Jay Roach,United States,2020-01-01,2010,PG-13,115 min,Comedies
s6615,Movie,,Chia-Liang Liu,Hong Kong,2018-08-16,1985,TV-14,90 min,"Action & Adventure, International Movies"
s6616,Movie,,Todd Standing,United States,2017-12-15,2017,TV-MA,111 min,Documentaries
s6617,Movie,,Benjamin Arfmann,United States,2018-02-19,2017,TV-14,87 min,Thrillers
s6618,Movie,,Neill Blomkamp,South Africa,2019-11-04,2009,R,112 min,"Action & Adventure, International Movies, Sci-Fi & Fantasy"
s6620,Movie,,David Lean,United States,2019-11-01,1965,PG-13,200 min,"Classic Movies, Dramas, Romantic Movies"
s6621,Movie,,Paul Schrader,United States,2016-12-31,2016,TV-MA,93 min,"Dramas, Thrillers"
s6622,Movie,,Philip Marlatt,United States,2019-06-05,2019,TV-PG,90 min,Children & Family Movies
s6623,Movie,,Charles Martin Smith,United States,2019-02-25,2014,PG,107 min,"Children & Family Movies, Dramas"
s6624,Movie,,Brian De Palma,Denmark,2019-09-28,2019,R,89 min,"International Movies, Thrillers"
s6625,Movie,,"Mahin Ibrahim, Austin Kolodney, Will Lowell, David Beier, Dave Dorsey, Xu Zhang, Alana Waksman, Jon YonKondy, Drue Metz, Brandon Somerhalder",United States,2018-01-05,2015,TV-14,83 min,"Comedies, Independent Movies"
s6626,Movie,,Jared Hess,United States,2020-03-01,2015,PG-13,96 min,Comedies
s6627,Movie,,Troy Nixey,United States,2019-11-02,2010,R,99 min,Horror Movies
s6628,Movie,,Thierry Donard,France,2020-06-12,2015,TV-MA,95 min,"Action & Adventure, Documentaries, International Movies"
s6629,Movie,,Thierry Donard,France,2020-06-12,2016,TV-MA,88 min,"Action & Adventure, Documentaries, International Movies"
s6630,Movie,,Thierry Donard,France,2020-06-12,2017,TV-14,94 min,"Action & Adventure, Documentaries, International Movies"
s6631,Movie,,Caradog W. James,United Kingdom,2019-02-08,2016,R,93 min,"Horror Movies, International Movies"
s6632,Movie,,Daniel Gordon,United Kingdom,2017-04-01,2016,TV-MA,93 min,"Documentaries, International Movies"
s6633,Movie,,Mike Birbiglia,United States,2017-05-01,2016,R,92 min,"Comedies, Dramas, Independent Movies"
s6634,Movie,,Mike Newell,United States,2020-01-01,1997,R,127 min,"Dramas, Thrillers"
s6635,Movie,,Andrzej Bartkowiak,United Kingdom,2020-11-01,2005,R,105 min,"Action & Adventure, Horror Movies, Sci-Fi & Fantasy"
s6646,Movie,,Rajiv Chilaka,India,2019-06-18,2018,TV-Y,68 min,Children & Family Movies
s6637,Movie,,Wong Jing,Hong Kong,2018-08-01,1989,TV-14,94 min,"Action & Adventure, Comedies, International Movies"
s6638,Movie,,John Patrick Shanley,United States,2019-03-07,2008,PG-13,104 min,"Dramas, Faith & Spirituality"
s6639,Movie,,M.J. Isakson,United States,2018-01-15,2017,TV-PG,94 min,Documentaries
s6640,Movie,,Bo Welch,United States,2019-05-01,2003,PG,82 min,"Children & Family Movies, Comedies"
s6641,Movie,,"Scott Mosier, Yarrow Cheney",France,2019-06-05,2018,PG,86 min,"Children & Family Movies, Comedies"
s6642,Movie,,Rob Cohen,United States,2020-01-01,1996,PG-13,103 min,"Action & Adventure, Sci-Fi & Fantasy"
s6643,Movie,,Colin Teague,United States,2020-01-01,2015,PG-13,97 min,"Action & Adventure, Sci-Fi & Fantasy"
s6644,Movie,,Doug Lefler,United States,2020-01-01,2000,PG,84 min,"Action & Adventure, Sci-Fi & Fantasy"
s6645,Movie,,Patrik Syversen,United States,2017-06-13,2017,PG-13,98 min,"Action & Adventure, Sci-Fi & Fantasy"
s6649,Movie,,Tristan Ferland Milewski,Germany,2017-12-01,2017,TV-MA,92 min,"Documentaries, International Movies, LGBTQ Movies"
s6650,Movie,,Reiner Holzemer,Germany,2018-01-01,2017,TV-PG,89 min,"Documentaries, International Movies"
s6654,Movie,,Afia Nathaniel,Pakistan,2016-09-01,2014,TV-14,93 min,"Dramas, Independent Movies, International Movies"
s6655,Movie,,Eeshwar Nivas,India,2018-03-01,2003,TV-14,162 min,"Action & Adventure, Dramas, International Movies"
s6656,Movie,,Troy Miller,United States,2019-10-01,2003,PG-13,85 min,Comedies
s6657,Movie,,Emma Hatherley,United Kingdom,2019-02-01,2016,TV-14,52 min,Documentaries
s6658,Movie,,Dave Green,United States,2019-10-01,2014,PG,91 min,"Children & Family Movies, Sci-Fi & Fantasy"
s6662,Movie,,Anthony Lucero,United States,2020-09-15,2015,PG,106 min,Dramas
s6663,Movie,,Will Gluck,United States,2020-11-01,2010,PG-13,92 min,"Comedies, Romantic Movies"
s6665,Movie,,Ryan Murphy,United States,2019-09-10,2010,PG-13,140 min,"Dramas, Romantic Movies"
s6666,Movie,,Bruce Gowers,United States,2018-04-15,1983,TV-MA,69 min,Stand-Up Comedy
s6667,Movie,,Ajithkumar,India,2018-09-15,2018,TV-14,153 min,"Dramas, International Movies, Romantic Movies"
s6668,Movie,,Harjit Singh,India,2017-12-01,2015,TV-14,124 min,"Dramas, International Movies"
s6669,Movie,,"Sumitra Bhave, Sunil Sukthankar",India,2018-03-15,2009,TV-PG,120 min,"Dramas, Independent Movies, International Movies"
s6670,Movie,,Sriram Raghavan,India,2019-08-01,2004,TV-MA,134 min,"Dramas, International Movies, Thrillers"
s6671,Movie,,Philipp Stölzl,United States,2018-02-04,2012,R,105 min,Action & Adventure
s6676,Movie,,Matías Gueilburt,Venezuela,2017-10-15,2017,TV-14,119 min,"Documentaries, International Movies"
s6678,Movie,,Justin Webster,Spain,2017-04-08,2017,TV-14,106 min,"Documentaries, International Movies"
s6681,Movie,,Bassam Kurdali,Netherlands,2018-08-23,2006,TV-MA,196 min,"International Movies, Sci-Fi & Fantasy"
s6682,Movie,,John Bridcut,United Kingdom,2017-05-22,2016,TV-G,90 min,Documentaries
s6683,Movie,,Sebastian Gutierrez,United States,2020-08-01,2019,R,109 min,"Dramas, Sci-Fi & Fantasy"
s6684,Movie,,"Fabien Beziat, Hugues Nancy",France,2017-12-31,2014,TV-14,93 min,"Documentaries, International Movies"
s6687,Movie,,Jon Spira,United Kingdom,2016-09-06,2015,TV-PG,102 min,Documentaries
s6688,Movie,,Michael Thelin,United States,2018-08-02,2016,TV-MA,82 min,"Horror Movies, Thrillers"
s6689,Movie,,Riri Riza,Indonesia,2018-10-05,2016,TV-PG,74 min,"Dramas, International Movies"
s6685,Movie,,"Hugues Nancy, Fabien Beziat",Not Given,2018-03-01,2015,TV-MA,92 min,"Documentaries, International Movies"
s6686,Movie,,Nils Tavernier,Not Given,2017-12-31,2016,TV-PG,49 min,"Documentaries, International Movies"
s6680,Movie,,Federico Lemos,Not Given,2017-10-18,2016,TV-PG,79 min,"Children & Family Movies, Documentaries, International Movies"
s6690,Movie,,Neil Triffett,Australia,2018-02-01,2016,TV-MA,94 min,"Dramas, International Movies, Music & Musicals"
s6692,Movie,,Kim Nguyen,Canada,2018-01-01,2014,TV-14,87 min,"Documentaries, International Movies"
s6693,Movie,,Greg Coolidge,United States,2020-10-01,2006,PG-13,108 min,"Comedies, Romantic Movies"
s6695,Movie,,Ajay Phansekar,India,2019-12-31,2002,TV-14,151 min,"Dramas, Independent Movies, International Movies"
s6697,Movie,,David Ayer,United States,2019-11-23,2012,R,109 min,Action & Adventure
s6699,Movie,,Denis Villeneuve,Canada,2018-07-15,2013,R,91 min,"Independent Movies, Thrillers"
s6700,Movie,,Jenny Carchman,United States,2017-01-18,2016,TV-14,93 min,Documentaries
s6701,Movie,,Jason James,Canada,2018-12-09,2018,TV-MA,85 min,"Dramas, Independent Movies, Romantic Movies"
s6702,Movie,,Robert Clouse,Hong Kong,2021-01-01,1973,R,103 min,"Action & Adventure, Classic Movies"
s6703,Movie,,Drake Doremus,United States,2018-10-28,2015,PG-13,102 min,"Dramas, Romantic Movies, Sci-Fi & Fantasy"
s6704,Movie,,Kurt Wimmer,United States,2019-06-08,2002,R,107 min,"Action & Adventure, Dramas, Sci-Fi & Fantasy"
s6705,Movie,,Wojciech Marczewski,Poland,2019-10-01,1990,TV-MA,88 min,"Comedies, Dramas, Independent Movies"
s6706,Movie,,Alejandro Doria,Argentina,2018-07-15,1985,NR,95 min,"Comedies, Cult Movies, International Movies"
s6707,Movie,,Marcelo González,Mexico,2017-01-14,2016,TV-14,100 min,"Dramas, International Movies, Romantic Movies"
s6709,Movie,,Valeria Golino,Italy,2019-11-01,2018,R,110 min,"Dramas, International Movies, LGBTQ Movies"
s6711,Movie,,Tom Shadyac,United States,2019-04-16,2007,PG,96 min,"Children & Family Movies, Comedies, Faith & Spirituality"
s6712,Movie,,Paul W.S. Anderson,United Kingdom,2020-01-01,1997,R,96 min,"Horror Movies, Sci-Fi & Fantasy"
s6713,Movie,,Robi Michael,United States,2020-02-25,2019,TV-MA,98 min,"Dramas, Independent Movies, Thrillers"
s6714,Movie,,Asghar Farhadi,Spain,2019-06-06,2019,R,133 min,"Dramas, International Movies, Thrillers"
s6719,TV Show,,James Lee,Not Given,2017-08-14,2008,TV-14,1 Season,"International TV Shows, TV Dramas"
s6716,Movie,,Ivan Reitman,United States,2019-11-20,2001,PG-13,102 min,"Comedies, Sci-Fi & Fantasy"
s6717,Movie,,Alex Garland,United Kingdom,2018-07-26,2015,R,108 min,"Dramas, Independent Movies, International Movies"
s6720,Movie,,Stuart Baird,United States,2019-11-01,1996,R,133 min,Action & Adventure
s6721,Movie,,"Anders Sømme Hammer, Marius Arnesen, Klaus Erik Okstad, Olav Njaastad",Norway,2016-07-01,2013,TV-MA,58 min,"Documentaries, International Movies"
s6722,Movie,,Michael Whitton,United States,2019-03-03,2012,NR,79 min,"Comedies, Romantic Movies"
s6723,Movie,,Andrzej Bartkowiak,United States,2019-10-01,2001,R,101 min,Action & Adventure
s6724,Movie,,Joseph Mbah,United States,2019-08-29,2019,TV-14,81 min,"Action & Adventure, Dramas, Independent Movies"
s6726,Movie,,Hakan Algül,Turkey,2017-03-10,2010,TV-MA,99 min,"Comedies, International Movies"
s6727,Movie,,Hakan Algül,Turkey,2017-03-10,2011,TV-PG,106 min,"Comedies, International Movies, Romantic Movies"
s6728,Movie,,Hakan Algül,Turkey,2017-03-10,2014,TV-PG,103 min,"Comedies, International Movies"
s6730,Movie,,Benny Fine,United States,2018-03-05,2017,TV-MA,92 min,"Comedies, Romantic Movies"
s6731,Movie,,Matt Toronto,United States,2018-01-15,2017,TV-MA,89 min,"Dramas, Independent Movies"
s6734,Movie,,Sanjay Jadhav,India,2018-02-15,2011,TV-14,150 min,"Action & Adventure, Dramas, International Movies"
s6735,Movie,,Chris Stokes,United States,2020-01-01,2019,TV-14,80 min,Comedies
s6736,Movie,,Gregory Hoblit,United States,2019-11-01,1998,R,124 min,Thrillers
s6737,Movie,,"Sedat Kirtan, Kubilay Sarikaya",Germany,2019-05-01,2017,TV-MA,99 min,"Dramas, Independent Movies, International Movies"
s6738,Movie,,Hardik Mehta,India,2016-12-15,2015,TV-14,29 min,"Documentaries, International Movies"
s6739,Movie,,Keith L. Smith,United States,2019-08-24,2019,TV-14,91 min,Thrillers
s6740,Movie,,Nagraj Manjule,India,2018-01-01,2014,NR,102 min,"Dramas, Independent Movies, International Movies"
s6741,Movie,,Shadi Ali,Egypt,2019-06-06,2017,TV-MA,94 min,"Comedies, International Movies"
s6743,TV Show,,Ian Barber,United Kingdom,2018-03-31,2017,TV-14,6 Seasons,"British TV Shows, Crime TV Shows, TV Dramas"
s6744,Movie,,Terry Gilliam,United States,2019-11-01,1998,R,118 min,"Comedies, Cult Movies, Dramas"
s6746,Movie,,Peter Spirer,United States,2017-08-23,2017,TV-MA,70 min,Documentaries
s6747,Movie,,Norman Jewison,United States,2020-07-01,1971,G,181 min,"Classic Movies, Dramas, Music & Musicals"
s6748,Movie,,Biyi Bandele,Nigeria,2015-12-28,2015,NR,101 min,"Dramas, International Movies"
s6749,Movie,,Luke Jurevicius,United Kingdom,2016-09-01,2008,TV-Y7,29 min,"Children & Family Movies, Comedies"
s6762,Movie,,Keith Malloy,Not Given,2018-04-01,2017,TV-14,49 min,"Documentaries, Sports Movies"
s6752,Movie,,Tony Zierra,United States,2018-11-01,2017,TV-MA,94 min,Documentaries
s6753,Movie,,Angga Dwimas Sasongko,Indonesia,2018-10-11,2015,TV-PG,118 min,"Dramas, International Movies"
s6754,Movie,,James Wong,United States,2020-01-01,2000,R,98 min,"Cult Movies, Horror Movies, Thrillers"
s6755,Movie,,David R. Ellis,United States,2020-01-01,2003,R,90 min,"Horror Movies, Thrillers"
s6756,Movie,,James Wong,United States,2020-01-01,2006,R,93 min,Horror Movies
s6757,Movie,,Gianfranco Rosi,Italy,2017-03-21,2016,TV-14,114 min,"Documentaries, International Movies"
s6758,Movie,,Sabal Singh Shekawat,India,2019-04-24,2013,TV-MA,99 min,"Dramas, Independent Movies, International Movies"
s6759,Movie,,Arthur Muhammad,United States,2019-05-17,2018,TV-14,96 min,"Comedies, Romantic Movies"
s6760,Movie,,Steven C. Miller,United Kingdom,2019-09-01,2017,R,102 min,Action & Adventure
s6761,Movie,,Nirpal Bhogal,United Kingdom,2017-03-31,2016,TV-MA,90 min,"Horror Movies, International Movies"
s6763,Movie,,Andrew Renzi,United States,2018-10-01,2015,NR,61 min,Documentaries
s6765,Movie,,Gerry Blaksley,United Arab Emirates,2020-04-15,2019,TV-14,60 min,"Documentaries, International Movies, Sports Movies"
s6766,Movie,,Cheh Chang,Hong Kong,2019-09-17,1982,R,104 min,"Action & Adventure, International Movies"
s6768,Movie,,Marc Abraham,Canada,2017-01-16,2008,PG-13,119 min,Dramas
s6769,Movie,,Khaled Marei,Egypt,2019-06-13,2016,TV-14,102 min,"Comedies, International Movies"
s6770,Movie,,Gregory Caruso,United States,2018-08-01,2018,TV-MA,83 min,"Dramas, Independent Movies, Music & Musicals"
s7252,Movie,,"Daniel Lindsay, T.J. Martin",United States,2018-03-01,2017,R,114 min,Documentaries
s6772,Movie,,"Kang Cheng, Shan Hua",Hong Kong,2018-07-31,1978,TV-MA,88 min,"Action & Adventure, International Movies"
s6773,Movie,,Asri Bendacha,United Arab Emirates,2018-11-16,2017,TV-MA,86 min,"Documentaries, International Movies"
s6776,Movie,,Juan Manuel Cotelo,Spain,2017-06-30,2015,PG,90 min,"Documentaries, Faith & Spirituality, International Movies"
s6777,Movie,,Tyler Perry,United States,2020-05-01,2010,R,134 min,Dramas
s6778,Movie,,"Mark Helenowski, Kevin Pang",United States,2016-03-02,2015,TV-PG,92 min,Documentaries
s6779,Movie,,Dean Wright,Mexico,2019-08-02,2012,R,145 min,"Dramas, International Movies"
s6780,Movie,,Mark Murphy,United Kingdom,2019-08-16,2019,TV-MA,95 min,Comedies
s6781,Movie,,Richard Miron,United States,2019-09-01,2018,TV-MA,93 min,Documentaries
s6782,Movie,,Joe Camp,United States,2018-03-06,1977,G,84 min,Children & Family Movies
s6784,Movie,,"Jon Carey, Adam Darke",United Kingdom,2017-12-01,2017,TV-14,81 min,"Documentaries, International Movies, LGBTQ Movies"
s6785,Movie,,Fred M. Wilcox,United States,2019-11-01,1956,G,98 min,"Action & Adventure, Classic Movies, Sci-Fi & Fantasy"
s6787,Movie,,Luis Ara,Brazil,2018-08-02,2018,TV-MA,74 min,"Documentaries, International Movies, Sports Movies"
s6788,Movie,,Maya Zinshtein,United Kingdom,2017-05-29,2016,TV-MA,87 min,"Documentaries, International Movies, Sports Movies"
s6790,Movie,,Lee Fulkerson,United States,2019-10-03,2011,PG,96 min,Documentaries
s6791,Movie,,Seth Gordon,Germany,2021-01-01,2008,PG-13,88 min,"Comedies, Romantic Movies"
s6793,Movie,,Mike Newell,United Kingdom,2019-08-01,1994,R,118 min,"Classic Movies, Comedies, International Movies"
s6794,Movie,,Gregory Hoblit,United States,2019-04-01,2007,R,113 min,"Dramas, Thrillers"
s6795,Movie,,Noah Baumbach,United States,2017-10-01,2012,R,86 min,"Comedies, Dramas, Independent Movies"
s6797,Movie,,Trudie Styler,United States,2020-08-13,2018,TV-MA,91 min,"Comedies, Dramas, Independent Movies"
s6798,Movie,,David Dobkin,United States,2021-01-01,2007,PG,115 min,"Children & Family Movies, Comedies"
s6799,Movie,,Simon Wincer,United States,2020-01-01,1993,PG,112 min,"Children & Family Movies, Dramas"
s6800,Movie,,Marc Levin,United States,2017-12-15,2015,R,103 min,Documentaries
s6801,Movie,,Sameh Abdulaziz,Egypt,2019-06-06,2016,TV-MA,116 min,"Comedies, International Movies"
s6802,Movie,,"Wade Allain-Marcus, Jesse Allain-Marcus",United States,2016-02-04,2015,TV-MA,72 min,"Dramas, Independent Movies"
s6803,Movie,,Jude Okwudiafor Johnson,United States,2020-03-03,2019,TV-PG,104 min,"Dramas, Faith & Spirituality"
s6805,Movie,,Marcus Nispel,United States,2020-01-01,2009,R,97 min,Horror Movies
s6806,Movie,,Simon Verhoeven,Germany,2018-04-18,2016,R,92 min,"Horror Movies, International Movies"
s6808,Movie,,Mahmoud Karim,Egypt,2019-06-06,2017,TV-14,93 min,"Children & Family Movies, Comedies, Dramas"
s6809,Movie,,Pierre Morel,France,2020-09-08,2010,R,93 min,"Action & Adventure, International Movies"
s6810,Movie,,Heber Cannon,United States,2018-07-15,2016,PG,99 min,"Documentaries, International Movies, Sports Movies"
s6811,TV Show,,Alastair Fothergill,United Kingdom,2016-01-28,2011,TV-PG,1 Season,"British TV Shows, Docuseries, International TV Shows"
s6804,TV Show,,Not Given,United States,2018-01-17,2017,TV-PG,4 Seasons,"Docuseries, Reality TV"
s6814,Movie,,Courtney Hunt,United States,2019-07-01,2008,R,97 min,"Dramas, Independent Movies"
s6815,Movie,,Sean Cisterna,Canada,2016-09-01,2015,TV-PG,88 min,"Children & Family Movies, Dramas, Sports Movies"
s6816,Movie,,Bob Rose,United States,2018-01-01,2016,TV-MA,106 min,Documentaries
s6817,Movie,,Le Van Kiet,Vietnam,2019-09-25,2019,TV-MA,97 min,"Action & Adventure, Dramas, International Movies"
s6818,Movie,,Adam Del Giudice,United States,2019-04-24,2017,TV-MA,88 min,"Dramas, Thrillers"
s6819,Movie,,Hoyt Yeatman,United States,2019-03-15,2009,PG,88 min,"Children & Family Movies, Comedies"
s6820,Movie,,Fellipe Barbosa,Brazil,2018-11-09,2017,TV-MA,132 min,"Dramas, Independent Movies, International Movies"
s6822,Movie,,Pavel Parkhomenko,Russia,2017-09-15,2013,TV-14,108 min,"Dramas, International Movies"
s6824,Movie,,Lucky Kuswandi,Indonesia,2018-09-15,2017,TV-PG,111 min,"Dramas, International Movies, Romantic Movies"
s6827,Movie,,Martin Scorsese,United States,2019-08-20,2002,R,167 min,Dramas
s6829,Movie,,Ifa Isfansyah,Indonesia,2018-10-09,2009,TV-PG,96 min,"Children & Family Movies, Dramas, Sports Movies"
s6830,Movie,,Rudy Soedjarwo,Indonesia,2018-11-30,2011,TV-PG,95 min,"Children & Family Movies, Dramas, Sports Movies"
s6831,Movie,,Hiroshi Katagiri,Japan,2018-12-10,2016,TV-MA,107 min,"Horror Movies, Thrillers"
s6832,Movie,,Manbhavan Singh,India,2017-12-15,2016,TV-MA,118 min,"Dramas, International Movies"
s6833,Movie,,P.K. Baaburaaj,India,2018-07-01,2018,TV-PG,130 min,Dramas
s6838,Movie,,David Grossman,United States,2016-12-20,2003,PG,87 min,"Children & Family Movies, Comedies"
s6839,TV Show,,Guy Vasilovich,Italy,2017-12-31,2011,TV-Y,1 Season,"Kids' TV, TV Comedies"
s6840,Movie,,Nicholas Stoller,United States,2020-01-16,2010,R,109 min,"Comedies, Music & Musicals"
s6841,Movie,,Christopher Smith,United Kingdom,2014-12-12,2014,PG,103 min,"Children & Family Movies, Comedies"
s6843,Movie,,Peter Segal,United States,2019-04-01,2008,PG-13,110 min,"Action & Adventure, Comedies"
s6844,Movie,,David Silberg,United States,2019-11-01,2005,PG-13,85 min,"Comedies, Romantic Movies"
s6845,Movie,,Rajkumar Santoshi,India,2019-12-31,1990,TV-14,163 min,"Action & Adventure, Dramas, International Movies"
s6846,Movie,,Rich Ragsdale,Thailand,2017-12-31,2017,TV-MA,100 min,Horror Movies
s6847,Movie,,"Kazuchika Kise, Masahiko Murata",Japan,2019-02-24,2013,TV-MA,58 min,"Action & Adventure, Anime Features, International Movies"
s6848,Movie,,Mark Steven Johnson,United States,2020-10-01,2007,PG-13,110 min,"Action & Adventure, Sci-Fi & Fantasy"
s6849,Movie,,Kazuchika Kise,Japan,2019-02-24,2014,TV-MA,58 min,"Action & Adventure, Anime Features, International Movies"
s6851,Movie,,Kazuchika Kise,Japan,2019-02-24,2013,TV-14,56 min,"Action & Adventure, Anime Features, International Movies"
s6992,Movie,,Bille Woodruff,United States,2018-04-03,2018,PG-13,100 min,Dramas
s6852,Movie,,Partho Ghosh,India,2019-12-31,1997,TV-MA,161 min,"Action & Adventure, Dramas, International Movies"
s6853,Movie,,Riri Riza,Indonesia,2018-09-15,2005,TV-14,141 min,"Dramas, International Movies"
s6854,Movie,,"Vincente Minnelli, Charles Walters",United States,2019-11-01,1958,G,115 min,"Classic Movies, Comedies, Music & Musicals"
s6855,Movie,,Sally Potter,United Kingdom,2018-07-15,2012,PG-13,90 min,"Dramas, Independent Movies"
s6856,Movie,,Wenn V. Deramas,Philippines,2019-02-27,2013,TV-14,103 min,"Comedies, International Movies"
s6857,Movie,,Brett Whitcomb,United States,2017-03-31,2012,NR,77 min,"Documentaries, Sports Movies"
s6859,Movie,,Harold Cronk,United States,2019-02-09,2018,PG,111 min,"Children & Family Movies, Dramas, Faith & Spirituality"
s6860,Movie,,"Jedd Wider, Todd Wider",United States,2018-10-22,2016,TV-PG,103 min,Documentaries
s6861,Movie,,Gordon Chan,China,2017-12-16,2017,NR,129 min,"Action & Adventure, International Movies"
s6862,Movie,,Harold Cronk,United States,2020-04-01,2014,PG,113 min,"Dramas, Faith & Spirituality"
s6863,Movie,,Michael Mason,United States,2018-12-04,2018,PG,106 min,"Dramas, Faith & Spirituality"
s6864,Movie,,Francis Lee,United Kingdom,2018-05-01,2017,TV-MA,105 min,"Dramas, Independent Movies, International Movies"
s6865,Movie,,Hrishikesh Mukherjee,India,2019-12-31,1979,TV-PG,137 min,"Classic Movies, Comedies, International Movies"
s6866,Movie,,Takuya Inaba,Japan,2017-11-01,2013,TV-Y,22 min,"International Movies, Sci-Fi & Fantasy"
s6867,Movie,,Martin Campbell,United Kingdom,2019-12-31,1995,PG-13,130 min,Action & Adventure
s6868,Movie,,Sam de Jong,United States,2020-06-22,2019,TV-MA,89 min,Dramas
s6870,Movie,,Ivan Sen,Australia,2018-12-10,2016,R,110 min,Thrillers
s6871,Movie,,Rohit Shetty,India,2019-12-31,2006,TV-14,148 min,"Comedies, International Movies"
s6873,Movie,,Mark Landre Gould,United States,2019-01-01,2018,R,100 min,Independent Movies
s6874,TV Show,,Neslihan Yesilyurt,Turkey,2017-07-12,2015,TV-14,1 Season,"International TV Shows, TV Dramas, TV Thrillers"
s6875,Movie,,Chris McCoy,United States,2017-01-19,2016,R,90 min,"Comedies, Independent Movies"
s6876,Movie,,Andrew Niccol,United States,2017-04-02,2014,R,103 min,Dramas
s6877,Movie,,Wendy Jo Carlton,United States,2020-08-20,2019,TV-MA,75 min,"Comedies, Dramas, Independent Movies"
s6878,Movie,,Tarek Abdel Moaty,Egypt,2019-06-21,2012,TV-MA,99 min,"Dramas, International Movies"
s6879,Movie,,George Clooney,United States,2019-06-02,2005,PG,93 min,Dramas
s6880,Movie,,Henrik Ruben Genz,United States,2017-09-08,2014,R,90 min,"Action & Adventure, Thrillers"
s6881,Movie,,Martin Scorsese,United States,2021-01-01,1990,R,145 min,"Classic Movies, Dramas"
s6882,Movie,,Justin Chon,United States,2018-03-06,2017,TV-MA,95 min,"Dramas, Independent Movies"
s6883,Movie,,Michael Dowse,United States,2017-08-15,2011,R,92 min,"Comedies, Sports Movies"
s6884,Movie,,Ari Sandel,United States,2019-04-25,2018,PG,90 min,"Children & Family Movies, Comedies"
s6885,Movie,,Robert Altman,United States,2019-11-01,2001,R,137 min,"Comedies, Dramas, International Movies"
s6887,Movie,,Mathieu Kassovitz,United States,2021-01-01,2003,R,98 min,"Horror Movies, Thrillers"
s6888,Movie,,Ananth Narayan Mahadevan,India,2017-10-15,2015,TV-14,109 min,"Dramas, Independent Movies, International Movies"
s6889,Movie,,Clint Eastwood,Germany,2020-10-01,2008,R,117 min,Dramas
s6892,Movie,,Indra Kumar,India,2018-03-01,2013,TV-MA,93 min,"Comedies, International Movies, Music & Musicals"
s6893,Movie,,Tanuj Chopra,United States,2019-02-14,2017,TV-MA,57 min,"Comedies, Independent Movies"
s6894,Movie,,Randal Kleiser,United States,2019-11-01,1978,PG,110 min,"Classic Movies, Comedies, Music & Musicals"
s6897,Movie,,Jeremy Saulnier,United States,2018-11-12,2015,R,95 min,"Horror Movies, Thrillers"
s6898,Movie,,Abba T. Makama,Nigeria,2018-01-01,2016,TV-MA,102 min,"Comedies, Independent Movies, International Movies"
s6899,Movie,,Nanette Burstein,United States,2018-04-01,2016,TV-MA,97 min,Documentaries
s6900,Movie,,Eric Juhola,United States,2017-01-06,2016,TV-PG,82 min,"Documentaries, LGBTQ Movies"
s6901,Movie,,Anjali Nayar,Canada,2017-02-01,2015,TV-PG,90 min,"Documentaries, International Movies, Sports Movies"
s6903,Movie,,James Woodroffe,United Kingdom,2019-07-26,2015,TV-G,57 min,"Documentaries, International Movies"
s6904,Movie,,Esteban Vidal,Chile,2018-08-19,2015,TV-MA,91 min,"Comedies, International Movies"
s6905,Movie,,Sermiyan Midyat,Turkey,2017-03-10,2013,TV-MA,100 min,"Comedies, International Movies"
s6906,Movie,,Sermiyan Midyat,Turkey,2017-03-10,2013,TV-14,101 min,"Comedies, International Movies"
s6909,Movie,,Ali Taner Baltacı,Turkey,2018-04-04,2014,TV-14,95 min,"Comedies, International Movies, Romantic Movies"
s6910,Movie,,Adam Shankman,United States,2020-01-01,2007,PG,116 min,"Children & Family Movies, Comedies, Music & Musicals"
s6911,Movie,,"Shinji Aramaki, Mamoru Oshii, Hideki Futamura, Toshiyuki Kanno, Tomoki Kyoda, Koichi Mashimo, Yasushi Muraki, Daisuke Nishio, Frank O'Connor, Koji Sawai, Joseph Chou, Hiroshi Yamazaki",United States,2017-05-01,2009,PG-13,117 min,"Action & Adventure, Anime Features, Sci-Fi & Fantasy"
s6912,Movie,,Ian Kirby,United States,2016-03-07,2015,TV-14,65 min,"Action & Adventure, Sci-Fi & Fantasy"
s6913,Movie,,Satish Kaushik,India,2018-03-01,2000,TV-14,158 min,"Dramas, International Movies, Music & Musicals"
s6914,Movie,,John Irvin,United States,2019-11-23,1987,R,110 min,"Action & Adventure, Dramas"
s6915,Movie,,Akram Farouk,Egypt,2019-05-02,2017,TV-14,79 min,"Comedies, International Movies"
s6916,Movie,,Johnny Martin,United States,2020-05-06,2017,R,99 min,Thrillers
s6917,Movie,,Joe Berlinger,United States,2018-08-25,2013,TV-14,86 min,Documentaries
s6919,Movie,,Tim Van Someren,United Kingdom,2018-03-01,2017,TV-G,138 min,"International Movies, Music & Musicals"
s6921,Movie,,"Joe Dietsch, Louie Gibson",United States,2018-01-01,2017,TV-MA,91 min,"Horror Movies, Independent Movies"
s6922,Movie,,Luis Javier M. Henaine,Mexico,2017-02-08,2014,NR,79 min,"Comedies, International Movies, Romantic Movies"
s6925,Movie,,"Robert Osman, Nathanael Wiseman",United Kingdom,2017-09-06,2015,TV-MA,79 min,"Dramas, Independent Movies"
s6926,Movie,,Ilya Naishuller,Russia,2020-08-01,2015,R,96 min,"Action & Adventure, International Movies, Sci-Fi & Fantasy"
s6928,Movie,,"Jon Hurwitz, Hayden Schlossberg",United States,2019-10-01,2008,R,101 min,"Comedies, Cult Movies"
s6929,Movie,,Danny Leiner,United States,2020-01-01,2004,R,88 min,"Comedies, Cult Movies"
s6930,Movie,,Daniel Raim,United States,2018-11-25,2015,TV-14,95 min,Documentaries
s6932,Movie,,Ron Oliver,United States,2018-04-15,2010,TV-G,87 min,"Children & Family Movies, Comedies"
s6933,TV Show,,Ah Loong,Malaysia,2017-10-15,2017,TV-Y7,1 Season,"Kids' TV, TV Comedies"
s6934,Movie,,Ron Davis,United States,2017-01-15,2015,TV-PG,83 min,"Documentaries, Sports Movies"
s6935,Movie,,"Justin Bare, Matthew Miele",United States,2017-05-01,2016,NR,90 min,Documentaries
s6937,Movie,,David Dhawan,India,2018-03-01,1999,TV-PG,151 min,"Action & Adventure, Comedies, Dramas"
s6939,Movie,,Jon Schnitzer,United States,2018-01-02,2017,TV-MA,89 min,"Documentaries, Horror Movies"
s6940,Movie,,Brant Sersen,United States,2019-03-01,2018,TV-MA,99 min,"Horror Movies, Independent Movies"
s6941,Movie,,Eddie Martin,Australia,2019-02-01,2017,TV-MA,86 min,"Documentaries, International Movies"
s6943,Movie,,Andrew C. Erin,United States,2017-06-10,2016,TV-MA,85 min,"Horror Movies, Thrillers"
s6944,Movie,,Steven Soderbergh,Ireland,2020-03-01,2011,R,93 min,Action & Adventure
s6945,Movie,,Davis Guggenheim,United States,2018-06-01,2015,PG-13,89 min,Documentaries
s6946,Movie,,Quinn Lasher,United States,2019-01-12,2018,R,89 min,"Horror Movies, Thrillers"
s6947,Movie,,Elle Callahan,United States,2019-09-13,2018,TV-MA,90 min,"Horror Movies, Independent Movies"
s6948,Movie,,Ana Kokkinos,Australia,2018-08-25,1998,TV-MA,104 min,"Dramas, Independent Movies, LGBTQ Movies"
s6949,Movie,,Kelly Noonan,United States,2019-02-01,2017,TV-14,107 min,Documentaries
s6950,Movie,,David Mirkin,United States,2019-12-31,2001,PG-13,124 min,"Comedies, Romantic Movies"
s6951,Movie,,Chris Sivertson,United States,2018-01-01,2017,TV-MA,87 min,Thrillers
s6953,Movie,,Huang Jianming,United States,2019-04-01,2016,PG,94 min,Children & Family Movies
s6955,Movie,,"Tom Gianas, Ross R. Shuman",United States,2018-09-06,2015,R,86 min,"Action & Adventure, Comedies, Independent Movies"
s6957,Movie,,David Mackenzie,United States,2019-01-01,2016,R,102 min,"Dramas, Independent Movies"
s6958,Movie,,Guillermo del Toro,United States,2018-12-01,2004,PG-13,122 min,"Action & Adventure, Cult Movies, Sci-Fi & Fantasy"
s6959,Movie,,Spike Jonze,United States,2018-07-29,2013,R,126 min,"Dramas, Romantic Movies, Sci-Fi & Fantasy"
s6960,Movie,,Christel Gibson,United States,2019-05-02,2018,TV-14,87 min,Dramas
s6961,Movie,,Prakash Mehra,India,2019-12-31,1976,TV-14,156 min,"Action & Adventure, Comedies, Dramas"
s6962,Movie,,Rod Blackhurst,United States,2017-07-01,2016,TV-MA,97 min,Horror Movies
s6963,Movie,,Corey Yuen,Hong Kong,2018-08-01,1997,TV-MA,89 min,"Action & Adventure, International Movies"
s6965,Movie,,Timothy Woodward Jr.,United States,2020-07-24,2017,TV-MA,88 min,Action & Adventure
s6967,Movie,,Shawn Arranha,India,2018-03-01,2010,TV-14,96 min,"Horror Movies, International Movies, Thrillers"
s6968,Movie,,Liu Jie,China,2017-08-19,2016,TV-14,104 min,"International Movies, Thrillers"
s6969,Movie,,Scott Hicks,Australia,2017-02-01,2015,TV-14,80 min,"Documentaries, International Movies, Music & Musicals"
s6990,Movie,,Anindya Chatterjee,Not Given,2019-10-15,2019,TV-PG,73 min,"Dramas, Independent Movies, International Movies"
s6973,Movie,,Lucy van Beek,United Kingdom,2017-03-31,2015,TV-PG,95 min,Documentaries
s6974,Movie,,Jennifer Lynch,India,2017-12-01,2010,TV-MA,97 min,"Horror Movies, International Movies, Thrillers"
s6976,Movie,,Vishnu Govindhan,India,2018-08-01,2017,TV-14,118 min,"Dramas, International Movies"
s6978,Movie,,Andy Tennant,United States,2020-01-01,2005,PG-13,118 min,"Comedies, Romantic Movies"
s6979,Movie,,Daniel Kontur,United Kingdom,2016-08-01,2016,TV-PG,44 min,"Documentaries, Sports Movies"
s6980,Movie,,Daniel Ablin,France,2017-11-01,2017,TV-14,54 min,"Documentaries, International Movies"
s6981,Movie,,Asim Raza,Pakistan,2017-07-01,2015,TV-PG,170 min,"Dramas, International Movies, Romantic Movies"
s6983,Movie,,"Ali Taner Baltacı, Cem Yılmaz",Turkey,2017-03-10,2006,TV-MA,118 min,"Comedies, Dramas, International Movies"
s6984,Movie,,Neil Armfield,Australia,2016-08-01,2015,TV-MA,128 min,"Dramas, International Movies, LGBTQ Movies"
s6985,Movie,,"Anthony Scott Burns, Nicholas McCarthy, Adam Egypt Mortimer, Gary Shore, Kevin Smith, Sarah Adina Smith, Scott Stewart, Kevin Kolsch, Dennis Widmyer",United States,2016-07-15,2016,TV-MA,106 min,"Comedies, Horror Movies"
s6986,Movie,,Will Allen,United States,2016-09-01,2016,NR,103 min,Documentaries
s6987,Movie,,Note Chern-Yim,Thailand,2018-07-30,2008,TV-14,92 min,"Comedies, Faith & Spirituality, International Movies"
s6988,Movie,,Note Chern-Yim,Thailand,2018-07-30,2010,TV-MA,102 min,"Comedies, Faith & Spirituality, International Movies"
s6989,Movie,,Rakshith Thirthahalli,India,2018-05-01,2017,TV-14,126 min,"Dramas, International Movies"
s6991,Movie,,Bille Woodruff,United States,2019-10-01,2011,PG-13,111 min,"Dramas, Romantic Movies"
s7618,Movie,,"Noel Dockstader, Quinn Kanaly",United States,2019-07-01,2018,TV-PG,113 min,Documentaries
s6993,Movie,,Mike Disa,United States,2018-11-03,2011,PG,86 min,"Children & Family Movies, Comedies"
s6994,Movie,,Sudip Bandyopadhyay,India,2018-09-01,2018,TV-14,95 min,"Children & Family Movies, Comedies, Dramas"
s6995,Movie,,Jack C. Newell,United States,2018-11-08,2018,PG,79 min,Dramas
s6996,Movie,,Brodje Wemboendja,United States,2019-12-15,2017,TV-14,81 min,"Documentaries, International Movies, Sports Movies"
s6998,Movie,,Alexandre Aja,United States,2019-08-01,2013,R,120 min,"Dramas, Horror Movies, Sci-Fi & Fantasy"
s7000,Movie,,Ayush Raina,India,2019-04-12,2013,TV-14,85 min,"Horror Movies, International Movies"
s7001,Movie,,Marty Stalker,Ireland,2017-01-15,2016,TV-14,96 min,"Documentaries, International Movies"
s7003,Movie,,Scott Cooper,United States,2018-08-15,2017,R,134 min,Dramas
s7004,Movie,,Michael Polish,United States,2016-03-01,2016,NR,93 min,Comedies
s7005,Movie,,Max McGill,United Kingdom,2017-08-13,2016,TV-MA,82 min,"Comedies, Independent Movies"
s7006,Movie,,Akiva Schaffer,United States,2019-11-20,2007,PG-13,88 min,"Comedies, Sports Movies"
s7008,Movie,,Janusz Majewski,Poland,2019-10-01,1975,TV-MA,96 min,"Classic Movies, Dramas, International Movies"
s7009,Movie,,Genndy Tartakovsky,United States,2019-01-24,2018,PG,97 min,"Children & Family Movies, Comedies"
s7010,Movie,,Mark Tonderai,United States,2020-05-08,2012,PG-13,101 min,"Horror Movies, Thrillers"
s7011,Movie,,Sandy Chronopoulos,United States,2018-01-06,2016,TV-14,88 min,Documentaries
s7619,Movie,,Gail Willumsen,United States,2019-07-01,2012,TV-G,53 min,Movies
s7002,Movie,,Federico Lemos,Not Given,2018-01-29,2017,TV-PG,91 min,"Documentaries, International Movies"
s7012,Movie,,Ziga Virc,Slovenia,2017-07-20,2016,TV-14,84 min,"Comedies, Independent Movies, International Movies"
s7013,Movie,,Tom O'Dell,United States,2018-02-01,2017,TV-PG,110 min,"Documentaries, Music & Musicals"
s7014,Movie,,Ron Howard,United States,2017-06-01,2000,PG,105 min,"Children & Family Movies, Comedies"
s7015,Movie,,Ken Marino,Mexico,2019-11-01,2017,PG-13,116 min,Comedies
s7016,Movie,,Lionel C. Martin,United States,2019-11-01,1997,R,94 min,Comedies
s7017,Movie,,Jerry Rothwell,Canada,2016-01-01,2015,NR,110 min,"Documentaries, International Movies"
s7019,Movie,,Jocelyn Moorhouse,United States,2018-04-01,1995,PG-13,116 min,"Dramas, Romantic Movies"
s7020,Movie,,Cal Saville,United States,2016-08-01,2016,TV-PG,51 min,Documentaries
s7021,Movie,,Amar Gupte,India,2018-01-01,2012,TV-14,103 min,"Dramas, International Movies"
s7022,Movie,,"Sam Liu, Frank Paur",United States,2020-06-01,2009,PG-13,83 min,"Action & Adventure, Sci-Fi & Fantasy"
s7023,Movie,,Sooraj R. Barjatya,India,2018-01-01,1999,TV-G,176 min,"Dramas, International Movies, Music & Musicals"
s7024,Movie,,Raj Kanwar,India,2017-10-22,2006,TV-PG,149 min,"International Movies, Music & Musicals, Romantic Movies"
s7026,Movie,,Drew Casson,United Kingdom,2018-06-23,2014,TV-MA,79 min,"Horror Movies, Independent Movies, International Movies"
s7027,Movie,,Keoni Waxman,Canada,2020-01-01,2010,R,97 min,Action & Adventure
s7028,Movie,,Jonathan Mostow,United States,2019-10-22,2015,R,91 min,"Action & Adventure, Independent Movies"
s7031,Movie,,Matt Kugelman,United States,2017-01-01,2016,TV-MA,85 min,"Comedies, Independent Movies, LGBTQ Movies"
s7032,Movie,,Matt Kugelman,United States,2018-08-15,2018,TV-MA,85 min,"Comedies, Independent Movies, LGBTQ Movies"
s7033,Movie,,Craig Brewer,United States,2019-12-01,2005,R,117 min,"Dramas, Independent Movies, Music & Musicals"
s7046,Movie,,Maria Demeshkina Peek,Not Given,2019-01-31,2017,TV-14,106 min,"Children & Family Movies, Documentaries"
s7035,Movie,,Gabriel Grieco,Argentina,2017-06-08,2016,TV-MA,84 min,"Horror Movies, International Movies, Thrillers"
s7036,Movie,,Onir,India,2019-03-04,2010,TV-MA,106 min,"Dramas, Independent Movies, International Movies"
s7037,Movie,,"Benjamin Turner, Gabe Turner",United Kingdom,2017-10-01,2016,PG,107 min,"Documentaries, Sports Movies"
s7038,Movie,,Mary Mazzio,United States,2017-05-26,2017,TV-14,98 min,Documentaries
s7039,Movie,,Laura VanZee Taylor,United States,2019-04-01,2018,TV-14,54 min,Documentaries
s7041,Movie,,Feng Xiaogang,China,2017-09-02,2016,TV-14,139 min,"Comedies, Dramas, International Movies"
s7042,Movie,,Adam Sjöberg,China,2017-02-01,2015,NR,88 min,"Documentaries, International Movies"
s7043,Movie,,Ross Boyask,United Kingdom,2018-12-22,2018,R,93 min,Action & Adventure
s7044,Movie,,Chuck Russell,United States,2019-09-16,2016,R,91 min,"Action & Adventure, Dramas"
s7045,Movie,,Douglas McGrath,United States,2019-03-23,2011,PG-13,89 min,Comedies
s7047,Movie,,Mez Tharatorn,Thailand,2018-09-05,2014,TV-14,116 min,"Comedies, International Movies, Romantic Movies"
s7048,Movie,,Ken Loach,United Kingdom,2019-04-19,2016,R,100 min,"Dramas, Independent Movies"
s7049,Movie,,Brett Haley,United States,2019-10-22,2015,PG-13,96 min,"Comedies, Dramas, Independent Movies"
s7050,Movie,,Steve Race,United States,2017-10-01,2013,PG,119 min,"Dramas, Faith & Spirituality, Romantic Movies"
s7052,Movie,,Brett Harvey,Canada,2017-10-01,2016,TV-MA,108 min,"Documentaries, International Movies, Sports Movies"
s7053,Movie,,Law Wing-cheong,China,2018-01-23,2014,R,104 min,"Action & Adventure, International Movies, Sci-Fi & Fantasy"
s7054,Movie,,Sachin,India,2018-01-01,2010,TV-14,124 min,"Comedies, International Movies, Romantic Movies"
s7056,Movie,,Tony Leondis,United States,2019-09-01,2008,PG,87 min,Children & Family Movies
s7057,Movie,,Jay Chapman,United States,2013-09-01,2013,NR,75 min,Stand-Up Comedy
s7058,Movie,,Karey Kirkpatrick,United States,2019-12-07,2009,PG,108 min,"Children & Family Movies, Comedies, Sci-Fi & Fantasy"
s7059,Movie,,Walerian Borowczyk,France,2019-06-06,1974,UR,103 min,"Dramas, International Movies, Romantic Movies"
s7061,Movie,,Taron Lexton,United States,2018-03-19,2017,R,103 min,"Action & Adventure, Dramas"
s7062,Movie,,Johannes Roberts,United Kingdom,2018-01-10,2017,PG-13,89 min,"Horror Movies, International Movies, Thrillers"
s7063,Movie,,Aytaç Ağırlar,Turkey,2017-03-10,2014,TV-14,103 min,"Dramas, International Movies, Romantic Movies"
s7064,Movie,,Eric Zaragosa,Serbia,2018-10-26,2019,TV-MA,89 min,"Action & Adventure, Sci-Fi & Fantasy"
s7065,Movie,,Suman Mukhopadhyay,India,2017-04-08,2017,TV-MA,119 min,"Dramas, International Movies, Romantic Movies"
s7066,Movie,,Jonathan Baker,United Kingdom,2018-03-01,2017,R,106 min,Thrillers
s7067,Movie,,Elizabeth Chai Vasarhelyi,United States,2017-09-01,2015,TV-MA,90 min,Documentaries
s7068,Movie,,Brad Bird,United States,2019-02-08,2018,PG,118 min,"Children & Family Movies, Comedies"
s7069,Movie,,Sanjeev Gupta,India,2017-02-17,2014,NR,95 min,"Dramas, Independent Movies, International Movies"
s7071,Movie,,Steven Spielberg,United States,2019-01-01,2008,PG-13,123 min,"Action & Adventure, Children & Family Movies, Sci-Fi & Fantasy"
s7072,Movie,,Steven Spielberg,United States,2019-01-01,1989,PG-13,127 min,"Action & Adventure, Children & Family Movies, Classic Movies"
s7073,Movie,,Steven Spielberg,United States,2019-01-01,1981,PG,116 min,"Action & Adventure, Children & Family Movies, Classic Movies"
s7074,Movie,,Steven Spielberg,United States,2019-01-01,1984,PG,119 min,"Action & Adventure, Children & Family Movies, Classic Movies"
s7075,Movie,,John Stewart Muller,United States,2017-02-01,2016,TV-MA,99 min,"Dramas, Thrillers"
s7076,Movie,,Jacob Kornbluth,United States,2018-08-29,2013,PG,90 min,Documentaries
s7077,Movie,,Luca Vullo,United Kingdom,2018-04-01,2016,TV-PG,90 min,"Documentaries, International Movies"
s7078,Movie,,Quentin Tarantino,Germany,2019-07-22,2009,R,153 min,Action & Adventure
s7079,Movie,,Iain Softley,Germany,2019-07-01,2008,PG,106 min,"Action & Adventure, Children & Family Movies, Sci-Fi & Fantasy"
s7080,Movie,,K. Subhash,India,2018-03-01,2005,TV-14,141 min,"Action & Adventure, Dramas, International Movies"
s7085,Movie,,Eugenio Derbez,Mexico,2020-01-01,2013,PG-13,122 min,"Comedies, Dramas, International Movies"
s7087,Movie,,Michael Gallagher,United States,2016-07-21,2016,TV-14,87 min,Comedies
s7088,Movie,,Patricia Rozema,Canada,2018-11-07,2015,R,102 min,"Dramas, International Movies, Sci-Fi & Fantasy"
s7089,Movie,,Toshiya Shinohara,Japan,2017-09-01,2004,TV-PG,88 min,"Action & Adventure, Anime Features, International Movies"
s7090,Movie,,Toshiya Shinohara,Japan,2017-09-01,2003,TV-14,99 min,"Action & Adventure, Anime Features, International Movies"
s7111,Movie,,"Mathias Malzieu, Stéphane Berla",France,2017-02-08,2013,PG,93 min,"Children & Family Movies, Music & Musicals"
s7091,Movie,,Toshiya Shinohara,Japan,2017-09-01,2002,TV-14,99 min,"Action & Adventure, Anime Features, International Movies"
s7092,Movie,,Clint Eastwood,United States,2019-11-01,2009,PG-13,134 min,"Dramas, Sports Movies"
s7093,Movie,,Charles Officer,Canada,2019-01-14,2018,TV-PG,91 min,Documentaries
s7094,Movie,,John Trengove,South Africa,2018-02-01,2017,TV-MA,88 min,"Dramas, Independent Movies, International Movies"
s7095,Movie,,Nagesh Kukunoor,India,2018-03-01,2006,TV-Y7,127 min,"Dramas, Independent Movies, International Movies"
s7096,Movie,,Kedar Shinde,India,2018-03-15,2010,TV-14,137 min,"Comedies, Dramas, International Movies"
s7097,Movie,,Jacob Schwab,United States,2019-07-19,2018,TV-14,77 min,"Documentaries, Sports Movies"
s7098,Movie,,Leo Riley,United States,2014-10-12,2014,PG,71 min,"Children & Family Movies, Sci-Fi & Fantasy"
s7105,Movie,,Ismail Farouk,Egypt,2019-05-03,2012,TV-14,101 min,"Comedies, International Movies, Music & Musicals"
s7100,Movie,,V. K. Prakash,India,2018-03-01,2015,TV-14,130 min,"Dramas, International Movies, Romantic Movies"
s7109,Movie,,Young Jun Lee,Not Given,2018-09-01,2018,TV-Y7,68 min,Children & Family Movies
s7103,Movie,,Manish Tiwary,India,2018-03-01,2013,TV-MA,140 min,"Dramas, International Movies, Music & Musicals"
s7104,Movie,,Andy Tennant,United States,2019-11-20,1995,PG,101 min,"Children & Family Movies, Comedies"
s7106,Movie,,Maria Ripoll,Spain,2016-03-01,2015,TV-MA,91 min,"Comedies, International Movies, Romantic Movies"
s7107,Movie,,Hani Hamdi,Egypt,2019-06-06,2017,TV-14,84 min,"Comedies, International Movies, Music & Musicals"
s7108,Movie,,Zatella Beatty,United States,2016-04-01,2014,NR,88 min,"Documentaries, Sports Movies"
s7110,Movie,,Shirish Kunder,India,2019-12-31,2006,TV-14,163 min,"Dramas, International Movies, Romantic Movies"
s7112,Movie,,"Harvey Glazer, Stuart Stone",Canada,2019-07-16,2018,TV-MA,86 min,"Documentaries, Sports Movies"
s7113,TV Show,,Stuart Orme,United States,2013-03-31,2016,TV-MA,1 Season,"Crime TV Shows, International TV Shows, TV Dramas"
s7114,Movie,,Quentin Tarantino,United States,2019-08-01,1997,R,154 min,"Dramas, Thrillers"
s7115,Movie,,Dustin Nguyen,Vietnam,2018-10-06,2015,TV-14,92 min,"Comedies, Dramas, International Movies"
s7116,Movie,,Madhur Bhandarkar,India,2019-12-31,2009,TV-14,132 min,"Dramas, International Movies"
s7118,Movie,,Girish Malik,India,2017-10-15,2013,TV-14,132 min,"Dramas, Independent Movies, International Movies"
s7119,Movie,,Nila Madhab Panda,India,2018-05-19,2012,TV-14,94 min,"Dramas, Independent Movies, International Movies"
s7120,Movie,,Azfar Jafri,Pakistan,2017-09-15,2016,TV-14,132 min,"Comedies, Dramas, International Movies"
s7122,Movie,,Kevin Smith,United States,2019-01-01,2001,R,105 min,"Comedies, Cult Movies"
s7123,Movie,,Janusz Majewski,Poland,2019-10-01,1973,TV-MA,97 min,"Dramas, International Movies, Romantic Movies"
s7125,Movie,,Vlad Yudin,United States,2016-04-01,2015,PG-13,109 min,Documentaries
s7127,Movie,,Clint Eastwood,United States,2019-01-01,2014,R,134 min,"Dramas, Music & Musicals"
s7128,Movie,,Gerry Hoban,Ireland,2019-04-01,2018,TV-14,53 min,"Documentaries, Faith & Spirituality"
s7129,Movie,,C. Fitz,United States,2018-05-01,2016,TV-MA,84 min,"Documentaries, LGBTQ Movies"
s7131,Movie,,Joe Boyd,United States,2019-11-01,1973,R,102 min,"Documentaries, Music & Musicals"
s7135,Movie,,John Edginton,United Kingdom,2017-04-01,2017,TV-14,90 min,"Documentaries, International Movies, Music & Musicals"
s7136,Movie,,Ashim Ahluwalia,India,2016-08-15,2005,TV-14,79 min,"Documentaries, International Movies"
s7137,Movie,,Andrew Stanton,United States,2019-05-02,2012,PG-13,133 min,"Action & Adventure, Sci-Fi & Fantasy"
s7138,Movie,,Ahishor Solomon,India,2019-12-31,2013,TV-MA,125 min,"International Movies, Thrillers"
s7134,Movie,,Radhu Karmakar,Not Given,2019-12-31,1960,TV-14,181 min,"Action & Adventure, Dramas, International Movies"
s7140,Movie,,Bill Oliver,United States,2019-04-16,2018,TV-MA,101 min,"Dramas, Independent Movies, Sci-Fi & Fantasy"
s7141,TV Show,,Toby Haynes,United Kingdom,2016-08-25,2015,TV-14,1 Season,"British TV Shows, TV Dramas, TV Sci-Fi & Fantasy"
s7142,Movie,,Amardeep Singh Gill,India,2018-01-01,2017,TV-MA,135 min,"Action & Adventure, International Movies"
s7147,Movie,,Susannah Heath-Eves,Not Given,2018-09-15,2017,TV-14,52 min,Documentaries
s7145,Movie,,David Dhawan,India,2019-12-31,1997,TV-14,133 min,"Comedies, International Movies, Romantic Movies"
s7146,Movie,,John Schultz,United States,2019-08-08,2011,PG,91 min,"Children & Family Movies, Comedies"
s7148,Movie,,Nora Ephron,United States,2021-01-01,2009,PG-13,123 min,"Comedies, Dramas"
s7150,Movie,,Salim Akil,United States,2020-11-01,2011,PG-13,113 min,"Comedies, Romantic Movies"
s7151,Movie,,Phil Morrison,United States,2019-03-01,2005,R,107 min,"Comedies, Dramas, Independent Movies"
s7680,TV Show,,Peter McDonnell,United States,2018-07-20,2018,TV-PG,3 Seasons,Docuseries
s7152,Movie,,"Lana Wachowski, Lilly Wachowski",United States,2019-08-01,2015,PG-13,128 min,"Action & Adventure, Sci-Fi & Fantasy"
s7153,Movie,,Roger Kumble,Germany,2019-09-01,2005,PG-13,94 min,"Comedies, Romantic Movies"
s7154,Movie,,Johnnie To,Hong Kong,2018-08-31,1992,TV-14,95 min,"Action & Adventure, Comedies, International Movies"
s7155,Movie,,Jon M. Chu,United States,2018-01-01,2011,G,106 min,"Documentaries, Music & Musicals"
s7157,Movie,,Kathryn Bigelow,United Kingdom,2019-11-21,2002,PG-13,138 min,"Action & Adventure, Dramas"
s7159,Movie,,Sanjay Gupta,India,2017-06-25,2017,TV-14,139 min,"Dramas, International Movies"
s7160,Movie,,Kranti Redkar,India,2018-03-01,2015,TV-PG,132 min,"Dramas, International Movies, Romantic Movies"
s7161,Movie,,Tinnu Anand,India,2019-12-31,1981,TV-14,173 min,"Action & Adventure, Dramas, International Movies"
s7162,Movie,,Jijo Pancode,India,2018-08-01,2017,TV-PG,105 min,"Dramas, International Movies"
s7163,Movie,,Pa. Ranjith,India,2017-12-15,2016,TV-MA,148 min,"Action & Adventure, Dramas, International Movies"
s7164,Movie,,Buta Singh,India,2017-11-01,2016,TV-14,120 min,"Dramas, International Movies, Romantic Movies"
s7165,Movie,,"Roger Allers, Gaëtan Brizzi, Paul Brizzi, Joan C. Gratz, Mohammed Saeed Harib, Tomm Moore, Nina Paley, Bill Plympton, Joann Sfar, Michael Socha",United States,2017-10-01,2014,PG,85 min,"Children & Family Movies, Dramas"
s7166,Movie,,Pooja Bhatt,India,2017-10-22,2010,TV-14,113 min,"Dramas, International Movies, Music & Musicals"
s7167,Movie,,Rupert Jones,United Kingdom,2018-05-08,2016,TV-MA,99 min,Thrillers
s7168,Movie,,Dhilip Kumar,India,2018-03-01,2017,TV-14,41 min,"Dramas, Independent Movies, International Movies"
s7170,Movie,,Satish Kaushik,India,2017-10-22,2008,TV-14,137 min,"International Movies, Music & Musicals, Romantic Movies"
s7171,Movie,,James Mangold,United States,2020-01-01,2001,PG-13,118 min,"Comedies, Romantic Movies"
s7172,Movie,,Sai Paranjape,India,2019-12-31,1982,TV-PG,140 min,"Comedies, Dramas, Independent Movies"
s7173,Movie,,Alphonso J. Wesson,United States,2018-07-19,2006,NR,85 min,Stand-Up Comedy
s7174,Movie,,Vineeth Anil,India,2018-07-01,2017,TV-14,116 min,"Dramas, International Movies"
s7175,Movie,,Chandrakant Kulkarni,India,2018-01-01,2005,TV-14,133 min,"Comedies, Dramas, International Movies"
s7176,TV Show,,Ken Burns,United States,2017-02-22,1990,TV-14,1 Season,Docuseries
s7177,TV Show,,Ken Burns,United States,2017-02-22,2014,TV-PG,1 Season,Docuseries
s7179,Movie,,"Leslie Small, Tim Story",United States,2018-10-01,2011,R,89 min,Stand-Up Comedy
s7180,Movie,,"Leslie Small, Tim Story",United States,2018-07-13,2013,R,75 min,Stand-Up Comedy
s7181,Movie,,Shannon Hartman,United States,2018-10-01,2010,TV-MA,67 min,Stand-Up Comedy
s7182,Movie,,Lori Kaye,United States,2019-01-01,2017,TV-MA,90 min,"Documentaries, LGBTQ Movies"
s7184,Movie,,Subhash Ghai,India,2018-03-01,1993,TV-14,170 min,"Action & Adventure, Dramas, International Movies"
s7187,Movie,,Dibakar Banerjee,India,2018-08-02,2006,TV-14,124 min,"Comedies, Dramas, International Movies"
s7189,Movie,,Hrishikesh Mukherjee,India,2019-12-31,1980,TV-PG,120 min,"Classic Movies, Comedies, Dramas"
s7190,Movie,,"Surya S.J., Sunil Kumar Agrawal",India,2018-03-01,2003,TV-14,157 min,"Comedies, International Movies, Music & Musicals"
s7191,Movie,,Sudipto Roy,India,2019-05-01,2018,TV-14,124 min,"Dramas, Independent Movies, International Movies"
s7231,Movie,,Tilak Shetty,India,2017-11-17,2017,TV-Y7,65 min,Children & Family Movies
s7192,Movie,,Dimitri Logothetis,United States,2018-04-26,2017,R,110 min,Action & Adventure
s7193,Movie,,John Stockwell,United States,2016-12-08,2016,TV-MA,90 min,Action & Adventure
s7194,Movie,,Noah Baumbach,United States,2019-11-04,1995,R,97 min,"Comedies, Independent Movies, Romantic Movies"
s7195,Movie,,Paul Soriano,Philippines,2019-03-04,2015,TV-14,108 min,"Dramas, International Movies, Sports Movies"
s7196,Movie,,Daniel Alfredson,Netherlands,2017-09-08,2015,R,95 min,"Action & Adventure, Dramas, International Movies"
s7210,TV Show,,Steve Greenwood,Not Given,2018-10-01,2018,TV-PG,1 Season,"British TV Shows, Docuseries, Science & Nature TV"
s7198,Movie,,Quentin Tarantino,United States,2020-01-01,2003,R,111 min,Action & Adventure
s7199,Movie,,Quentin Tarantino,United States,2020-01-01,2004,R,137 min,Action & Adventure
s7200,Movie,,Steven Gomez,United Kingdom,2017-02-23,2016,TV-MA,100 min,"Action & Adventure, Independent Movies, Sci-Fi & Fantasy"
s7201,Movie,,Frédéric Tonolli,France,2019-05-01,2015,TV-14,53 min,"Documentaries, International Movies"
s7202,Movie,,Paul Tanter,United States,2017-02-17,2016,TV-MA,87 min,Action & Adventure
s7203,Movie,,Jonathan Hensleigh,United States,2020-08-21,2011,R,106 min,"Action & Adventure, Dramas, Independent Movies"
s7204,Movie,,Stephen Chiodo,United States,2020-04-01,1988,PG-13,86 min,"Comedies, Cult Movies, Horror Movies"
s7205,Movie,,Robert Luketic,United States,2021-01-01,2010,PG-13,100 min,"Action & Adventure, Comedies, Romantic Movies"
s7206,Movie,,Attila Till,Hungary,2018-03-15,2016,TV-MA,103 min,"Action & Adventure, Dramas, International Movies"
s7207,Movie,,Paul Katis,United Kingdom,2019-03-01,2014,R,109 min,"Dramas, Independent Movies, Thrillers"
s7208,Movie,,Felix Thompson,United States,2016-07-01,2015,NR,81 min,"Dramas, Independent Movies"
s7209,Movie,,Jeffrey W. Byrd,United States,2019-11-01,2005,PG-13,98 min,"Action & Adventure, Comedies"
s7211,Movie,,"Peter Farrelly, Bobby Farrelly",United States,2020-01-01,1996,PG-13,114 min,"Comedies, Cult Movies, Sports Movies"
s7212,Movie,,Deniz Gamze Ergüven,France,2018-10-29,2017,R,87 min,Dramas
s7213,Movie,,"Abbas Alibhai Burmawalla, Mastan Alibhai Burmawalla",India,2017-11-01,2015,TV-PG,132 min,"Comedies, International Movies"
s7214,Movie,,Gary Fleder,United States,2020-01-01,1997,R,116 min,Thrillers
s7217,Movie,,Woo Ming Jin,Malaysia,2017-08-21,2013,TV-14,92 min,"Comedies, Horror Movies, International Movies"
s7219,Movie,,Eli Roth,United States,2020-11-01,2015,R,99 min,"Horror Movies, Thrillers"
s7220,Movie,,"Frank Capra, Joris Ivens",United States,2017-03-31,1945,TV-14,63 min,"Classic Movies, Documentaries"
s7221,Movie,,Alex Proyas,United States,2019-10-01,2009,PG-13,121 min,"Sci-Fi & Fantasy, Thrillers"
s7222,Movie,,Jonathan Taylor,United Kingdom,2017-03-01,2016,TV-G,56 min,Documentaries
s7224,Movie,,"Joachim Rønning, Espen Sandberg",United Kingdom,2019-04-26,2012,PG-13,96 min,"Action & Adventure, Dramas, International Movies"
s7225,Movie,,Gulzar,India,2019-12-31,1972,TV-14,115 min,"International Movies, Romantic Movies"
s7226,Movie,,Hans Petter Moland,Norway,2017-01-05,2014,TV-MA,117 min,"Comedies, International Movies, Thrillers"
s7228,Movie,,"Munjal Shroff, Tilak Shetty",Not Given,2017-09-08,2013,TV-Y7,62 min,Children & Family Movies
s7229,Movie,,"Munjal Shroff, Tilak Shetty",Not Given,2017-09-08,2016,TV-Y,65 min,Children & Family Movies
s7230,Movie,,Tilak Shetty,Not Given,2017-09-08,2012,TV-Y7,61 min,Children & Family Movies
s7235,Movie,,Trey Edward Shults,United States,2018-11-07,2015,R,81 min,"Dramas, Independent Movies"
s7237,Movie,,Oliver Blackburn,United States,2015-10-31,2013,NR,85 min,Horror Movies
s7238,Movie,,William H. Macy,United States,2019-01-01,2017,R,93 min,"Comedies, Dramas"
s7239,Movie,,Remy Kohli,India,2019-12-31,2017,TV-MA,126 min,"Dramas, Independent Movies, International Movies"
s7240,Movie,,Stephen Chow,Hong Kong,2020-04-01,2004,R,99 min,"Action & Adventure, Comedies, Cult Movies"
s7241,Movie,,Andrés Couturier,Mexico,2018-08-01,2010,TV-Y7,79 min,"Children & Family Movies, Comedies"
s7242,Movie,,Tim Johnson,United States,2012-12-01,2010,TV-PG,26 min,"Children & Family Movies, Comedies"
s7243,Movie,,Stanley Tong,China,2017-10-06,2017,TV-PG,107 min,"Action & Adventure, Comedies, International Movies"
s7245,Movie,,Nick Broomfield,United Kingdom,2019-01-08,1998,R,95 min,"Documentaries, Music & Musicals"
s7247,Movie,,Yusuf Pirhasan,Turkey,2017-03-10,2012,TV-MA,100 min,"Comedies, Dramas, International Movies"
s7248,Movie,,Kundan Shah,India,2018-04-01,2000,TV-PG,149 min,"Dramas, International Movies, Romantic Movies"
s7249,Movie,,Devin Chanda,United States,2018-03-12,2017,TV-MA,52 min,Music & Musicals
s7250,Movie,,Samir Karnik,India,2018-03-01,2004,TV-PG,165 min,"International Movies, Romantic Movies"
s7251,Movie,,"Leandro Mark, Nicolás Silbert",Argentina,2017-02-01,2016,TV-MA,104 min,"Comedies, International Movies"
s7244,Movie,,Suresh Pillai,Not Given,2018-08-01,2017,TV-14,133 min,"Dramas, International Movies, Romantic Movies"
s7232,Movie,,Tilak Shetty,Not Given,2017-09-08,2017,TV-Y7,65 min,Children & Family Movies
s7234,Movie,,"Munjal Shroff, Tilak Shetty",Not Given,2017-09-08,2013,TV-Y7,60 min,Children & Family Movies
s7253,Movie,,Luis Valdez,United States,2020-01-01,1987,PG-13,109 min,"Classic Movies, Dramas, Music & Musicals"
s7254,Movie,,Giulio Base,Italy,2017-02-15,2016,TV-MA,88 min,"Comedies, International Movies"
s7259,TV Show,,Alejandro Lozano,Colombia,2019-01-15,2016,TV-14,1 Season,"Crime TV Shows, International TV Shows, Spanish-Language TV Shows"
s7260,Movie,,Syed Ahmad Afzal,India,2018-03-01,2016,TV-14,143 min,"Dramas, International Movies, Thrillers"
s7261,Movie,,Sopon Sukdapisit,Thailand,2018-09-07,2011,TV-MA,112 min,"Horror Movies, International Movies"
s7262,Movie,,Chris Nahon,Hong Kong,2017-08-05,2016,R,101 min,Action & Adventure
s7263,Movie,,M. Night Shyamalan,United States,2019-07-01,2006,PG-13,110 min,"Sci-Fi & Fantasy, Thrillers"
s7266,Movie,,Mahesh Manjrekar,India,2018-03-15,2010,TV-MA,145 min,"Dramas, International Movies"
s7268,Movie,,R. Ellis Frazier,United States,2017-09-15,2017,TV-14,87 min,Action & Adventure
s7270,Movie,,Jaki Bradley,United States,2020-03-11,2019,TV-MA,86 min,"Dramas, Independent Movies, LGBTQ Movies"
s7271,Movie,,Kazuaki Kiriya,United Kingdom,2019-08-01,2015,R,115 min,Action & Adventure
s7272,Movie,,Massy Tadjedin,United States,2019-01-01,2010,R,93 min,"Dramas, Independent Movies, Romantic Movies"
s7273,Movie,,"Damien Piscarel, Florent Bodin",France,2018-05-01,2017,TV-14,121 min,"Documentaries, International Movies, Sports Movies"
s7274,Movie,,Emmanuel Amara,France,2019-05-01,2014,TV-PG,54 min,"Documentaries, International Movies"
s7275,Movie,,Anand Tucker,United States,2019-11-15,2010,PG,100 min,"Comedies, Romantic Movies"
s7276,Movie,,Roy Allen Smith,United States,2020-04-15,2003,TV-Y,37 min,Children & Family Movies
s7277,Movie,,Ron Myrick,United States,2020-04-15,2011,TV-Y,33 min,Movies
s7278,Movie,,Ron Myrick,United States,2020-04-15,2011,TV-Y,35 min,Movies
s7279,Movie,,Ron Myrick,United States,2020-04-15,2011,TV-Y,32 min,Children & Family Movies
s7281,Movie,,B.N. Shajeer Sha,India,2018-08-01,2017,TV-MA,147 min,"Comedies, Horror Movies, International Movies"
s7282,Movie,,Vic Armstrong,United States,2018-12-26,2014,PG-13,110 min,"Action & Adventure, Faith & Spirituality, Sci-Fi & Fantasy"
s7283,Movie,,Zack Snyder,United States,2020-01-01,2010,PG,97 min,Children & Family Movies
s7284,Movie,,Yang Lei,China,2018-03-30,2017,TV-MA,108 min,"Action & Adventure, International Movies, Sci-Fi & Fantasy"
s7285,Movie,,Chia-Liang Liu,Hong Kong,2018-08-16,1982,TV-14,101 min,"Action & Adventure, Cult Movies, International Movies"
s7290,Movie,,"Anders Falck, Stinus Morell Vithner",Not Given,2018-06-15,2018,TV-G,48 min,"Documentaries, International Movies"
s7287,Movie,,Scott Stewart,United States,2019-11-01,2010,R,100 min,"Action & Adventure, Horror Movies, Sci-Fi & Fantasy"
s7289,TV Show,,"Andrew Tan, Stephen Murray",Denmark,2019-02-01,2018,TV-Y,1 Season,Kids' TV
s7977,Movie,,Sam Taplin,United States,2017-04-22,2014,TV-PG,55 min,Documentaries
s7293,Movie,,Mario Cambi,United States,2015-12-20,2013,TV-Y7-FV,78 min,"Children & Family Movies, Comedies"
s7294,Movie,,"Pascal Blanchard, Sonia Dauger, David Dietz",France,2017-03-15,2016,TV-MA,103 min,"Documentaries, International Movies, Sports Movies"
s7295,Movie,,John Huston,United States,2017-03-31,1946,TV-PG,58 min,"Classic Movies, Documentaries"
s7296,TV Show,,Onur Ünlü,Turkey,2017-04-15,2014,TV-MA,3 Seasons,"International TV Shows, Romantic TV Shows, TV Comedies"
s7297,Movie,,Jenna Laurenzo,United States,2019-02-07,2018,TV-14,90 min,"Comedies, LGBTQ Movies"
s7299,Movie,,Jeff Baena,United States,2018-07-21,2014,R,89 min,"Comedies, Horror Movies, Independent Movies"
s7300,Movie,,Ron Davis,United States,2019-06-01,2018,TV-PG,83 min,"Documentaries, LGBTQ Movies"
s7292,TV Show,,Not Given,Pakistan,2018-08-20,2017,TV-Y,1 Season,Kids' TV
s7311,Movie,,Ellen Weissbrod,Not Given,2019-11-01,1990,TV-14,116 min,"Documentaries, Music & Musicals"
s7303,Movie,,Justin McConnell,Canada,2019-05-28,2018,TV-MA,84 min,"Horror Movies, Independent Movies, Thrillers"
s7304,Movie,,Johnnie To,Hong Kong,2018-08-16,1997,TV-14,104 min,"Action & Adventure, International Movies"
s7305,Movie,,Kevin Peeples,United States,2019-05-06,2018,TV-PG,99 min,"Dramas, Faith & Spirituality"
s7306,Movie,,Alfonso Arau,Mexico,2019-11-01,1992,R,105 min,"Classic Movies, Dramas, International Movies"
s7307,Movie,,Charles Stone III,United States,2016-02-06,2015,R,94 min,"Dramas, Thrillers"
s7309,Movie,,Steven Spielberg,United States,2018-02-21,2012,PG-13,150 min,Dramas
s7310,Movie,,Karim El Sobky,Egypt,2019-05-09,2013,TV-14,111 min,"Action & Adventure, International Movies"
s7298,TV Show,,Not Given,Canada,2019-10-02,2014,TV-PG,1 Season,Reality TV
s7312,Movie,,Hua Shan,Hong Kong,2018-08-01,1983,TV-14,92 min,"Action & Adventure, International Movies, Romantic Movies"
s7314,Movie,,Tim Bartley,Australia,2018-03-15,2016,TV-Y7,23 min,"Children & Family Movies, Comedies"
s7315,Movie,,Robyn Butler,Australia,2018-03-15,2016,TV-Y7,25 min,"Children & Family Movies, Comedies"
s7316,Movie,,Ira Sachs,United States,2017-01-12,2016,PG,85 min,"Dramas, Independent Movies"
s7317,Movie,,Steve Brill,United States,2020-12-01,2000,PG-13,90 min,Comedies
s7321,Movie,,Zach Clark,United States,2017-01-14,2016,NR,91 min,"Comedies, Dramas, Independent Movies"
s7323,Movie,,Nick Gomez,United States,2016-07-25,2014,TV-14,87 min,Thrillers
s7324,Movie,,Werner Herzog,United States,2016-12-23,2016,PG-13,98 min,Documentaries
s7327,Movie,,Guy Ritchie,United Kingdom,2019-01-01,1998,R,108 min,"Action & Adventure, Comedies, Independent Movies"
s7328,Movie,,Steven Knight,United Kingdom,2018-07-15,2013,R,85 min,"Dramas, Independent Movies"
s7329,Movie,,"James Mather, Steve Saint Leger",France,2020-05-07,2012,PG-13,95 min,"Action & Adventure, International Movies, Sci-Fi & Fantasy"
s7330,Movie,,"Fernando Sariñana, José Luis Gutiérrez",Mexico,2017-07-30,2017,TV-MA,103 min,"Dramas, Independent Movies, International Movies"
s7470,Movie,,Barbara Kopple,United States,2017-01-07,2015,TV-MA,94 min,"Documentaries, Music & Musicals"
s7318,Movie,,Prakash Satam,Not Given,2018-12-01,2018,TV-Y7-FV,68 min,"Children & Family Movies, Comedies"
s7320,Movie,,Prakash Satam,Not Given,2019-04-22,2019,TV-Y7,66 min,"Children & Family Movies, Comedies"
s7331,Movie,,Michael Anderson,United States,2019-11-01,1976,PG,118 min,"Action & Adventure, Classic Movies, Cult Movies"
s7340,Movie,,Ignacio López Escrivá,Not Given,2017-12-15,2017,TV-14,88 min,"Documentaries, International Movies"
s7333,Movie,,Stanley Kubrick,United Kingdom,2019-11-01,1962,R,153 min,"Classic Movies, Dramas, Romantic Movies"
s7334,TV Show,,Jakob Verbruggen,United Kingdom,2017-03-31,2015,TV-MA,1 Season,"British TV Shows, Crime TV Shows, International TV Shows"
s7335,Movie,,"Jennifer Baichwal, Nicholas de Pencier",Canada,2017-11-12,2017,TV-14,96 min,"Documentaries, International Movies, Music & Musicals"
s7336,Movie,,Sze Yu Lau,Hong Kong,2018-08-16,1990,TV-14,88 min,"Action & Adventure, Comedies, International Movies"
s7337,Movie,,David Wnendt,Germany,2016-04-09,2015,NR,116 min,"Comedies, International Movies"
s7338,Movie,,Parambrata Chatterjee,India,2017-09-01,2015,TV-14,155 min,"Dramas, International Movies, Sports Movies"
s7341,TV Show,,Alessandro Angulo,Colombia,2018-08-01,2012,TV-14,1 Season,"Crime TV Shows, Docuseries, International TV Shows"
s7342,Movie,,Sarah Moshman,United States,2017-05-01,2017,TV-14,92 min,"Documentaries, Sports Movies"
s7345,Movie,,Charneice Fox,United States,2020-02-17,2019,TV-MA,98 min,"Comedies, Romantic Movies"
s7346,Movie,,Pang Ho-cheung,Hong Kong,2018-08-01,2010,TV-MA,103 min,"Comedies, Dramas, International Movies"
s7347,Movie,,Saandeep Patel,India,2018-05-01,2017,TV-14,163 min,"Comedies, International Movies, Romantic Movies"
s7348,Movie,,Stephen Chow,Hong Kong,2018-08-16,1994,TV-14,93 min,"Action & Adventure, Comedies, International Movies"
s7351,Movie,,Steven Fine,United States,2019-07-15,2018,TV-MA,77 min,"Dramas, Thrillers"
s7352,Movie,,Ahmad Samir Farag,Egypt,2019-04-25,2011,TV-14,97 min,"Comedies, International Movies, Romantic Movies"
s7353,Movie,,Sridhar Jetty,Indonesia,2019-01-05,2015,TV-14,115 min,"Comedies, International Movies, Romantic Movies"
s7355,Movie,,Christian Ditter,Germany,2019-11-20,2014,R,103 min,"Comedies, International Movies, Romantic Movies"
s7356,Movie,,Alma Har'el,United States,2017-05-07,2016,TV-MA,82 min,Documentaries
s7357,Movie,,Katherine Brooks,United States,2018-07-01,2006,TV-MA,77 min,"Dramas, Independent Movies, LGBTQ Movies"
s7358,Movie,,Johnnie To,Hong Kong,2018-08-16,1995,TV-14,79 min,"Dramas, International Movies"
s7359,Movie,,Ana Quiroga,Argentina,2018-07-15,2016,TV-PG,98 min,"Documentaries, International Movies, Sports Movies"
s7361,Movie,,"Radhika Rao, Vinay Sapru",India,2017-11-15,2005,TV-14,131 min,"Dramas, International Movies, Romantic Movies"
s7362,Movie,,Prabhuraj,India,2019-04-05,2018,TV-14,110 min,"Horror Movies, International Movies, Thrillers"
s7363,Movie,,Ticoy Rodriguez,Argentina,2016-07-15,2015,TV-MA,100 min,"Comedies, International Movies, Sports Movies"
s7364,Movie,,Jayan Vannery,India,2018-07-01,2017,TV-14,117 min,"International Movies, Thrillers"
s7365,Movie,,Pratim D. Gupta,India,2018-01-01,2017,TV-PG,107 min,"Dramas, International Movies"
s7366,Movie,,Dylan C. Brown,United States,2016-04-20,2012,R,76 min,Comedies
s7367,Movie,,Debaloy Dey,India,2017-10-15,2014,TV-MA,118 min,"Horror Movies, International Movies"
s7368,Movie,,George Miller,Australia,2020-08-01,1979,R,93 min,"Action & Adventure, Classic Movies, Cult Movies"
s7370,Movie,,"Callie Khouri, Jesse V. Johnson",United States,2019-11-01,2008,PG-13,99 min,Comedies
s7371,Movie,,Jim Monaco,United States,2010-11-01,1987,NR,84 min,"Cult Movies, Horror Movies"
s7372,Movie,,Chun Wong,Hong Kong,2018-09-20,2016,TV-MA,102 min,"Dramas, International Movies"
s7373,Movie,,Nishikant Kamat,India,2017-02-17,2016,TV-14,134 min,"Dramas, Independent Movies, International Movies"
s7374,Movie,,Ben Patterson,United States,2018-01-01,2017,TV-MA,78 min,Documentaries
s7375,Movie,,Aaron Burns,Chile,2017-08-26,2016,TV-MA,95 min,"International Movies, Thrillers"
s7376,TV Show,,Iginio Straffi,Italy,2019-03-31,2017,TV-Y7,1 Season,"Kids' TV, TV Comedies"
s7378,Movie,,Luc Vinciguerra,France,2015-12-20,2013,TV-Y,73 min,Children & Family Movies
s7379,Movie,,Thierry Donard,France,2020-06-12,2018,TV-14,110 min,"Action & Adventure, Documentaries, International Movies"
s7380,Movie,,Benjamin Ree,Norway,2017-02-22,2016,TV-PG,75 min,"Children & Family Movies, Documentaries, International Movies"
s7381,Movie,,Amaan Khan,India,2018-08-01,2013,TV-14,119 min,"Action & Adventure, Dramas, International Movies"
s7385,Movie,,Li Pei-Chuan,Hong Kong,2018-08-16,1981,TV-PG,92 min,"Comedies, International Movies"
s7387,Movie,,David Dhawan,India,2019-12-31,2005,TV-14,137 min,"Comedies, International Movies, Music & Musicals"
s7388,Movie,,Sooraj R. Barjatya,India,2018-01-01,1989,TV-PG,192 min,"Dramas, International Movies, Music & Musicals"
s7389,Movie,,Sameer Vidwans,India,2018-11-15,2017,TV-PG,132 min,"Dramas, International Movies"
s7390,Movie,,Michael Winnick,United States,2019-02-01,2018,TV-MA,91 min,Horror Movies
s7391,Movie,,Keanu Reeves,United States,2018-07-26,2013,R,105 min,"Action & Adventure, Dramas"
s7392,Movie,,Ben Palmer,United Kingdom,2018-09-04,2015,R,88 min,"Comedies, International Movies, Romantic Movies"
s7406,Movie,,Nathan Landeg,Not Given,2016-05-01,2016,TV-14,29 min,Movies
s7394,Movie,,Shyam Benegal,India,2020-01-01,1983,TV-MA,155 min,"Dramas, Independent Movies, International Movies"
s7395,Movie,,Tathagata Banerjee,India,2018-04-01,2017,TV-14,103 min,"Dramas, International Movies, Romantic Movies"
s7396,Movie,,David Gordon Green,United States,2017-04-16,2014,PG-13,97 min,"Dramas, Independent Movies"
s7397,Movie,,John Upchurch,United States,2018-03-15,2016,TV-14,92 min,"Dramas, Independent Movies"
s7398,Movie,,Tom O'Brien,United States,2017-09-08,2014,TV-14,98 min,"Comedies, Independent Movies, Romantic Movies"
s7399,Movie,,Michael Roberts,United Kingdom,2018-01-15,2017,TV-MA,89 min,"Documentaries, International Movies"
s7400,Movie,,Patricia Rozema,United Kingdom,2020-01-01,1999,PG-13,112 min,"Comedies, Dramas, International Movies"
s7401,Movie,,Rahat Kazmi,India,2017-12-15,2017,TV-MA,75 min,"Dramas, Independent Movies, International Movies"
s7402,Movie,,Nicholas Kharkongor,India,2017-12-15,2017,TV-14,89 min,"Dramas, Independent Movies, International Movies"
s7403,Movie,,Clive Tonge,United Kingdom,2019-01-05,2017,TV-MA,99 min,"Horror Movies, Thrillers"
s7404,Movie,,Steven C. Miller,Canada,2020-12-01,2016,R,107 min,Action & Adventure
s7408,Movie,,Pulkit,India,2017-02-01,2016,TV-MA,94 min,"Dramas, Independent Movies, International Movies"
s7410,TV Show,,Everardo Gout,United States,2019-11-01,2018,TV-PG,2 Seasons,"Docuseries, Science & Nature TV, TV Dramas"
s7411,Movie,,Chia-Liang Liu,Hong Kong,2018-08-16,1986,R,90 min,"Action & Adventure, International Movies"
s7412,Movie,,David Raynr,United States,2019-12-01,2002,R,104 min,Stand-Up Comedy
s7413,Movie,,David Batty,United States,2018-01-01,2017,TV-PG,55 min,"Documentaries, Faith & Spirituality"
s7414,Movie,,Deepika Narayan Bhardwaj,India,2018-03-15,2016,TV-14,83 min,"Documentaries, International Movies"
s7416,Movie,,"Leo Riley, Eric Radomski",United States,2014-02-16,2013,PG,72 min,"Action & Adventure, Sci-Fi & Fantasy"
s7417,Movie,,Hiromasa Yonebayashi,Japan,2018-07-17,2017,PG,103 min,"Anime Features, Children & Family Movies"
s7418,Movie,,Rob Marshall,United States,2019-07-09,2018,PG,131 min,"Children & Family Movies, Music & Musicals"
s7415,Movie,,Eric Drath,Not Given,2015-03-15,2014,TV-PG,77 min,"Documentaries, Sports Movies"
s7420,Movie,,Shekhar Kapur,India,2019-12-31,1983,TV-14,138 min,"Dramas, Independent Movies, International Movies"
s7421,Movie,,Ui-seok Jo,South Korea,2018-02-01,2016,NR,143 min,"Action & Adventure, International Movies"
s7422,Movie,,Pablo D'Alo Abba,Argentina,2018-08-01,2017,TV-MA,80 min,"Dramas, Independent Movies, International Movies"
s7423,Movie,,"Sudesh Manjrekar, Atul Kale",India,2018-02-15,2006,TV-14,132 min,"Comedies, Dramas, International Movies"
s7424,Movie,,Daniel Noah,United States,2017-01-15,2013,TV-14,84 min,"Dramas, Independent Movies"
s7425,Movie,,Philip Yung,Hong Kong,2018-08-26,2014,TV-MA,99 min,"Dramas, International Movies"
s7426,Movie,,"Hassan Hegazy, Shady Ali",Egypt,2019-07-20,2017,TV-14,93 min,"Comedies, International Movies, Music & Musicals"
s7427,Movie,,"Bob Hercules, Rita Coburn Whack",United States,2017-05-01,2016,TV-PG,114 min,Documentaries
s7428,Movie,,Samuel D. Pollard,United States,2018-09-02,2017,TV-PG,100 min,Documentaries
s7429,Movie,,Sachin,India,2018-01-01,1988,TV-PG,132 min,"Comedies, International Movies, Romantic Movies"
s7430,Movie,,Jesús Magaña Vázquez,Mexico,2017-02-14,2016,TV-MA,83 min,"Comedies, Dramas, International Movies"
s7431,Movie,,Nathan Morlando,Canada,2019-07-01,2016,R,105 min,"Dramas, Independent Movies, Thrillers"
s7432,Movie,,Martin Scorsese,United States,2019-07-01,1973,R,112 min,"Classic Movies, Dramas, Independent Movies"
s7433,Movie,,Mina Shum,Canada,2018-03-09,2017,TV-PG,94 min,Dramas
s7434,Movie,,Jacek Koprowicz,Poland,2019-10-01,1985,TV-MA,90 min,"Horror Movies, International Movies, Thrillers"
s7435,Movie,,"Paul Berczeller, Mark Radice",United Kingdom,2017-10-25,2017,TV-14,48 min,Documentaries
s7438,Movie,,Binu Ulahhannan,India,2018-08-01,2017,TV-PG,110 min,"Dramas, International Movies, Romantic Movies"
s7440,Movie,,Bob Odenkirk,United States,2018-07-01,2003,R,84 min,"Comedies, Dramas, Independent Movies"
s7441,Movie,,Shin-yeon Won,South Korea,2018-02-19,2017,TV-MA,118 min,"Dramas, International Movies, Thrillers"
s7442,Movie,,"Janet Tobias, Claus Wehlisch",Germany,2019-06-19,2018,TV-14,86 min,Documentaries
s7443,Movie,,Barry Sonnenfeld,United States,2019-10-19,1997,PG-13,98 min,"Action & Adventure, Comedies, Sci-Fi & Fantasy"
s7444,Movie,,Barry Sonnenfeld,United States,2019-10-01,2002,PG-13,88 min,"Action & Adventure, Comedies, Sci-Fi & Fantasy"
s7445,Movie,,John Barnard,Canada,2017-08-27,2016,TV-MA,81 min,"Dramas, Independent Movies"
s7446,Movie,,Gareth Evans,Indonesia,2019-02-13,2009,R,112 min,"Action & Adventure, Dramas, International Movies"
s7449,Movie,,Toka McBaror,Nigeria,2019-09-21,2018,TV-MA,106 min,"Comedies, International Movies"
s7451,Movie,,Santosh Manjrekar,India,2018-01-01,2009,TV-14,148 min,"Comedies, International Movies, Sci-Fi & Fantasy"
s7452,Movie,,Bharat Nalluri,United Kingdom,2019-08-01,2015,R,105 min,"Action & Adventure, Dramas, International Movies"
s7453,Movie,,Steve Carr,United States,2019-03-03,2016,PG,92 min,"Children & Family Movies, Comedies"
s7455,Movie,,Jeff Nichols,United States,2020-09-07,2016,PG-13,112 min,"Action & Adventure, Sci-Fi & Fantasy"
s7457,Movie,,Gus Van Sant,United States,2017-02-16,2008,R,128 min,"Dramas, Independent Movies, LGBTQ Movies"
s7459,Movie,,Anil Thomas,India,2018-08-01,2017,TV-14,128 min,"Dramas, International Movies"
s7461,Movie,,Gavin O'Connor,Canada,2018-06-01,2004,PG,136 min,"Children & Family Movies, Dramas, Sports Movies"
s7462,Movie,,Tarsem Singh,United States,2020-04-24,2012,PG,106 min,"Children & Family Movies, Comedies"
s7463,Movie,,Rakeysh Omprakash Mehra,India,2017-02-20,2016,TV-MA,129 min,"Dramas, International Movies, Music & Musicals"
s7465,Movie,,Keiichi Hara,Japan,2017-10-01,2015,PG-13,90 min,Anime Features
s7466,Movie,,Liv Ullmann,Norway,2015-09-02,2014,PG-13,130 min,"Dramas, International Movies"
s7467,Movie,,Kenny Young,United States,2017-12-19,2017,TV-14,85 min,Romantic Movies
s7468,Movie,,Jennifer Siebel Newsom,United States,2017-10-20,2011,NR,90 min,Documentaries
s7471,Movie,,Julia Hart,United States,2016-12-19,2016,NR,86 min,"Dramas, Independent Movies"
s7472,Movie,,David Fairhead,United States,2017-08-13,2017,TV-14,100 min,Documentaries
s7473,Movie,,David Blair,United Kingdom,2019-07-29,2018,TV-MA,107 min,"Action & Adventure, Dramas"
s7474,Movie,,Osman Ali,Malaysia,2017-08-07,2014,TV-PG,93 min,"Comedies, International Movies, Romantic Movies"
s7475,Movie,,"Anna Boden, Ryan Fleck",United States,2018-07-26,2015,R,109 min,"Dramas, Independent Movies"
s7476,Movie,,Munish Bhardwaj,India,2017-05-01,2016,TV-MA,109 min,"Dramas, Independent Movies, International Movies"
s7477,Movie,,Ted Geoghegan,United States,2018-06-30,2017,TV-MA,92 min,"Action & Adventure, Horror Movies, Independent Movies"
s7478,Movie,,William Monahan,United States,2018-07-26,2015,R,93 min,"Dramas, Independent Movies, Thrillers"
s7479,Movie,,Kunle Afolayan,Nigeria,2019-09-01,2019,TV-14,100 min,"Dramas, International Movies"
s7480,Movie,,Aaron Sorkin,China,2020-04-01,2017,R,141 min,Dramas
s7482,Movie,,Mike Newell,United States,2019-01-01,2003,PG-13,119 min,Dramas
s7483,Movie,,Martin Rosete,United States,2017-10-15,2016,R,84 min,Thrillers
s7485,Movie,,Brett Ratner,United States,2019-11-01,1997,R,96 min,"Action & Adventure, Comedies"
s7487,Movie,,Robert Vince,Canada,2016-03-19,2016,PG,83 min,"Children & Family Movies, Comedies"
s7488,Movie,,Ahmed El Gendy,Egypt,2019-06-15,2017,TV-MA,117 min,"Comedies, International Movies"
s7489,Movie,,Holger Tappe,Germany,2018-04-04,2017,PG,93 min,Children & Family Movies
s7490,Movie,,Steve Sacks,United States,2018-03-01,2013,TV-Y7,73 min,Children & Family Movies
s7481,TV Show,,Not Given,South Korea,2017-07-01,2014,TV-14,1 Season,"International TV Shows, Korean TV Shows, Romantic TV Shows"
s7491,Movie,,William Lau,United States,2015-09-29,2015,TV-Y7,72 min,"Children & Family Movies, Music & Musicals"
s7492,Movie,,"Steve Ball, Andrew Duncan",United States,2018-01-01,2012,TV-Y7,46 min,Children & Family Movies
s7493,Movie,,"William Lau, Sylvain Blais",United States,2018-01-30,2014,TV-Y7,74 min,Children & Family Movies
s7494,Movie,,Dustin McKenzie,United States,2018-01-01,2013,TV-Y7,46 min,Children & Family Movies
s7495,Movie,,"Victor Dal Chele, Alfred Gimeno",United States,2018-01-01,2011,TV-Y7,46 min,Children & Family Movies
s7496,Movie,,William Lau,United States,2018-01-01,2014,TV-Y7,74 min,Children & Family Movies
s7497,Movie,,"Mike Fetterly, Steve Sacks",United States,2018-03-01,2012,TV-Y7,71 min,Children & Family Movies
s7498,Movie,,William Lau,United States,2017-10-01,2016,TV-Y7,72 min,Children & Family Movies
s7499,Movie,,"Dan Fraga, William Lau",United States,2018-03-24,2015,TV-Y7,76 min,Children & Family Movies
s7500,Movie,,"Audu Paden, Eric Radomski",United States,2017-10-01,2010,TV-Y7,23 min,Children & Family Movies
s7501,Movie,,"Dustin McKenzie, Andrew Duncan, Audu Paden",United States,2015-07-07,2013,TV-G,60 min,Children & Family Movies
s7502,Movie,,"Dustin McKenzie, Steve Sacks",United States,2018-01-01,2013,TV-Y7,46 min,Children & Family Movies
s7504,Movie,,Robert Luketic,United States,2020-01-01,2005,PG-13,101 min,"Comedies, Romantic Movies"
s7505,TV Show,,Rachel Bell,United Kingdom,2019-07-26,2013,TV-G,1 Season,"British TV Shows, Docuseries, International TV Shows"
s7507,Movie,,Duncan Jones,United Kingdom,2020-01-01,2009,R,97 min,"Dramas, Independent Movies, Sci-Fi & Fantasy"
s7508,Movie,,Barry Jenkins,United States,2019-05-21,2016,R,111 min,"Dramas, Independent Movies, LGBTQ Movies"
s7509,Movie,,Antoine Bardou-Jacquet,France,2017-09-08,2015,R,96 min,"Action & Adventure, Comedies, International Movies"
s7510,Movie,,Jami,Pakistan,2017-11-01,2015,TV-14,135 min,"Dramas, Independent Movies, International Movies"
s7511,Movie,,Chad Hartigan,Germany,2018-11-01,2016,R,91 min,"Dramas, Independent Movies, International Movies"
s7512,Movie,,Michael Mayer,United States,2018-02-01,2013,TV-MA,84 min,Documentaries
s7513,Movie,,Avadhoot Gupte,India,2018-02-15,2011,TV-14,121 min,"Dramas, International Movies"
s7514,Movie,,Suhas Kadav,India,2017-07-06,2016,TV-Y7-FV,109 min,"Children & Family Movies, Comedies"
s7515,Movie,,Jennifer Peedom,Australia,2018-10-01,2017,PG,74 min,"Action & Adventure, Documentaries, International Movies"
s7516,Movie,,"Peter Farrelly, Will Graham, Steve Carr, Griffin Dunne, Steve Brill, James Duffy, Jonathan van Tulleken, Elizabeth Banks, Patrik Forsberg, Brett Ratner, Rusty Cundieff, James Gunn",United States,2019-04-09,2013,R,94 min,Comedies
s7517,Movie,,Bruce Beresford,United States,2018-12-22,2016,PG-13,105 min,Dramas
s7518,Movie,,Steve Brill,United States,2020-08-01,2002,PG-13,97 min,"Comedies, Romantic Movies"
s7519,Movie,,Tomer Heymann,Israel,2017-06-15,2015,TV-14,102 min,"Documentaries, International Movies"
s7520,Movie,,Anthony Chan,Hong Kong,2018-08-16,1984,TV-14,86 min,"Comedies, Dramas, International Movies"
s7521,Movie,,Craig Gillespie,United States,2019-09-01,2007,PG-13,88 min,Comedies
s7523,Movie,,Wael Ihsan,Egypt,2019-06-06,2012,TV-14,90 min,"Comedies, International Movies"
s7524,Movie,,Jeff Nichols,United States,2021-01-01,2012,PG-13,131 min,"Dramas, Independent Movies"
s7525,Movie,,David Dhawan,India,2019-12-31,2004,TV-PG,158 min,"Comedies, International Movies, Romantic Movies"
s7526,Movie,,"Alexandre Heboyan, Benoît Philippon",France,2018-01-26,2014,PG,85 min,Children & Family Movies
s7527,Movie,,James Bobin,United States,2020-09-01,2014,PG,110 min,"Children & Family Movies, Comedies"
s7528,Movie,,Jeremy Saulnier,United States,2018-09-01,2007,NR,79 min,"Comedies, Cult Movies, Horror Movies"
s7531,Movie,,"Lewis Milestone, Carol Reed",United States,2019-11-01,1962,TV-PG,185 min,"Action & Adventure, Classic Movies, Dramas"
s7532,Movie,,Bruce McDonald,Canada,2018-10-17,2010,TV-PG,80 min,"Children & Family Movies, Comedies"
s7533,Movie,,Onir,India,2018-10-30,2005,TV-PG,116 min,"Dramas, Independent Movies, International Movies"
s7534,Movie,,Waymon Boone,United States,2018-06-12,2017,TV-14,95 min,"Dramas, Faith & Spirituality"
s7535,Movie,,Ismail Farouk,Egypt,2019-04-18,2013,TV-14,99 min,"Comedies, International Movies"
s7536,Movie,,Dash Shaw,United States,2018-01-23,2016,PG-13,77 min,"Comedies, Independent Movies"
s7537,Movie,,Nathaniel Warsh,Canada,2017-08-15,2015,TV-MA,91 min,"Comedies, Romantic Movies"
s7544,Movie,,Wenn V. Deramas,Philippines,2019-03-04,2013,TV-14,104 min,"Comedies, Dramas, International Movies"
s7540,Movie,,Claude Barras,Switzerland,2017-10-01,2016,PG-13,68 min,"Comedies, Dramas, International Movies"
s7542,Movie,,"Ishi Rudell, Jayson Thiessen",United States,2015-12-01,2015,TV-Y,72 min,"Children & Family Movies, Comedies"
s7543,Movie,,"Jayson Thiessen, Ishi Rudell",United States,2014-12-17,2014,TV-Y,73 min,"Children & Family Movies, Comedies"
s7545,Movie,,"Siu-hung Chung, Wong Jing",Hong Kong,2018-08-16,2001,TV-14,90 min,"Action & Adventure, Comedies, International Movies"
s7546,Movie,,John Dower,United Kingdom,2017-07-13,2015,TV-MA,99 min,Documentaries
s7547,Movie,,Nick Cassavetes,United States,2019-09-01,2009,PG-13,109 min,Dramas
s7530,TV Show,,Not Given,Spain,2017-06-01,2017,TV-PG,2 Seasons,"Kids' TV, TV Comedies"
s7549,Movie,,Atsajun Sattakovit,Thailand,2018-07-25,2012,TV-MA,108 min,"Action & Adventure, Dramas, International Movies"
s7550,Movie,,Simon Curtis,United Kingdom,2019-05-30,2011,R,99 min,"Dramas, Romantic Movies"
s7551,Movie,,Moataz El Tony,Not Given,2019-04-18,2014,TV-14,99 min,"Comedies, International Movies"
s7553,Movie,,Sabu Varghese,India,2018-08-01,2017,TV-PG,88 min,"Horror Movies, International Movies"
s7554,Movie,,Jared Hess,United States,2019-11-01,2006,PG,92 min,"Comedies, Sports Movies"
s7555,Movie,,"Krishna Agazzi, Filippo Gastaldi",Italy,2017-02-05,2016,TV-PG,73 min,"Documentaries, International Movies"
s7556,Movie,,Dennis Bartok,Ireland,2018-03-10,2017,TV-MA,85 min,Horror Movies
s7557,Movie,,"Ben Bowie, Geoff Luck",United States,2020-05-28,2016,TV-PG,91 min,Documentaries
s7558,Movie,,Prakash Mehra,India,2019-12-31,1982,TV-14,171 min,"Action & Adventure, Comedies, International Movies"
s7559,Movie,,Heidi Saman,United States,2017-03-15,2016,NR,80 min,"Dramas, Independent Movies"
s7560,Movie,,Masahiko Murata,Japan,2017-09-01,2011,TV-14,102 min,"Action & Adventure, Anime Features, International Movies"
s7561,Movie,,Natalia Valdebenito,United States,2017-11-10,2017,TV-MA,76 min,Stand-Up Comedy
s7562,Movie,,Sonia Kennebeck,United States,2017-05-08,2016,TV-MA,92 min,Documentaries
s7564,Movie,,Greg MacGillivray,United States,2018-02-01,2016,TV-G,42 min,Documentaries
s7565,Movie,,Jon Turteltaub,United States,2018-06-01,2004,PG,131 min,"Action & Adventure, Children & Family Movies"
s7566,Movie,,Mahesh Manjrekar,India,2018-06-01,2016,TV-14,165 min,"Dramas, International Movies"
s7567,Movie,,"Roman Atwood, Ben Pluimer",United States,2016-09-15,2016,R,91 min,Comedies
s7568,Movie,,Chad L. Scheifele,United States,2016-12-01,2015,R,101 min,"Dramas, Independent Movies"
s7563,Movie,,Gene Quintano,Not Given,2019-11-01,1993,PG-13,82 min,"Action & Adventure, Comedies, Independent Movies"
s7576,Movie,,George Stevens,United States,2017-03-31,1945,TV-MA,59 min,"Classic Movies, Documentaries"
s7578,Movie,,Pablo Larraín,Chile,2017-06-26,2016,R,108 min,"Dramas, International Movies"
s7579,Movie,,Josh Webber,United States,2019-02-15,2018,TV-PG,89 min,"Dramas, Faith & Spirituality"
s7580,Movie,,Dennie Gordon,United States,2020-01-01,2004,PG,91 min,"Children & Family Movies, Comedies"
s7581,Movie,,Kim A. Snyder,United States,2017-04-07,2016,NR,84 min,Documentaries
s7582,Movie,,Lee Tamahori,United States,2019-07-01,2007,PG-13,96 min,"Action & Adventure, Sci-Fi & Fantasy"
s7583,Movie,,Arun Vaidyanathan,India,2018-05-01,2017,TV-14,124 min,"Action & Adventure, Dramas, International Movies"
s7584,Movie,,Jordana Spiro,United States,2020-08-27,2018,TV-MA,87 min,"Dramas, Independent Movies"
s7585,Movie,,Kelly Reichardt,United States,2019-06-30,2013,R,113 min,"Dramas, Independent Movies, Thrillers"
s7586,Movie,,Dan Gilroy,United States,2020-08-10,2014,R,118 min,"Dramas, Independent Movies, Thrillers"
s7588,Movie,,George C. Wolfe,United States,2019-07-01,2008,PG-13,97 min,"Dramas, Romantic Movies"
s7591,Movie,,Anees Bazmee,India,2018-03-01,2005,TV-PG,161 min,"Comedies, International Movies"
s7592,Movie,,Nicolás López,Chile,2018-05-04,2018,TV-MA,116 min,"Comedies, Dramas, International Movies"
s7617,Movie,,Tom Stubberfield,United States,2019-07-01,2018,TV-PG,53 min,Documentaries
s7574,TV Show,,Not Given,United Kingdom,2017-10-01,2016,TV-PG,1 Season,"British TV Shows, Docuseries, Science & Nature TV"
s7593,Movie,,Scott Hicks,United States,2019-10-01,2007,PG,104 min,"Comedies, Romantic Movies"
s7595,Movie,,Anthony Bell,United States,2020-05-25,2020,TV-Y7,89 min,Children & Family Movies
s7596,Movie,,Tim Maltby,India,2020-08-21,2019,TV-PG,92 min,Children & Family Movies
s7597,Movie,,"Richard Finn, Tim Maltby",United States,2019-09-09,2019,TV-PG,90 min,"Children & Family Movies, Comedies"
s7599,Movie,,"Kiki Goshay, Jacqueline Monetta",United States,2018-01-01,2017,TV-14,50 min,Documentaries
s7601,Movie,,Rushmore DeNooyer,United States,2019-07-01,2018,TV-G,113 min,Documentaries
s7602,Movie,,Martin Gorst,United States,2019-07-01,2017,TV-PG,53 min,Documentaries
s7603,Movie,,Giulia Clark,United States,2019-07-01,2017,TV-PG,54 min,Documentaries
s7604,Movie,,Sarah Holt,United States,2019-07-01,2017,TV-PG,53 min,Documentaries
s7605,Movie,,Terri Randall,United States,2019-07-01,2017,TV-G,54 min,Documentaries
s7606,Movie,,Doug Hamilton,United States,2019-07-01,2018,TV-14,113 min,Documentaries
s7607,Movie,,Martin Gorst,United States,2019-07-01,2017,TV-G,53 min,Documentaries
s7608,Movie,,Peter Fison,United States,2019-07-01,2017,TV-PG,53 min,Documentaries
s7609,Movie,,Graham Townsley,United States,2019-07-01,2018,TV-PG,53 min,Documentaries
s7610,Movie,,"Paula Apsell, Kirk Wolfinger",United States,2019-07-01,2017,TV-14,54 min,Documentaries
s7612,Movie,,Oliver Twinch,United States,2019-07-01,2017,TV-PG,52 min,Documentaries
s7613,Movie,,Oliver Twinch,United States,2019-07-01,2017,TV-PG,54 min,Documentaries
s7614,Movie,,Llewellyn M. Smith,United States,2019-07-01,2017,TV-PG,54 min,Documentaries
s7615,Movie,,Daniel McCabe,United States,2019-07-01,2018,TV-G,53 min,Documentaries
s7616,Movie,,Peter Yost,United States,2019-07-01,2017,TV-PG,53 min,Documentaries
s7620,Movie,,Sacha Gervasi,United States,2020-07-03,2017,PG-13,86 min,"Dramas, Thrillers"
s7621,Movie,,Lesli Linka Glatter,United States,2019-08-02,1995,PG-13,102 min,Dramas
s7622,Movie,,Peter Pardini,United States,2018-01-01,2016,TV-MA,114 min,"Documentaries, Music & Musicals"
s7623,Movie,,Sam Taylor-Johnson,United Kingdom,2018-04-14,2009,R,99 min,Dramas
s7626,Movie,,"Dana Doron, Uriel Sinai",Israel,2017-12-31,2012,TV-PG,55 min,"Documentaries, International Movies"
s7627,Movie,,Enrico Bisi,Italy,2018-04-15,2015,TV-MA,91 min,"Documentaries, International Movies, Music & Musicals"
s7631,Movie,,Lars von Trier,Denmark,2018-01-01,2013,NR,117 min,"Dramas, Independent Movies, International Movies"
s7632,Movie,,Lars von Trier,Denmark,2018-08-25,2013,TV-MA,124 min,"Dramas, Independent Movies, International Movies"
s7634,Movie,,Mat Whitecross,United Kingdom,2018-12-28,2016,R,122 min,"Documentaries, International Movies, Music & Musicals"
s7635,Movie,,Gillian Robespierre,United States,2018-07-19,2014,R,84 min,"Comedies, Dramas, Independent Movies"
s7636,Movie,,"Jacques Perrin, Jacques Cluzaud",France,2019-09-19,2009,G,84 min,"Documentaries, International Movies"
s7637,Movie,,Luke Sparke,Australia,2019-01-03,2018,R,120 min,"Action & Adventure, Sci-Fi & Fantasy"
s7638,Movie,,Lewis Milestone,United States,2019-11-01,1960,TV-PG,127 min,"Action & Adventure, Classic Movies, Comedies"
s7639,Movie,,Steven Soderbergh,United States,2019-10-01,2007,PG-13,122 min,"Action & Adventure, Comedies"
s7640,Movie,,Steven Soderbergh,United States,2019-10-01,2004,PG-13,125 min,"Action & Adventure, Comedies"
s7646,Movie,,Poj Arnon,Thailand,2018-07-25,2015,TV-MA,106 min,"Comedies, Horror Movies, International Movies"
s7642,Movie,,Nacho G. Velilla,Spain,2016-09-01,2015,TV-MA,107 min,"Comedies, International Movies"
s7643,Movie,,Shawn Crahan,United States,2017-03-30,2016,R,91 min,Action & Adventure
s7644,Movie,,Poj Arnon,Thailand,2018-07-25,2011,TV-MA,103 min,"Comedies, Horror Movies, International Movies"
s7645,Movie,,Poj Arnon,Thailand,2018-08-16,2012,TV-MA,103 min,"Comedies, Horror Movies, International Movies"
s7648,Movie,,Barak Goodman,United States,2017-04-19,2017,TV-14,102 min,Documentaries
s7649,TV Show,,Oliver Stone,United States,2016-11-15,2013,TV-PG,1 Season,Docuseries
s7651,Movie,,Mohamed Samy,Egypt,2019-04-25,2012,TV-MA,97 min,"Comedies, International Movies, Romantic Movies"
s7652,Movie,,Clarence Yiu-leung Fok,Hong Kong,2018-08-02,1983,TV-14,89 min,"Action & Adventure, International Movies"
s7653,Movie,,Heitor Dhalia,Brazil,2018-01-10,2017,TV-14,92 min,"Documentaries, Faith & Spirituality"
s7654,Movie,,Pradip Kurbah,India,2018-05-01,2016,TV-14,107 min,"Dramas, International Movies"
s7655,Movie,,Matt Askem,United States,2018-08-01,2018,TV-14,86 min,"Documentaries, Music & Musicals"
s7656,Movie,,Charlie Lightening,United States,2018-08-01,2018,TV-PG,70 min,"Documentaries, Music & Musicals"
s7657,Movie,,Charlie Lightening,United States,2018-08-01,2018,TV-MA,66 min,"Documentaries, Music & Musicals"
s7658,Movie,,Matt Askem,United States,2018-08-01,2018,TV-PG,72 min,"Documentaries, Music & Musicals"
s7659,Movie,,Simon Rumley,United Kingdom,2020-04-15,2019,TV-MA,111 min,"Dramas, International Movies"
s8093,Movie,,Jon J. Whelan,United States,2018-11-01,2015,TV-PG,91 min,Documentaries
s7660,Movie,,Sergio Leone,Italy,2019-11-20,1968,PG-13,166 min,"Action & Adventure, Classic Movies, International Movies"
s7661,Movie,,Banjong Pisanthanakun,Thailand,2018-09-05,2016,TV-PG,135 min,"Dramas, International Movies, Romantic Movies"
s7662,Movie,,Morgan Spurlock,United States,2019-10-01,2013,PG,92 min,"Documentaries, Music & Musicals"
s7674,Movie,,Tiller Russell,United States,2020-04-01,2018,TV-MA,93 min,Documentaries
s7664,Movie,,Tim Rouhana,United States,2019-08-25,2018,TV-MA,92 min,Dramas
s7665,Movie,,Noah Moskin,United States,2018-01-15,2017,TV-MA,89 min,Documentaries
s7666,Movie,,Jasmine D'Souza,India,2017-10-15,2016,TV-MA,93 min,"Dramas, International Movies, Music & Musicals"
s7668,Movie,,Nicolas Winding Refn,Denmark,2018-05-15,2013,R,90 min,"Cult Movies, Independent Movies, Thrillers"
s7669,Movie,,"Bill Guttentag, Michael Ware",Australia,2018-11-15,2015,TV-MA,76 min,"Documentaries, International Movies"
s7670,Movie,,"Roger Allers, Jill Culton",United States,2019-09-01,2006,PG,86 min,"Children & Family Movies, Comedies"
s7671,Movie,,John H. Lee,South Korea,2018-01-15,2016,NR,111 min,"Action & Adventure, Dramas, International Movies"
s7673,Movie,,Dante Lam,China,2017-08-05,2016,TV-MA,124 min,"Action & Adventure, International Movies"
s7677,Movie,,Dante Lam,China,2018-11-27,2018,TV-MA,139 min,"Action & Adventure, International Movies"
s7678,Movie,,Logan Kibens,United States,2017-02-16,2016,TV-MA,91 min,"Comedies, Dramas, Independent Movies"
s7679,Movie,,Chia Tang,Hong Kong,2018-08-16,1984,TV-MA,86 min,"Action & Adventure, International Movies"
s7681,Movie,,Kiran Narayanan,India,2018-08-01,2017,TV-14,122 min,"Comedies, Dramas, International Movies"
s7682,Movie,,Ben C. Lucas,Australia,2017-10-15,2017,TV-MA,96 min,"Dramas, Independent Movies, International Movies"
s7683,Movie,,Jayaraj Rajasekharan Nair,India,2017-03-15,2014,TV-PG,88 min,"Dramas, International Movies"
s7684,Movie,,"Mark Franchetti, Andrew Meier",United Kingdom,2019-09-10,2019,TV-MA,93 min,"Documentaries, International Movies"
s7685,Movie,,Anthony Scott Burns,Canada,2020-06-01,2018,PG-13,90 min,"Horror Movies, Thrillers"
s7687,Movie,,"Adam Collins, Luke Radford",United Kingdom,2019-02-15,2018,TV-MA,102 min,Action & Adventure
s7688,Movie,,Paul Spurrier,United Kingdom,2019-05-31,2006,TV-MA,105 min,"Horror Movies, International Movies"
s7689,Movie,,Kundan Shah,India,2018-08-01,2015,TV-14,117 min,"Comedies, Independent Movies, International Movies"
s7691,Movie,,Richard LaGravenese,United States,2019-04-01,2007,PG-13,126 min,"Dramas, Romantic Movies"
s7692,Movie,,Chandran Narikode,India,2018-07-01,2017,TV-14,89 min,"Dramas, International Movies"
s7693,Movie,,Jorge Granier,Venezuela,2018-03-23,2007,NR,82 min,"Documentaries, International Movies"
s7695,Movie,,Piti Jaturaphat,Thailand,2018-07-26,2007,TV-MA,82 min,"Action & Adventure, International Movies"
s7696,Movie,,Charles Stone III,United States,2019-11-01,2002,R,98 min,"Action & Adventure, Dramas"
s7697,Movie,,Amber Tamblyn,United States,2018-02-01,2016,R,96 min,Dramas
s7698,Movie,,Alex Law,Hong Kong,2018-08-16,1988,TV-PG,108 min,"Dramas, International Movies"
s7700,Movie,,Cosima Spender,United Kingdom,2016-06-30,2015,TV-14,91 min,"Documentaries, International Movies, Sports Movies"
s7701,Movie,,Fernando González Molina,Spain,2016-05-01,2015,TV-MA,163 min,"Dramas, International Movies, Romantic Movies"
s7702,Movie,,David Fincher,United States,2019-08-01,2002,R,112 min,Thrillers
s7703,Movie,,Bhagyaraj,India,2017-12-08,2000,TV-PG,137 min,"Comedies, Dramas, International Movies"
s7704,Movie,,Rebecca Addelman,Canada,2019-04-20,2018,TV-MA,89 min,"Dramas, Independent Movies, Romantic Movies"
s7705,Movie,,Oren Peli,United States,2020-01-01,2007,R,86 min,"Horror Movies, Thrillers"
s7707,Movie,,Subhash Ghai,India,2018-03-01,1997,TV-14,187 min,"Dramas, International Movies, Romantic Movies"
s7708,Movie,,Gafoor Y. Elliyaas,India,2018-07-01,2017,TV-PG,109 min,"Dramas, Independent Movies, International Movies"
s7709,Movie,,Jennie Livingston,United States,2017-02-01,1990,R,77 min,"Classic Movies, Cult Movies, Documentaries"
s7712,Movie,,Kevin Hooks,United States,2021-01-01,1992,R,84 min,Action & Adventure
s7713,Movie,,Nikhil Advani,India,2017-10-22,2011,TV-PG,140 min,"Dramas, International Movies, Sports Movies"
s7714,Movie,,Jeremy Kenyon Lockyer Corbell,United States,2018-01-29,2017,TV-14,68 min,Documentaries
s7715,Movie,,Phillip Noyce,United States,2020-01-01,1992,R,117 min,Action & Adventure
s7716,Movie,,Kıvanç Baruönü,Turkey,2017-03-10,2014,TV-MA,105 min,"Comedies, International Movies, Romantic Movies"
s7717,Movie,,Steve Carr,United States,2020-11-01,2009,PG,91 min,"Action & Adventure, Comedies"
s7718,Movie,,Dileep Narayanan,India,2018-07-01,2016,TV-14,104 min,"Dramas, International Movies"
s7720,Movie,,Paritosh Painter,India,2018-07-01,2009,TV-14,114 min,"Comedies, International Movies"
s7721,Movie,,Banjong Pisanthanakun,Thailand,2018-09-01,2013,TV-MA,112 min,"Comedies, Horror Movies, International Movies"
s7734,Movie,,Karan Lalit Butani,Not Given,2019-12-31,2018,TV-MA,108 min,"Dramas, International Movies, Thrillers"
s7723,Movie,,"Paul Reubens, Wayne Orr",United States,2014-12-18,1988,TV-PG,48 min,Movies
s7724,Movie,,Mohd Khairul Azri Bin Md Noor,Malaysia,2017-08-25,2016,TV-MA,95 min,"Dramas, International Movies"
s7725,Movie,,Mark Palansky,United Kingdom,2019-04-01,2006,PG,89 min,"Children & Family Movies, Comedies, Romantic Movies"
s7727,Movie,,J.C. Falcón,United States,2017-02-28,2016,TV-MA,108 min,"Dramas, LGBTQ Movies"
s7728,Movie,,C.J. Wallis,Canada,2019-04-30,2017,TV-MA,72 min,Documentaries
s7729,Movie,,James Foley,United States,2019-01-01,2007,R,109 min,Thrillers
s7731,Movie,,Olivier Assayas,France,2019-02-01,2016,R,105 min,"Dramas, International Movies, Thrillers"
s7732,Movie,,Tony Stone,United States,2017-03-09,2016,TV-MA,92 min,Documentaries
s7733,Movie,,Will Gluck,United States,2018-08-18,2018,PG,95 min,"Children & Family Movies, Comedies"
s7735,Movie,,"Jean-Loup Felicioli, Alain Gagnol",France,2017-10-01,2015,PG,85 min,"Action & Adventure, Dramas, International Movies"
s7736,Movie,,Jonathan Demme,United States,2019-07-01,1993,PG-13,126 min,"Classic Movies, Dramas, LGBTQ Movies"
s7737,Movie,,"Ajay Bhuyan, Kunal Kohli",India,2018-01-15,2015,TV-14,118 min,"International Movies, Romantic Movies"
s7738,Movie,,"Banjong Pisanthanakun, Paween Purikitpanya, Songyos Sugmakanan, Parkpoom Wongpoom, Visute Poolvoralaks",Thailand,2018-09-05,2009,TV-MA,125 min,"Horror Movies, International Movies"
s7739,Movie,,Kunle Afolayan,Nigeria,2019-09-01,2012,TV-14,112 min,"Comedies, International Movies, Romantic Movies"
s7740,Movie,,Abhishek Saxena,India,2019-12-31,2017,TV-14,96 min,"Dramas, Independent Movies, International Movies"
s7741,Movie,,"Dana Nachman, Don Hardy Jr.",United States,2020-08-02,2018,TV-PG,81 min,"Children & Family Movies, Documentaries"
s7742,Movie,,Christopher Nolen,United States,2019-06-29,2018,TV-MA,81 min,Romantic Movies
s7743,Movie,,Gajendra Ahire,India,2018-11-15,2017,TV-PG,92 min,"Dramas, Independent Movies, International Movies"
s7744,TV Show,,"Oscar Micheaux, Spencer Williams, Richard E. Norman, Richard Maurice",United States,2017-02-01,1946,TV-14,1 Season,TV Shows
s7745,Movie,,Mahesh Manjrekar,India,2018-03-01,2002,TV-MA,127 min,"Dramas, International Movies, Music & Musicals"
s7746,Movie,,"Israel Adrián Caetano, Bruno Stagnaro",Argentina,2018-03-15,1998,TV-MA,81 min,"Dramas, International Movies"
s7747,Movie,,Christophe Honoré,France,2019-07-13,2018,TV-MA,133 min,"Dramas, Independent Movies, International Movies"
s7749,TV Show,,Alastair Fothergill,United Kingdom,2015-04-22,2006,TV-PG,1 Season,"British TV Shows, Docuseries, International TV Shows"
s7750,Movie,,Sam Liu,United States,2020-06-01,2010,TV-14,81 min,"Action & Adventure, Sci-Fi & Fantasy"
s7751,Movie,,Rebecca Zlotowski,France,2018-01-01,2016,TV-MA,108 min,"Dramas, International Movies"
s7752,Movie,,Oliver Stone,United States,2020-11-01,1986,R,120 min,"Action & Adventure, Classic Movies, Dramas"
s7753,Movie,,"Daniel Mann, Joseph Sargent",United States,2017-12-01,1980,TV-14,149 min,Dramas
s7754,Movie,,Jean-Simon Chartier,Canada,2019-04-05,2018,TV-MA,92 min,"Documentaries, International Movies"
s7755,Movie,,Wim Wenders,Switzerland,2019-01-03,2018,PG,96 min,"Documentaries, Faith & Spirituality, International Movies"
s7756,Movie,,Robert Altman,United States,2019-11-24,1980,PG,114 min,"Action & Adventure, Children & Family Movies, Comedies"
s7758,Movie,,Gabe Klinger,Portugal,2018-04-16,2016,TV-MA,77 min,"Dramas, Independent Movies, Romantic Movies"
s7759,Movie,,Steve McLean,United Kingdom,2019-02-19,2018,TV-MA,90 min,"Dramas, Independent Movies, LGBTQ Movies"
s7757,TV Show,,Not Given,United States,2019-09-25,2018,TV-14,8 Seasons,TV Comedies
s7779,Movie,,"Charlie Haskell, Koichi Sakamoto",United States,2016-01-01,2014,TV-Y7,55 min,Movies
s7796,TV Show,,Bhavik Thakore,Not Given,2020-10-18,2017,TV-Y,1 Season,"Kids' TV, TV Comedies"
s7789,Movie,,James Barr,United States,2016-01-01,2013,TV-Y7,24 min,Children & Family Movies
s7790,Movie,,Ashish R. Shukla,India,2017-12-01,2013,TV-MA,106 min,"Dramas, Independent Movies, International Movies"
s7791,Movie,,Frank Capra,United States,2017-03-31,1942,TV-14,52 min,"Classic Movies, Documentaries"
s7792,Movie,,Satish Rajwade,India,2018-02-15,2013,TV-14,127 min,"International Movies, Romantic Movies"
s7793,Movie,,"Chris Bell, Josh Alexander, Greg Young",United States,2016-04-15,2015,NR,86 min,Documentaries
s7794,Movie,,Gregory Hoblit,United States,2019-12-01,1996,R,131 min,"Dramas, Thrillers"
s7795,Movie,,Wong Jing,Hong Kong,2018-08-31,1984,TV-14,93 min,"Comedies, International Movies, Romantic Movies"
s7797,Movie,,Stephen Cone,United States,2018-02-05,2017,TV-MA,97 min,"Dramas, Independent Movies, LGBTQ Movies"
s7798,Movie,,Christopher Nolen,United States,2019-08-06,2018,TV-MA,84 min,"Comedies, Romantic Movies"
s7800,Movie,,Barry Avrich,Canada,2019-06-01,2019,TV-MA,83 min,Documentaries
s7802,Movie,,Rajkumar Santoshi,India,2018-03-01,2000,TV-14,165 min,"Action & Adventure, Dramas, International Movies"
s7803,Movie,,Quentin Tarantino,United States,2019-01-01,1994,R,154 min,"Classic Movies, Cult Movies, Dramas"
s7804,Movie,,Anurag Singh,Canada,2017-11-01,2014,TV-14,158 min,"Dramas, International Movies"
s7805,Movie,,Luis Prieto,United Kingdom,2017-12-27,2012,R,89 min,Action & Adventure
s7806,Movie,,Luv Ranjan,India,2017-05-01,2011,TV-14,149 min,"Comedies, Dramas, International Movies"
s7808,Movie,,Michael Tolajian,United States,2020-03-11,2019,TV-MA,96 min,"Documentaries, Sports Movies"
s7810,Movie,,Marc Forster,United Kingdom,2020-08-31,2008,PG-13,106 min,Action & Adventure
s7812,Movie,,Werner Herzog,United States,2019-04-06,2015,PG-13,128 min,Dramas
s7815,Movie,,Richard Correll,United States,2018-08-01,2008,PG,98 min,"Children & Family Movies, Comedies"
s7817,Movie,,Andy Fickman,United States,2019-07-01,2009,PG,99 min,Children & Family Movies
s7818,Movie,,Jonathan Demme,United States,2019-09-01,2008,R,113 min,"Dramas, Independent Movies"
s7819,Movie,,Raphael Erichsen,Brazil,2017-04-12,2013,TV-MA,71 min,"Documentaries, International Movies, Sports Movies"
s7820,Movie,,Hari Viswanath,India,2017-01-01,2015,TV-PG,83 min,"Dramas, International Movies"
s7821,Movie,,Martin Scorsese,United States,2019-10-01,1980,R,129 min,"Classic Movies, Dramas, Sports Movies"
s7822,Movie,,Manish Gupta,India,2018-03-01,2015,TV-14,117 min,"Dramas, International Movies"
s7823,Movie,,"Jeremy Coon, Tim Skousen",United States,2016-09-16,2015,NR,93 min,Documentaries
s7824,Movie,,Ding Sheng,China,2017-08-19,2016,TV-14,124 min,"Action & Adventure, Comedies, International Movies"
s7825,Movie,,Dharmesh Darshan,India,2017-05-01,1996,TV-14,177 min,"Dramas, International Movies, Romantic Movies"
s7826,Movie,,Basu Chatterjee,India,2019-12-31,1974,TV-PG,104 min,"Comedies, Dramas, Independent Movies"
s7827,Movie,,"Phil Johnston, Rich Moore",United States,2019-06-11,2018,PG,113 min,"Children & Family Movies, Comedies"
s7828,Movie,,Raj Kapoor,India,2019-12-31,1985,TV-14,178 min,"Classic Movies, Dramas, International Movies"
s7830,Movie,,Eric Khoo,Singapore,2019-07-31,2018,TV-PG,90 min,"Dramas, International Movies"
s7831,Movie,,Sanjay Dayma,India,2019-12-31,2005,TV-14,154 min,"Comedies, Dramas, International Movies"
s7832,Movie,,Kim Sung-hoon,South Korea,2019-05-26,2018,TV-MA,122 min,"Action & Adventure, Horror Movies, International Movies"
s7833,Movie,,Girish Joshi,India,2018-03-15,2010,TV-MA,115 min,"Horror Movies, International Movies, Thrillers"
s7834,Movie,,Amir Mohiuddin,Pakistan,2018-08-01,2017,TV-14,126 min,"Dramas, International Movies, Music & Musicals"
s7835,Movie,,Morgan Spurlock,United States,2016-12-16,2016,NR,88 min,Documentaries
s7837,Movie,,Husam El-Gohari,Egypt,2019-06-20,2011,TV-14,99 min,"Dramas, International Movies"
s7838,Movie,,Anees Bazmee,India,2017-10-22,2011,TV-PG,144 min,"Comedies, International Movies, Romantic Movies"
s7849,Movie,,"Clementine Malpas, Leslie Knott",Not Given,2017-03-10,2016,TV-PG,24 min,Documentaries
s7840,Movie,,Nicholas Ray,United States,2019-11-01,1955,PG-13,111 min,"Classic Movies, Dramas"
s7842,Movie,,Michael James Regan,Canada,2019-06-25,2018,TV-MA,73 min,Dramas
s7844,Movie,,Craig Anderson,Australia,2017-12-11,2016,TV-MA,81 min,Horror Movies
s7845,Movie,,John Milius,United States,2019-12-31,1984,PG-13,114 min,"Action & Adventure, Cult Movies"
s7846,Movie,,Amitava Bhattacharya,India,2018-09-15,2017,TV-14,112 min,"Dramas, International Movies"
s7847,Movie,,Marina Willer,United Kingdom,2018-03-24,2017,TV-PG,80 min,"Documentaries, International Movies"
s7850,Movie,,Mohamed Samy,Egypt,2019-05-09,2015,TV-MA,100 min,"Action & Adventure, Dramas, International Movies"
s7852,Movie,,Andy Capper,United States,2016-06-13,2012,R,96 min,"Documentaries, Music & Musicals"
s7853,Movie,,Shamyl Othman,Malaysia,2017-08-21,2015,TV-PG,88 min,"Action & Adventure, Comedies, International Movies"
s7854,Movie,,Atom Egoyan,Canada,2018-07-26,2015,R,95 min,"Action & Adventure, Dramas"
s7855,Movie,,Allen Coulter,United States,2020-08-01,2010,PG-13,112 min,"Dramas, Romantic Movies"
s7856,Movie,,Mark Palansky,United Kingdom,2020-06-01,2017,PG-13,112 min,"Dramas, Sci-Fi & Fantasy"
s7976,Movie,,Susannah Ward,United Kingdom,2017-04-22,2013,TV-14,55 min,Documentaries
s7858,Movie,,Paul W.S. Anderson,Germany,2020-01-01,2010,R,97 min,"Action & Adventure, Horror Movies, Sci-Fi & Fantasy"
s7859,Movie,,René Pérez Joglar,United States,2018-01-01,2017,TV-MA,97 min,"Documentaries, Music & Musicals"
s7860,Movie,,"Linda Saffire, Adam Schlesinger",United States,2017-09-26,2016,TV-MA,94 min,Documentaries
s7861,Movie,,Chia-Liang Liu,Hong Kong,2018-08-16,1980,R,97 min,"Action & Adventure, Comedies, International Movies"
s7862,Movie,,Vijay Jayapal,India,2017-03-01,2016,NR,118 min,"Dramas, International Movies"
s7864,Movie,,"Andrew Lau Wai-Keung, Andrew Loo",Hong Kong,2018-07-21,2014,R,95 min,"Action & Adventure, Dramas, Independent Movies"
s7865,TV Show,,"Jani Lachauer, Jakob Schuh",United Kingdom,2018-02-01,2017,TV-PG,1 Season,"British TV Shows, Kids' TV"
s7866,Movie,,Sam Mendes,United States,2019-11-01,2008,R,120 min,"Dramas, Romantic Movies"
s7867,Movie,,Fernando Frías De La Parra,Mexico,2016-12-03,2012,NR,84 min,"Dramas, Independent Movies, International Movies"
s7869,Movie,,Jon Avnet,United States,2019-06-01,2008,R,101 min,"Dramas, Thrillers"
s7870,Movie,,Makarand Mane,India,2018-05-01,2015,TV-14,103 min,"Dramas, International Movies"
s7872,Movie,,"Devaki Singh, Luke Kenny",India,2017-12-15,2013,TV-MA,83 min,"Horror Movies, International Movies"
s7874,Movie,,Ashok Nanda,India,2017-11-01,2011,TV-MA,107 min,"Dramas, Independent Movies, International Movies"
s7875,Movie,,Amit Rai,India,2019-12-31,2010,TV-14,136 min,"Dramas, Independent Movies, International Movies"
s7876,Movie,,Ishaya Bako,Nigeria,2016-07-01,2015,TV-14,96 min,"Dramas, International Movies"
s7877,Movie,,Pierfrancesco Diliberto,Italy,2018-05-01,2016,TV-14,45 min,"Documentaries, International Movies"
s7878,Movie,,Nicholas Winter,United Kingdom,2019-05-01,2018,TV-14,92 min,"Action & Adventure, Independent Movies, International Movies"
s7894,Movie,,Shweta Basu Prasad,Not Given,2017-11-01,2016,TV-PG,62 min,"Documentaries, International Movies, Music & Musicals"
s7880,Movie,,John G. Avildsen,United States,2019-08-01,1976,PG,120 min,"Action & Adventure, Classic Movies, Dramas"
s7881,Movie,,Sylvester Stallone,United States,2019-08-01,1979,PG,119 min,"Dramas, Sports Movies"
s7882,Movie,,Sylvester Stallone,United States,2019-08-01,1982,PG,100 min,"Dramas, Sports Movies"
s7883,Movie,,Sylvester Stallone,United States,2019-08-01,1985,PG,92 min,"Dramas, Sports Movies"
s7884,Movie,,John G. Avildsen,United States,2019-08-01,1990,PG-13,104 min,"Dramas, Sports Movies"
s7885,Movie,,G.J. Echternkamp,United States,2017-01-17,2017,R,93 min,"Action & Adventure, Sci-Fi & Fantasy"
s7886,Movie,,Sameh Abdulaziz,Egypt,2019-04-19,2014,TV-MA,98 min,"Dramas, International Movies"
s7887,Movie,,Nancy Schwartzman,United States,2019-08-08,2018,TV-MA,80 min,Documentaries
s7888,Movie,,Mitch Dickman,United States,2017-09-08,2015,TV-MA,79 min,Documentaries
s7889,Movie,,Navaniat Singh,India,2017-11-01,2014,TV-14,122 min,"Action & Adventure, Comedies, Music & Musicals"
s7890,Movie,,Lenny Abrahamson,Ireland,2018-07-19,2015,R,118 min,"Dramas, Independent Movies"
s7891,Movie,,Matthew Atkinson,Canada,2019-03-01,2017,TV-MA,89 min,"Comedies, Independent Movies"
s7892,Movie,,"Max Lang, Jani Lachauer",United Kingdom,2019-07-01,2012,TV-Y7,26 min,"Children & Family Movies, Independent Movies"
s7895,Movie,,Roman Polanski,United States,2019-11-01,1968,R,137 min,"Classic Movies, Horror Movies, Thrillers"
s7896,Movie,,John Dahl,United States,2019-11-01,1998,R,121 min,Dramas
s7897,TV Show,,Jay Chandrasekhar,United States,2017-05-18,2016,TV-PG,8 Seasons,"TV Comedies, TV Dramas"
s7899,Movie,,Atanu Mukherjee,India,2018-04-01,2017,TV-MA,103 min,"Dramas, Independent Movies, International Movies"
s7900,Movie,,R. Ellis Frazier,Mexico,2017-09-15,2016,TV-MA,92 min,"Action & Adventure, Independent Movies"
s7901,Movie,,Stanley Tong,Hong Kong,2019-11-01,1995,R,89 min,"Action & Adventure, Comedies, International Movies"
s7902,Movie,,Rob Reiner,United States,2019-08-01,2005,PG-13,97 min,"Comedies, Romantic Movies"
s7903,Movie,,Jeeva,India,2018-03-01,2004,TV-14,134 min,"Action & Adventure, International Movies, Music & Musicals"
s7904,Movie,,Garry Marshall,United States,2020-12-01,1999,PG,116 min,"Comedies, Romantic Movies"
s7905,Movie,,David L. Cunningham,United States,2019-06-19,2018,TV-14,110 min,"Dramas, Romantic Movies"
s7906,Movie,,Chris Stokes,United States,2019-08-01,2018,TV-14,88 min,Thrillers
s7908,Movie,,Robert Vince,United States,2015-05-10,2015,PG,93 min,"Children & Family Movies, Comedies, Sports Movies"
s7910,Movie,,Dave Higby,United States,2013-10-14,2013,NR,72 min,Stand-Up Comedy
s7911,Movie,,Dharmendra Suresh Desai,India,2017-01-06,2016,TV-14,141 min,"Dramas, International Movies"
s7912,Movie,,Alex Infascelli,Italy,2017-06-15,2016,TV-MA,82 min,"Documentaries, International Movies"
s7913,Movie,,Clark Johnson,United States,2021-01-01,2003,PG-13,117 min,Action & Adventure
s7914,Movie,,Raman Kumar,India,2019-12-31,1982,TV-14,118 min,"Dramas, Independent Movies, International Movies"
s7915,Movie,,Gianfranco Rosi,Italy,2017-03-21,2013,TV-MA,91 min,"Documentaries, International Movies"
s7916,Movie,,Hakan Yonat,Turkey,2017-03-10,2014,TV-MA,105 min,"Dramas, International Movies, Romantic Movies"
s7917,Movie,,Michael Seater,Canada,2017-08-22,2016,TV-14,94 min,"Comedies, Sci-Fi & Fantasy"
s7918,Movie,,Balu Mahendra,India,2019-12-31,1983,TV-14,137 min,"Dramas, International Movies, Romantic Movies"
s7919,TV Show,,Ehtesham Uddin,Pakistan,2016-12-15,2014,TV-PG,1 Season,"International TV Shows, Romantic TV Shows, TV Dramas"
s7920,Movie,,"Kireet Khurana, Padmakumar Narasimhamurthy",India,2017-05-01,2016,TV-MA,61 min,"Documentaries, International Movies"
s7921,Movie,,Colin Trevorrow,United States,2020-08-13,2012,R,86 min,"Comedies, Independent Movies, Romantic Movies"
s7922,Movie,,Pratim D. Gupta,India,2017-01-01,2016,TV-MA,118 min,"Dramas, International Movies"
s7923,Movie,,Nagraj Manjule,India,2018-04-01,2016,TV-14,173 min,"Dramas, International Movies, Romantic Movies"
s7924,Movie,,Sanjay Soorkar,India,2018-02-15,2007,TV-PG,152 min,"Dramas, International Movies, Music & Musicals"
s7925,Movie,,Mohamed Hamdy,Egypt,2019-06-22,2014,TV-14,99 min,"Dramas, International Movies"
s7926,Movie,,Partha Chakraborty,India,2018-09-15,2017,TV-MA,110 min,"Dramas, International Movies"
s7927,Movie,,K. Gopinathan,India,2018-03-01,2017,TV-PG,116 min,"Dramas, International Movies"
s7928,Movie,,Amr Arafa,Egypt,2019-06-06,2013,TV-14,107 min,"Comedies, International Movies"
s7929,Movie,,"Bruce MacDonald, Gabriel Sabloff",South Africa,2018-12-14,2018,PG-13,109 min,"Action & Adventure, Dramas, Faith & Spirituality"
s7931,Movie,,John Huston,United States,2017-03-31,1945,TV-14,32 min,"Classic Movies, Documentaries"
s7932,Movie,,Rajeev Patil,India,2018-01-01,2008,TV-14,122 min,"Comedies, Dramas, International Movies"
s7933,Movie,,Raj Kapoor,India,2019-12-31,1964,TV-14,228 min,"Classic Movies, Dramas, International Movies"
s7934,Movie,,Glenn Miller,United States,2017-11-17,2014,TV-PG,86 min,"Children & Family Movies, Comedies"
s7935,Movie,,Luc Vinciguerra,Australia,2015-12-20,2010,TV-G,72 min,Children & Family Movies
s7936,Movie,,Gilles Paquet-Brenner,France,2019-09-21,2010,PG-13,102 min,"Dramas, International Movies"
s7974,Movie,,Kasia Uscinska,United Kingdom,2017-02-22,2014,TV-PG,55 min,"Documentaries, International Movies"
s7937,Movie,,Rohit Jugraj,Canada,2017-12-01,2015,TV-14,140 min,"Comedies, International Movies, Music & Musicals"
s7938,Movie,,Rohit Jugraj,Australia,2017-10-15,2016,TV-PG,145 min,"Action & Adventure, Comedies, International Movies"
s7939,Movie,,Gajendra Ahire,India,2018-02-15,2005,TV-14,126 min,"Dramas, International Movies"
s7940,Movie,,Venugopan,India,2018-07-01,2017,TV-14,133 min,"Dramas, International Movies"
s7941,Movie,,Kamal Sahani,India,2019-01-30,2008,TV-14,141 min,"Dramas, Faith & Spirituality, International Movies"
s7942,Movie,,V. Scott Balcerek,United States,2019-06-01,2018,TV-MA,78 min,"Documentaries, Music & Musicals"
s7944,Movie,,Aditya Sarpotdar,India,2018-03-15,2012,TV-14,150 min,"Dramas, International Movies, Music & Musicals"
s7945,Movie,,Raj N. Sippy,India,2019-12-31,1982,TV-14,153 min,"Comedies, Cult Movies, Dramas"
s7946,Movie,,Damon Cardasis,United States,2020-10-06,2017,TV-MA,83 min,"Dramas, LGBTQ Movies"
s7947,Movie,,Jesse V. Johnson,United States,2017-11-01,2017,TV-MA,95 min,"Action & Adventure, Independent Movies"
s7948,Movie,,Mahmoud Karim,Egypt,2019-06-13,2018,TV-MA,93 min,"Comedies, International Movies, Romantic Movies"
s7950,Movie,,John Lee Hancock,United States,2019-03-02,2013,PG-13,126 min,"Comedies, Dramas"
s7951,Movie,,Jeffrey G. Hunt,United States,2020-01-15,2019,R,95 min,Dramas
s7952,Movie,,Lynn Shelton,United States,2018-07-19,2014,R,99 min,"Comedies, Dramas, Independent Movies"
s7953,Movie,,Kevan Peterson,United States,2020-01-23,2017,PG,93 min,Children & Family Movies
s7955,Movie,,Dino Risi,Italy,2020-11-13,1955,TV-PG,93 min,"Classic Movies, Comedies, Independent Movies"
s7975,Movie,,Vicky Matthews,United States,2017-02-22,2013,TV-PG,54 min,"Documentaries, International Movies"
s7956,Movie,,Keenen Ivory Wayans,United States,2020-01-01,2000,R,88 min,"Comedies, Horror Movies"
s7957,Movie,,Malcolm D. Lee,United States,2020-08-12,2013,PG-13,88 min,"Comedies, Horror Movies"
s7958,Movie,,Steven Spielberg,United States,2018-04-01,1993,R,195 min,"Classic Movies, Dramas"
s7959,Movie,,Spike Lee,United States,2020-11-01,1988,R,120 min,"Comedies, Dramas"
s7960,Movie,,"Hiroshi Aoyama, Kazumi Fukushima, Jim Stenstrum",United States,2019-12-15,1998,TV-PG,77 min,Children & Family Movies
s7961,Movie,,Edgar Wright,United States,2018-09-16,2010,PG-13,112 min,"Action & Adventure, Comedies, Cult Movies"
s7962,Movie,,Wes Craven,United States,2019-10-01,1997,R,121 min,Horror Movies
s7963,Movie,,Wes Craven,United States,2019-07-01,2000,R,117 min,Horror Movies
s7964,Movie,,John Stockwell,United States,2020-01-01,2012,TV-MA,90 min,Action & Adventure
s7965,Movie,,Steven Zaillian,United States,2020-12-07,1993,PG,110 min,"Children & Family Movies, Classic Movies, Dramas"
s7966,Movie,,Malik Bendjelloul,Sweden,2019-12-01,2012,PG-13,86 min,"Documentaries, International Movies, Music & Musicals"
s7967,Movie,,Dominic Sena,United States,2019-04-26,2011,PG-13,95 min,"Action & Adventure, Sci-Fi & Fantasy"
s7968,Movie,,Jay Chou,Hong Kong,2018-07-01,2007,TV-PG,101 min,"Dramas, International Movies, Music & Musicals"
s7970,Movie,,Billy Ray,United States,2018-04-01,2015,PG-13,111 min,"Dramas, Thrillers"
s7971,Movie,,Kasia Uscinska,United States,2017-04-22,2013,TV-PG,54 min,"Documentaries, International Movies"
s7972,Movie,,Susannah Ward,United States,2017-02-22,2013,TV-PG,54 min,"Documentaries, International Movies"
s7973,Movie,,Sam Taplin,United States,2017-02-22,2013,TV-PG,54 min,"Documentaries, International Movies"
s7978,Movie,,Vicky Matthews,United Kingdom,2017-02-22,2013,TV-PG,55 min,Documentaries
s7979,Movie,,"Vicky Matthews, Gareth Sacala",United Kingdom,2017-04-22,2014,TV-PG,55 min,"Documentaries, International Movies"
s7980,Movie,,Louise Wardle,United States,2017-04-22,2014,TV-PG,55 min,"Documentaries, International Movies"
s7981,Movie,,Ozan Açıktan,Turkey,2017-03-10,2012,TV-14,102 min,"Comedies, International Movies"
s7982,Movie,,Asif Kapadia,United Kingdom,2019-10-01,2010,PG-13,106 min,"Documentaries, International Movies, Sports Movies"
s7984,Movie,,Kenneth Müller,Guatemala,2018-03-10,2017,TV-MA,69 min,"Dramas, Independent Movies, International Movies"
s7986,Movie,,Mike Gunther,United States,2020-01-10,2011,R,85 min,Action & Adventure
s7987,Movie,,Michael Patrick King,United States,2021-01-01,2010,R,146 min,"Comedies, Dramas, Romantic Movies"
s7988,Movie,,Michael Patrick King,United States,2021-01-01,2008,R,145 min,"Comedies, Dramas, Romantic Movies"
s7989,Movie,,Sylvie Verheyde,United Kingdom,2017-07-10,2016,UR,103 min,"Dramas, International Movies, Romantic Movies"
s7990,Movie,,Antonio Serrano,Mexico,2017-12-15,1999,R,111 min,"Comedies, Dramas, International Movies"
s7991,Movie,,Max Martini,United States,2019-05-19,2019,TV-MA,125 min,Dramas
s7993,Movie,,Sudesh Manjrekar,India,2018-01-01,2011,TV-14,115 min,"Comedies, International Movies"
s7995,Movie,,Krishna Vamshi,India,2018-03-01,2002,TV-MA,168 min,"Dramas, International Movies, Thrillers"
s7996,Movie,,Dibakar Banerjee,India,2018-03-01,2012,TV-14,109 min,"Dramas, Independent Movies, International Movies"
s7997,Movie,,Gurudev Bhalla,India,2018-03-01,2002,TV-PG,148 min,"Comedies, International Movies, Music & Musicals"
s7998,Movie,,Herman Yau,Hong Kong,2018-08-16,2002,TV-14,92 min,"Dramas, International Movies"
s7999,Movie,,David R. Ellis,United States,2019-11-02,2011,PG-13,91 min,Horror Movies
s8000,Movie,,Samar Khan,India,2018-03-01,2008,TV-14,135 min,"Dramas, International Movies"
s8002,Movie,,"Måns Mårlind, Björn Stein",United States,2017-12-29,2010,R,112 min,"Horror Movies, Thrillers"
s8004,Movie,,Guy Ritchie,United States,2021-01-01,2009,PG-13,128 min,"Action & Adventure, Comedies"
s8005,Movie,,Ram Gopal Varma,India,2019-12-31,1990,TV-MA,168 min,"Action & Adventure, Dramas, International Movies"
s8006,Movie,,Raymond McGrath,United States,2018-11-15,2016,TV-Y,45 min,Movies
s8007,Movie,,"Adele K. Thomas, Richard Bailey",Australia,2018-11-15,2018,TV-Y,75 min,Movies
s8008,Movie,,Richard Bailey,Australia,2018-11-15,2017,TV-Y,71 min,Movies
s8009,Movie,,"Jitendra Tiwari, Pranav Singh",India,2018-10-30,2016,TV-14,122 min,"Dramas, International Movies"
s8010,Movie,,Destin Daniel Cretton,United States,2019-07-18,2013,R,97 min,"Dramas, Independent Movies"
s8011,Movie,,Robert Rodriguez,United States,2019-07-01,2009,PG,89 min,"Children & Family Movies, Comedies"
s8012,Movie,,Barney Clay,United Kingdom,2017-08-10,2016,TV-MA,98 min,"Documentaries, Music & Musicals"
s8013,Movie,,Adarsh Eshwarappa,India,2018-03-01,2017,TV-14,115 min,"Dramas, International Movies, Thrillers"
s8014,Movie,,"Banjong Pisanthanakun, Parkpoom Wongpoom",Thailand,2018-09-05,2004,TV-MA,96 min,"Horror Movies, International Movies"
s8015,Movie,,"Fabio Grassadonia, Antonio Piazza",Italy,2019-07-06,2017,TV-MA,119 min,"Dramas, International Movies, Thrillers"
s8017,Movie,,Vivek Wagh,India,2018-10-30,2014,TV-G,105 min,"Dramas, Independent Movies, International Movies"
s8018,Movie,,Timothy Woodward Jr.,United States,2018-12-03,2018,TV-MA,88 min,"Action & Adventure, Independent Movies"
s8019,Movie,,M.J. Bassett,Canada,2019-12-13,2012,R,94 min,Horror Movies
s8020,Movie,,Jason Cohen,United States,2017-04-01,2016,TV-PG,77 min,Documentaries
s8024,Movie,,Anil Sharma,India,2017-07-15,2013,TV-14,143 min,"Action & Adventure, Dramas, International Movies"
s8025,Movie,,Raditya Dika,Indonesia,2018-09-28,2015,TV-PG,127 min,"Comedies, International Movies, Romantic Movies"
s8026,Movie,,Robert Kouba,Switzerland,2018-06-01,2017,PG-13,92 min,"Action & Adventure, Dramas, Sci-Fi & Fantasy"
s8027,Movie,,Dorian Fernández-Moris,Peru,2019-10-01,2017,TV-MA,87 min,"Horror Movies, International Movies"
s8028,Movie,,Gregg Bishop,United States,2020-01-01,2016,TV-MA,83 min,Horror Movies
s8029,Movie,,Corey Grant,United States,2016-02-14,2015,R,95 min,"Comedies, Dramas, Romantic Movies"
s8030,Movie,,Ekachai Uekrongtham,Thailand,2018-12-17,2014,R,96 min,Action & Adventure
s8033,Movie,,Renny Harlin,China,2019-07-04,2016,PG-13,107 min,"Action & Adventure, Comedies"
s8034,Movie,,Ringo Lam,China,2017-08-05,2016,TV-MA,100 min,"Action & Adventure, International Movies"
s8035,Movie,,Fredric Lean,United States,2018-06-27,2014,TV-G,49 min,"Documentaries, Sports Movies"
s8134,Movie,,Matthew Cooke,United States,2018-05-24,2017,TV-MA,103 min,Documentaries
s8036,Movie,,"Colin Strause, Greg Strause",United States,2019-01-16,2010,PG-13,94 min,"Action & Adventure, Sci-Fi & Fantasy"
s8037,Movie,,Leslye Headland,United States,2017-10-02,2015,R,101 min,"Comedies, Dramas, Independent Movies"
s8038,Movie,,Joe Nussbaum,United States,2020-03-01,2004,PG,89 min,"Comedies, Romantic Movies"
s8039,Movie,,Billy Bob Thornton,United States,2019-11-01,1996,R,135 min,"Dramas, Independent Movies"
s8040,Movie,,Phillip Noyce,United States,2020-01-01,1993,R,107 min,Thrillers
s8042,Movie,,John Maclean,United Kingdom,2018-07-26,2015,R,84 min,"Action & Adventure, Dramas, International Movies"
s8043,Movie,,Joe Dante,United States,2019-06-01,1998,PG-13,110 min,"Action & Adventure, Comedies, Sci-Fi & Fantasy"
s8044,Movie,,Noam Murro,United States,2019-07-12,2008,R,95 min,"Comedies, Dramas, Independent Movies"
s8046,Movie,,Alex Winter,United States,2015-09-22,2015,PG-13,83 min,Comedies
s8047,Movie,,Fred Olen Ray,United States,2020-01-10,2016,R,86 min,"Action & Adventure, Dramas"
s8048,Movie,,Imtiaz Ali,India,2018-07-01,2005,TV-14,137 min,"Comedies, International Movies, Romantic Movies"
s8049,Movie,,Jonathan Ignatius Green,United States,2019-03-19,2018,TV-MA,87 min,Documentaries
s8050,Movie,,Hanung Bramantyo,Indonesia,2019-01-05,2013,TV-MA,142 min,"Dramas, International Movies"
s8051,Movie,,Alfonso Cuarón,Mexico,2018-09-01,1991,NR,94 min,"Comedies, Independent Movies, International Movies"
s8052,Movie,,Ron Howard,United States,2019-01-09,2018,PG-13,135 min,"Action & Adventure, Children & Family Movies, Sci-Fi & Fantasy"
s8053,Movie,,Ron Howard,United States,2019-01-09,2018,PG-13,135 min,"Action & Adventure, Children & Family Movies, Sci-Fi & Fantasy"
s8054,Movie,,Michael J. Bassett,Czech Republic,2018-02-15,2009,R,104 min,"Action & Adventure, International Movies, Sci-Fi & Fantasy"
s8055,Movie,,Ian MacAllister-McDonald,United States,2017-12-18,2017,TV-MA,97 min,"Dramas, Romantic Movies"
s8056,Movie,,Nancy Meyers,United States,2019-08-01,2003,PG-13,128 min,"Comedies, Romantic Movies"
s8057,Movie,,Julius Avery,Australia,2018-07-19,2014,R,109 min,"Action & Adventure, Dramas, Independent Movies"
s8058,Movie,,Jeffrey C. Bell,United States,2016-12-10,2016,NR,73 min,"Documentaries, Sports Movies"
s8060,Movie,,Sean McNamara,United States,2020-05-17,2011,PG,106 min,"Dramas, Faith & Spirituality, Sports Movies"
s8061,Movie,,"David Allensworth, Monière",United States,2019-07-01,2019,TV-MA,94 min,"Horror Movies, Independent Movies"
s8062,Movie,,"Jerry Rothwell, Reuben Atlas",United Kingdom,2016-11-18,2016,NR,85 min,Documentaries
s8064,Movie,,Sam O'Steen,United States,2019-11-01,1976,PG,98 min,"Dramas, Music & Musicals"
s8066,Movie,,Dan Harris,United States,2017-07-06,2017,PG-13,96 min,"Comedies, Dramas, Independent Movies"
s8067,Movie,,Mark Sloper,United Kingdom,2020-01-09,2019,TV-14,75 min,"Documentaries, Sports Movies"
s8068,Movie,,Sam Raimi,United States,2019-11-01,2007,PG-13,139 min,"Action & Adventure, Sci-Fi & Fantasy"
s8069,Movie,,"Peter Ramsey, Rodney Rothman, Bob Persichetti",United States,2019-06-26,2018,PG,117 min,"Action & Adventure, Comedies"
s8070,Movie,,"David Fairhead, Anthony Palmer",United Kingdom,2019-11-01,2018,TV-14,95 min,Documentaries
s8072,Movie,,Tom McCarthy,United States,2020-07-22,2015,R,129 min,"Dramas, Independent Movies"
s8073,Movie,,Harmony Korine,United States,2021-01-10,2012,R,94 min,"Comedies, Cult Movies, Dramas"
s8173,TV Show,,Dheeraj Berry,India,2018-03-31,2015,TV-Y7,1 Season,"Kids' TV, TV Comedies"
s8074,Movie,,Storm Saulter,Jamaica,2020-04-15,2018,TV-MA,112 min,"Dramas, International Movies, Sports Movies"
s8075,Movie,,Robert Rodriguez,United States,2019-04-01,2001,PG,88 min,"Children & Family Movies, Comedies"
s8076,Movie,,Robert Rodriguez,United States,2019-03-08,2002,PG,100 min,"Children & Family Movies, Comedies"
s8077,Movie,,Robert Rodriguez,United States,2019-04-01,2003,PG,83 min,"Children & Family Movies, Comedies"
s8078,Movie,,Javier Ruiz Caldera,Spain,2016-06-01,2015,TV-MA,93 min,"Action & Adventure, Comedies, International Movies"
s8079,Movie,,Darren Lynn Bousman,United States,2019-08-08,2018,TV-MA,103 min,"Horror Movies, Independent Movies"
s8080,Movie,,Christopher Ray,United States,2019-06-28,2019,TV-14,88 min,Thrillers
s8081,Movie,,Adam Alleca,Canada,2018-12-11,2015,R,86 min,Action & Adventure
s8082,Movie,,Alison E. Rose,Canada,2017-02-05,2015,TV-14,88 min,Documentaries
s8083,Movie,,Rian Johnson,United States,2018-06-26,2017,PG-13,152 min,"Action & Adventure, Children & Family Movies, Sci-Fi & Fantasy"
s8085,Movie,,David Mackenzie,United Kingdom,2019-08-29,2013,TV-MA,106 min,"Dramas, Independent Movies, International Movies"
s8087,Movie,,"Ola Flyum, David Hebditch",United States,2016-07-01,2006,TV-PG,52 min,"Documentaries, International Movies"
s8088,Movie,,Adam McKay,United States,2019-11-01,2008,R,98 min,Comedies
s8089,Movie,,Wael Ihsan,Egypt,2019-06-06,2018,TV-14,89 min,"Comedies, International Movies"
s8090,Movie,,Akiva Goldsman,United States,2018-09-01,2017,R,86 min,Horror Movies
s8091,Movie,,"Arjun Gourisaria, Moinak Biswas",India,2018-03-15,2010,TV-14,106 min,"Dramas, International Movies"
s8092,Movie,,"Chatchai Katenut, Manussa Vorasingha, Tanwarin Sukkhapisit, Poj Arnon",Thailand,2018-09-14,2010,TV-MA,100 min,"Horror Movies, International Movies"
s8096,Movie,,Brad Anderson,United States,2017-09-08,2014,PG-13,113 min,"Horror Movies, Thrillers"
s8097,Movie,,Alex Holmes,Australia,2015-02-15,2014,NR,100 min,"Documentaries, International Movies, Sports Movies"
s8099,Movie,,Raj B. Shetty,India,2017-10-15,2017,TV-PG,132 min,"Comedies, International Movies, Romantic Movies"
s8100,Movie,,James Sweeney,United States,2020-06-26,2020,TV-MA,96 min,"Comedies, Independent Movies, LGBTQ Movies"
s8101,Movie,,Rowan Athale,Canada,2020-08-30,2019,PG-13,96 min,"Dramas, Thrillers"
s8102,Movie,,Marc Forster,United States,2020-10-01,2006,PG-13,113 min,"Comedies, Romantic Movies"
s8104,Movie,,Baz Luhrmann,Australia,2020-01-01,1992,PG,95 min,"Classic Movies, Comedies, Romantic Movies"
s8105,Movie,,"Ester Gould, Reijer Zwaan",Netherlands,2017-04-07,2016,TV-MA,85 min,"Documentaries, International Movies, LGBTQ Movies"
s8106,Movie,,Ivan Reitman,United States,2019-09-01,1981,R,106 min,"Classic Movies, Comedies, Cult Movies"
s8107,Movie,,Andrew Bergman,United States,2021-01-01,1996,R,117 min,"Comedies, Dramas"
s8109,Movie,,Afonso Poyart,Brazil,2017-02-11,2016,NR,123 min,"Action & Adventure, Dramas, International Movies"
s8111,Movie,,Rob Minkoff,United States,2020-01-01,2002,PG,78 min,"Children & Family Movies, Comedies"
s8112,Movie,,J.M. Berrios,United States,2019-11-11,2019,TV-MA,95 min,"Action & Adventure, Dramas"
s8113,Movie,,Stefano Sollima,Italy,2015-10-14,2015,NR,135 min,"Dramas, International Movies, Thrillers"
s8114,Movie,,Chayanop Boonprakob,Thailand,2018-09-05,2011,TV-MA,130 min,"Comedies, International Movies, Music & Musicals"
s8115,Movie,,Zakariya,India,2018-08-01,2018,TV-14,115 min,"Comedies, Dramas, International Movies"
s8116,Movie,,Benny Fredman,Israel,2016-07-01,2014,TV-MA,114 min,"International Movies, Thrillers"
s8117,Movie,,Saul Dibb,United Kingdom,2017-06-05,2014,TV-MA,107 min,"Dramas, International Movies, Romantic Movies"
s8119,Movie,,Joseph Cross,United States,2020-03-19,2019,TV-MA,93 min,"Comedies, Dramas, Romantic Movies"
s8120,Movie,,Kasper Barfoed,Denmark,2016-07-10,2015,TV-MA,94 min,"Dramas, International Movies, Sports Movies"
s8121,Movie,,Partho Sen-Gupta,India,2017-03-15,2014,TV-MA,85 min,"Dramas, Independent Movies, International Movies"
s8123,Movie,,Sumit Das,India,2019-06-18,2018,TV-Y7,63 min,Children & Family Movies
s8124,Movie,,Kevin Phillips,United States,2018-01-01,2017,TV-MA,104 min,"Dramas, Independent Movies, Thrillers"
s8125,Movie,,Indra Kumar,India,2018-03-01,2014,TV-PG,127 min,"Comedies, Dramas, International Movies"
s8127,Movie,,Greg Mottola,United States,2021-01-01,2007,R,113 min,"Comedies, Cult Movies"
s8128,Movie,,Gordon Parks,United States,2019-11-01,1972,R,91 min,"Action & Adventure, Classic Movies, Dramas"
s8129,Movie,,Bryan Singer,United States,2019-10-01,2006,PG-13,154 min,"Action & Adventure, Sci-Fi & Fantasy"
s8131,Movie,,Bruce McCulloch,United States,2019-11-20,1999,PG-13,82 min,Comedies
s8132,Movie,,Angga Dwimas Sasongko,Indonesia,2018-10-09,2016,TV-14,98 min,"Dramas, International Movies, Romantic Movies"
s8135,Movie,,"Anthony Caronna, Alexander Smith",United States,2018-12-10,2017,TV-MA,86 min,"Documentaries, LGBTQ Movies"
s8136,Movie,,Matt Wechsler,United States,2017-03-01,2016,TV-G,92 min,Documentaries
s8137,Movie,,Basu Chatterjee,India,2019-12-31,1977,TV-PG,123 min,"Dramas, Independent Movies, International Movies"
s8139,Movie,,Tim Burton,United States,2020-01-01,2007,R,116 min,"Dramas, Horror Movies, Music & Musicals"
s8140,Movie,,Jamie M. Dagg,United States,2019-12-01,2017,R,93 min,"Dramas, Independent Movies, Thrillers"
s8141,Movie,,"Dan Kwan, Daniel Scheinert",United States,2019-01-30,2016,R,97 min,"Comedies, Dramas, Independent Movies"
s8142,Movie,,Derek Yee,China,2017-06-10,2016,TV-MA,108 min,"Action & Adventure, Dramas, International Movies"
s8143,Movie,,Cheh Chang,Hong Kong,2018-08-16,1980,R,101 min,"Action & Adventure, International Movies"
s8145,Movie,,Subhash Ghai,India,2018-03-01,1999,TV-PG,177 min,"Dramas, International Movies, Music & Musicals"
s8146,Movie,,Santosh Sivan,India,2018-07-15,2008,TV-14,95 min,"Dramas, International Movies"
s8147,Movie,,Michael Dowse,United States,2019-05-16,2011,R,97 min,"Comedies, Romantic Movies"
s8150,Movie,,Navneet Behal,India,2017-10-15,2014,TV-MA,111 min,"Action & Adventure, International Movies, Romantic Movies"
s8151,Movie,,Julien Seri,France,2018-03-01,2015,TV-MA,81 min,"International Movies, Thrillers"
s8152,Movie,,"Chris Buck, Kevin Lima",United States,2018-06-23,1999,G,89 min,Children & Family Movies
s8153,Movie,,Brian Smith,United States,2017-06-23,2005,G,72 min,Children & Family Movies
s8154,Movie,,Sameh Abdulaziz,Egypt,2019-05-09,2013,TV-14,112 min,"Comedies, International Movies"
s8155,Movie,,Ryu Jung-woo,United States,2019-07-01,2016,TV-Y7,48 min,Children & Family Movies
s8156,Movie,,Sonia Lowman,United States,2017-09-25,2017,TV-14,81 min,Documentaries
s8157,Movie,,Leena Yadav,India,2018-03-01,2010,TV-PG,137 min,"Dramas, International Movies, Thrillers"
s8158,Movie,,John Carchietta,United States,2017-01-15,2016,TV-MA,89 min,"Dramas, Independent Movies, LGBTQ Movies"
s8159,Movie,,Kevin Munroe,Hong Kong,2019-05-01,2007,PG,87 min,"Children & Family Movies, Comedies"
s8160,Movie,,Michael Pressman,United States,2020-01-01,1991,PG,88 min,"Children & Family Movies, Comedies"
s8162,Movie,,Farah Khan,India,2018-08-02,2010,TV-PG,125 min,"Comedies, International Movies, Music & Musicals"
s8163,Movie,,Einar Gabbassov,United States,2016-12-01,2016,TV-Y7,67 min,Children & Family Movies
s8164,Movie,,Natalia Garagiola,Argentina,2018-07-15,2017,TV-MA,108 min,"Dramas, International Movies"
s8165,Movie,,"Jevons Au, Zune Kwok, Chow Kwun-wai, Ng Ka-Leung, Wong Fei-Pang",Hong Kong,2019-02-12,2015,TV-MA,102 min,"Dramas, Independent Movies, International Movies"
s8161,Movie,,Steve Barron,Not Given,2020-01-01,1990,PG,94 min,"Action & Adventure, Comedies"
s8167,Movie,,Jonathan Mostow,United States,2020-01-01,2003,R,109 min,"Action & Adventure, Sci-Fi & Fantasy"
s8168,Movie,,McG,United States,2020-01-01,2009,PG-13,115 min,"Action & Adventure, Sci-Fi & Fantasy"
s8169,Movie,,"Yann Arthus-Bertrand, Michael Pitiot",France,2016-05-01,2015,TV-PG,98 min,"Documentaries, International Movies"
s8170,Movie,,Damien Leone,United States,2018-09-01,2017,TV-MA,84 min,"Horror Movies, Independent Movies, Thrillers"
s8171,Movie,,Sukhbir Singh,India,2017-10-15,2016,TV-PG,133 min,"Comedies, International Movies, Romantic Movies"
s8172,Movie,,Priyadarshan,United Kingdom,2017-12-01,2012,TV-MA,121 min,"Action & Adventure, International Movies, Music & Musicals"
s3043,TV Show,,Not Given,United States,2020-01-08,2020,TV-MA,1 Season,"Docuseries, Reality TV, Teen TV Shows"
s8177,Movie,,"Nate Adams, Adam Carolla",United States,2019-11-15,2016,TV-MA,100 min,"Documentaries, Sports Movies"
s8178,Movie,,"Mitzi Vanessa Arreola, Amir Galvan Cervera",Mexico,2018-04-06,2016,TV-MA,117 min,"Action & Adventure, Dramas, International Movies"
s8179,Movie,,Matthew Shoychet,Canada,2019-07-01,2018,TV-14,78 min,"Documentaries, International Movies"
s8180,Movie,,Pamela Romanowsky,United States,2018-07-15,2015,R,87 min,"Dramas, Thrillers"
s8182,Movie,,Geoff Anderson,Canada,2017-05-10,2016,TV-Y7,88 min,Children & Family Movies
s8184,Movie,,Robert Rodriguez,United States,2020-12-02,2005,PG,93 min,Children & Family Movies
s8185,Movie,,Steven Spielberg,United States,2019-11-20,2011,PG,107 min,Children & Family Movies
s8186,Movie,,Esteban Sapir,Argentina,2018-04-01,2007,TV-MA,99 min,"Dramas, International Movies, Sci-Fi & Fantasy"
s8187,Movie,,Jee-woon Kim,South Korea,2018-01-01,2016,TV-MA,140 min,"Action & Adventure, Dramas, International Movies"
s8188,Movie,,Rob Reiner,United States,2021-01-01,1995,PG-13,113 min,"Comedies, Dramas, Romantic Movies"
s8189,Movie,,Andrew Douglas,United States,2020-01-01,2005,R,89 min,Horror Movies
s8191,Movie,,"Thurop Van Orman, John Rice",Finland,2020-02-27,2019,PG,97 min,"Children & Family Movies, Comedies"
s8192,Movie,,"Denis Hennelly, Casey Suchan",United States,2020-03-11,2019,TV-MA,97 min,Documentaries
s8193,Movie,,Sameh Abdulaziz,Egypt,2019-06-13,2010,TV-14,108 min,"Comedies, Dramas, International Movies"
s8195,Movie,,Federico Veiroj,Spain,2017-05-10,2015,TV-MA,80 min,"Comedies, Dramas, International Movies"
s8196,Movie,,Jonathan Sobol,Canada,2018-12-08,2013,R,90 min,"Action & Adventure, Comedies, Independent Movies"
s8197,Movie,,Christian Duguay,United States,2020-07-01,2000,R,117 min,Action & Adventure
s8198,Movie,,Walter Hill,France,2020-03-15,2016,R,95 min,Action & Adventure
s8199,Movie,,André Øvredal,United Kingdom,2018-12-30,2016,R,86 min,"Horror Movies, Independent Movies, Thrillers"
s8201,Movie,,Kurt Voelker,United States,2018-02-21,2017,TV-14,100 min,Dramas
s8202,Movie,,Elliot Hegarty,United Kingdom,2018-12-15,2015,TV-MA,87 min,Comedies
s8203,Movie,,"Keith Fulton, Louis Pepe",United States,2017-04-01,2016,TV-MA,101 min,Documentaries
s8204,Movie,,Johnnie To,Hong Kong,2018-08-16,1993,TV-14,83 min,"Action & Adventure, International Movies"
s8205,Movie,,"Brian M. Conley, Nathan Ives",United States,2019-04-09,2018,TV-MA,89 min,"Horror Movies, Thrillers"
s8206,Movie,,John Ford,United States,2017-03-31,1942,TV-14,18 min,"Classic Movies, Documentaries"
s8208,TV Show,,Estela Renner,Brazil,2016-11-11,2016,TV-PG,1 Season,"Docuseries, International TV Shows, Science & Nature TV"
s8211,Movie,,Tommy Avallone,United States,2018-12-31,2018,TV-MA,72 min,Documentaries
s8212,Movie,,Rolfe Kanefsky,United States,2017-08-07,2016,TV-MA,95 min,Horror Movies
s8213,Movie,,Osgood Perkins,Canada,2019-05-18,2015,R,95 min,"Horror Movies, Independent Movies, Thrillers"
s8214,Movie,,Philippe Falardeau,United States,2019-03-29,2016,R,98 min,"Dramas, Sports Movies"
s8215,TV Show,,Alastair Fothergill,United Kingdom,2015-10-10,2001,TV-G,1 Season,"British TV Shows, Docuseries, International TV Shows"
s8216,Movie,,"Kevin Ford, Smriti Keshari, Eric Schlosser",United States,2017-08-01,2016,TV-14,59 min,Documentaries
s8231,Movie,,Husam El-Gohari,Egypt,2019-05-09,2013,TV-MA,96 min,"Comedies, International Movies"
s8218,Movie,,"Albert Hughes, Allen Hughes",United States,2019-07-01,2010,R,118 min,"Action & Adventure, Sci-Fi & Fantasy"
s8219,Movie,,Olivier Loustau,France,2017-03-10,2015,TV-MA,98 min,"Dramas, International Movies, Romantic Movies"
s8220,Movie,,Andy Tennant,United States,2019-10-01,2010,PG-13,111 min,"Action & Adventure, Comedies, Romantic Movies"
s8221,Movie,,Richard Kelly,United States,2019-06-01,2009,PG-13,116 min,"Sci-Fi & Fantasy, Thrillers"
s8222,Movie,,William Brent Bell,United States,2020-06-01,2016,PG-13,97 min,"Horror Movies, Independent Movies, Thrillers"
s8223,Movie,,Mark Herman,United Kingdom,2019-01-01,2008,PG-13,95 min,"Dramas, Independent Movies, International Movies"
s8224,Movie,,Neil Jordan,United States,2019-11-01,2007,R,122 min,"Dramas, Thrillers"
s8225,Movie,,Ken Kushner,United States,2019-05-18,2019,TV-MA,95 min,"Dramas, Independent Movies, Sports Movies"
s8226,Movie,,Nora Twomey,Ireland,2018-02-20,2017,PG-13,93 min,"Children & Family Movies, Dramas, International Movies"
s8227,Movie,,Peyton Reed,United States,2019-07-16,2006,PG-13,107 min,"Comedies, Dramas, Romantic Movies"
s8228,Movie,,Kunle Afolayan,Nigeria,2019-09-01,2017,TV-14,119 min,"Dramas, International Movies, Romantic Movies"
s8229,Movie,,Terry Gilliam,United States,2019-07-01,2005,PG-13,119 min,"Action & Adventure, Sci-Fi & Fantasy"
s8230,Movie,,Rob Reiner,United States,2019-10-01,2007,PG-13,97 min,"Comedies, Dramas"
s8233,Movie,,Stacy Title,United States,2019-04-01,2017,PG-13,96 min,"Horror Movies, Thrillers"
s8234,Movie,,"Graham Phillips, Parker Phillips",United States,2020-03-23,2019,TV-MA,106 min,"Independent Movies, Thrillers"
s8235,Movie,,Ofir Raul Graizer,Israel,2018-12-04,2017,TV-14,109 min,"Dramas, Independent Movies, International Movies"
s8236,TV Show,,Bumpy,India,2019-04-01,2018,TV-MA,1 Season,"International TV Shows, Reality TV"
s8237,Movie,,Atom Egoyan,Canada,2018-07-20,2014,R,112 min,"Dramas, Thrillers"
s8238,Movie,,Elliot Silverstein,United States,2020-06-01,1977,PG,96 min,"Cult Movies, Horror Movies"
s8239,Movie,,Sean Menard,United States,2018-05-01,2017,TV-MA,60 min,"Documentaries, Sports Movies"
s8240,Movie,,Jon Gunn,United States,2017-11-21,2017,TV-PG,113 min,"Dramas, Faith & Spirituality"
s8241,Movie,,Tarek Al Eryan,Egypt,2019-06-13,2017,TV-MA,126 min,"Action & Adventure, Dramas, International Movies"
s8242,Movie,,Kunle Afolayan,Nigeria,2019-09-01,2016,TV-14,109 min,"Dramas, International Movies, Thrillers"
s8243,Movie,,Craig Moss,United States,2017-02-04,2016,R,93 min,"Horror Movies, Thrillers"
s8245,Movie,,Magdy Al-Hawwary,Egypt,2019-06-20,2010,TV-MA,101 min,"Dramas, International Movies, Music & Musicals"
s8246,Movie,,Antonio Chavarrías,Spain,2017-04-14,2016,TV-14,111 min,"Dramas, International Movies, Thrillers"
s8247,Movie,,David Pablos,Mexico,2016-05-08,2015,TV-MA,107 min,"Dramas, Independent Movies, International Movies"
s8248,Movie,,John Stephenson,United Kingdom,2019-11-01,2013,PG,100 min,"Dramas, Faith & Spirituality"
s8249,Movie,,Michael Buster,United States,2019-03-01,2016,TV-PG,92 min,"Children & Family Movies, Comedies"
s8250,Movie,,Norman Jewison,United States,2019-11-01,1965,TV-14,103 min,"Classic Movies, Dramas"
s8252,Movie,,John Wells,United States,2018-07-28,2010,R,105 min,"Dramas, Independent Movies"
s8253,Movie,,Harvey Lowry,United States,2019-07-23,2018,TV-14,103 min,"Comedies, Romantic Movies"
s8254,Movie,,Bob Nelson,Canada,2019-02-06,2016,PG-13,101 min,"Comedies, Dramas, Independent Movies"
s8255,Movie,,Ari Folman,Israel,2019-08-23,2013,TV-MA,123 min,"Dramas, International Movies, Sci-Fi & Fantasy"
s8256,Movie,,Amr Arafa,Egypt,2019-04-25,2011,TV-14,114 min,"Comedies, International Movies, Thrillers"
s8257,Movie,,Andrew Fleming,United States,2020-01-01,1996,R,101 min,"Horror Movies, Thrillers"
s8259,Movie,,"Kirk De Micco, Chris Sanders",United States,2019-07-29,2013,PG,99 min,"Children & Family Movies, Comedies"
s8260,Movie,,Alex Proyas,United States,2019-01-01,1994,R,102 min,"Action & Adventure, Cult Movies, Sci-Fi & Fantasy"
s8261,Movie,,Marek Piwowski,Poland,2019-10-01,1970,TV-PG,66 min,"Comedies, Cult Movies, International Movies"
s8262,Movie,,Neil Jordan,United Kingdom,2020-01-01,1992,R,112 min,"Classic Movies, Independent Movies, Thrillers"
s8264,Movie,,"Jarrad Paul, Andrew Mogel",United Kingdom,2017-04-02,2015,R,101 min,Comedies
s8265,Movie,,Satish Manwar,India,2018-01-01,2009,TV-14,99 min,"Dramas, International Movies"
s8266,Movie,,Ifa Isfansyah,Indonesia,2018-12-08,2011,TV-MA,105 min,"Dramas, International Movies, Romantic Movies"
s8267,Movie,,"Frank Oz, Jim Henson",United States,2019-05-01,1982,PG,93 min,Children & Family Movies
s8268,Movie,,Tariq Khan,India,2019-12-31,2018,TV-MA,121 min,"Dramas, International Movies"
s8270,Movie,,Simon Stone,Australia,2017-04-26,2015,TV-MA,95 min,Dramas
s8271,Movie,,"Peter Mortimer, Josh Lowell",Austria,2019-03-04,2017,TV-MA,100 min,"Documentaries, Sports Movies"
s8273,Movie,,Martin Scorsese,United States,2021-01-01,2006,R,151 min,"Dramas, Thrillers"
s8274,Movie,,"Cecilia Atán, Valeria Pivato",Argentina,2018-11-08,2017,TV-14,78 min,"Dramas, International Movies"
s8275,Movie,,Blair Hayes,United States,2019-02-15,2017,TV-14,85 min,"Horror Movies, Thrillers"
s8276,Movie,,William Friedkin,Italy,2018-07-23,2017,TV-PG,69 min,"Documentaries, Horror Movies"
s8277,Movie,,William Brent Bell,United States,2019-11-20,2012,R,84 min,"Horror Movies, Thrillers"
s8279,Movie,,"Stephanie Soechtig, Jeremy Seifert",United States,2019-01-15,2018,TV-14,88 min,Documentaries
s8280,Movie,,Alistair Legrand,United States,2018-08-01,2015,TV-MA,86 min,"Horror Movies, Sci-Fi & Fantasy, Thrillers"
s8281,Movie,,Riri Riza,Indonesia,2018-10-04,2009,TV-PG,121 min,"Dramas, International Movies"
s8282,Movie,,Bette Gordon,United States,2017-09-01,2016,TV-MA,99 min,Thrillers
s8284,Movie,,Kieran Darcy-Smith,United States,2019-06-02,2016,R,110 min,Dramas
s8285,Movie,,Jay Chandrasekhar,United States,2020-01-01,2005,PG-13,104 min,"Action & Adventure, Comedies"
s8286,Movie,,Robert Berlinger,United States,2020-01-01,2007,R,95 min,"Action & Adventure, Comedies"
s8287,Movie,,Paul Andrew Williams,United Kingdom,2017-08-31,2015,TV-MA,96 min,"Dramas, International Movies"
s8289,Movie,,James Ponsoldt,United States,2018-07-26,2015,R,106 min,"Dramas, Independent Movies"
s8290,Movie,,"Justin Benson, Aaron Moorhead",United States,2018-09-19,2017,TV-MA,112 min,"Independent Movies, Sci-Fi & Fantasy, Thrillers"
s8291,Movie,,Sam Raimi,United States,2020-01-10,1981,TV-MA,85 min,"Classic Movies, Cult Movies, Horror Movies"
s8292,Movie,,David Leveaux,United Kingdom,2019-07-26,2016,R,107 min,"Dramas, Romantic Movies"
s8293,Movie,,Nicolas Pesce,United States,2017-04-06,2016,R,76 min,"Horror Movies, Independent Movies"
s2141,TV Show,,Not Given,United States,2020-08-12,2020,TV-MA,1 Season,Reality TV
s8294,TV Show,,Michael Samuels,United Kingdom,2017-03-31,2012,TV-MA,1 Season,"British TV Shows, Crime TV Shows, TV Dramas"
s8295,Movie,,David Sington,United Kingdom,2016-06-01,2015,TV-MA,95 min,"Documentaries, International Movies"
s8296,Movie,,Jenée LaMarque,United States,2018-07-01,2018,TV-MA,88 min,"Comedies, Independent Movies, LGBTQ Movies"
s8297,Movie,,David O. Russell,United States,2019-01-13,2010,R,116 min,"Dramas, Sports Movies"
s8298,Movie,,Kunle Afolayan,Nigeria,2019-10-01,2009,TV-14,121 min,"Horror Movies, International Movies, Thrillers"
s8299,Movie,,David R. Ellis,United States,2020-01-01,2009,R,82 min,Horror Movies
s8300,Movie,,"Coerte Voorhees, John Voorhees",United States,2016-09-20,2014,TV-14,87 min,"Dramas, Independent Movies"
s8301,Movie,,Rodrigo Van Der Put,Brazil,2019-12-03,2019,TV-MA,46 min,"Comedies, International Movies"
s8302,Movie,,Hugh WIlson,United States,2019-11-20,1996,PG,103 min,Comedies
s8303,TV Show,,Mark Tonderai,United Kingdom,2017-09-15,2016,TV-MA,1 Season,"British TV Shows, Crime TV Shows, TV Dramas"
s8304,Movie,,Cheh Chang,Hong Kong,2018-07-31,1978,R,97 min,"Action & Adventure, Cult Movies, International Movies"
s8305,Movie,,Brian Levant,United States,2019-10-01,1994,PG,91 min,"Children & Family Movies, Comedies"
s8306,Movie,,Brian Levant,United States,2019-10-01,2000,PG,91 min,"Children & Family Movies, Comedies, Romantic Movies"
s8307,Movie,,Meng Hua Ho,Hong Kong,2018-07-28,1975,TV-MA,101 min,"Action & Adventure, Dramas, International Movies"
s8308,Movie,,Rob Minkoff,United States,2019-07-01,2008,PG-13,104 min,"Action & Adventure, Sci-Fi & Fantasy"
s8309,Movie,,Peter Nicks,United States,2018-01-29,2017,TV-MA,92 min,Documentaries
s8310,Movie,,Martin Campbell,United Kingdom,2020-02-14,2017,R,113 min,"Action & Adventure, International Movies"
s8311,Movie,,Oliver Frampton,United Kingdom,2017-09-11,2014,TV-MA,89 min,Horror Movies
s2242,TV Show,,Not Given,United States,2020-07-14,2020,TV-MA,1 Season,Docuseries
s8313,Movie,,John Lee Hancock,United States,2020-08-21,2016,PG-13,115 min,Dramas
s8314,Movie,,Toa Fraser,New Zealand,2017-10-01,2016,TV-PG,84 min,"Documentaries, Sports Movies"
s8315,Movie,,Scott Walker,United States,2020-08-27,2013,R,106 min,"Dramas, Thrillers"
s8329,Movie,,David Batty,United States,2018-10-19,2015,TV-14,123 min,"Dramas, Faith & Spirituality"
s8318,Movie,,Nia Dinata,Indonesia,2018-12-08,2003,TV-14,124 min,"Comedies, Dramas, International Movies"
s8319,Movie,,Mario Mattei,United States,2019-01-31,2018,TV-MA,83 min,"Documentaries, Sports Movies"
s8320,Movie,,Cody Stokes,United States,2020-04-07,2019,TV-MA,107 min,"Dramas, Independent Movies, Thrillers"
s8321,Movie,,David Fincher,United States,2021-01-05,2011,R,158 min,"Dramas, Thrillers"
s8330,Movie,,David Batty,United States,2018-10-19,2014,TV-14,190 min,"Dramas, Faith & Spirituality"
s8323,Movie,,"Doron Paz, Yoav Paz",Israel,2019-06-26,2018,TV-MA,95 min,"Horror Movies, Independent Movies, International Movies"
s8324,Movie,,Paul Shoulberg,United States,2018-01-24,2017,PG-13,97 min,"Comedies, Dramas, Romantic Movies"
s8325,Movie,,Kasra Farahani,United States,2016-12-05,2016,TV-MA,97 min,"Dramas, Independent Movies, Thrillers"
s8326,Movie,,Neal Brennan,United States,2019-11-20,2009,R,89 min,Comedies
s8327,Movie,,David Batty,United Kingdom,2018-10-20,2014,TV-14,161 min,"Dramas, Faith & Spirituality"
s8328,Movie,,David Batty,United States,2018-10-19,2015,TV-14,205 min,"Dramas, Faith & Spirituality"
s8333,Movie,,Shakti Samanta,India,2019-12-31,1979,TV-14,161 min,"Action & Adventure, Classic Movies, Cult Movies"
s8334,Movie,,John Dahl,United States,2019-11-01,2005,R,133 min,"Action & Adventure, Dramas"
s8336,Movie,,Michel Gondry,United States,2020-04-18,2011,PG-13,119 min,"Action & Adventure, Comedies"
s8338,Movie,,Michael G. Kehoe,United States,2017-12-11,2017,R,94 min,Horror Movies
s8339,Movie,,Mickey Liddell,United States,2018-10-04,2008,PG-13,85 min,"Horror Movies, Thrillers"
s8340,Movie,,Paco Arango,Spain,2020-06-01,2017,TV-14,108 min,"Children & Family Movies, Dramas, Faith & Spirituality"
s8341,Movie,,Maya Gallus,Canada,2019-05-07,2018,TV-MA,71 min,Documentaries
s8342,Movie,,Tate Taylor,United States,2020-06-01,2011,PG-13,147 min,Dramas
s8343,Movie,,Chad Archibald,Canada,2019-09-04,2017,TV-MA,88 min,Horror Movies
s8344,Movie,,Zoe Berriatúa,Spain,2016-06-01,2015,TV-MA,99 min,"Dramas, International Movies"
s8345,Movie,,"Mark Columbus, Lauren Hoekstra, Sarah Kruchowski, Ryan Moody, Simon Savelyev, Vanita Shastry, Shadae Lamar Smith, Jeremy David White",United States,2018-02-26,2017,TV-MA,96 min,"Dramas, Independent Movies"
s8346,Movie,,Gonzalo López-Gallego,United States,2017-03-16,2016,R,97 min,Action & Adventure
s8347,Movie,,Note Chern-Yim,Thailand,2018-07-25,2005,TV-14,92 min,"Comedies, Faith & Spirituality, International Movies"
s8349,Movie,,Damani Baker,United States,2017-06-30,2016,TV-14,79 min,Documentaries
s8351,Movie,,Rudradeep Bhattacharjee,India,2017-04-01,2013,TV-PG,53 min,"Documentaries, International Movies, Music & Musicals"
s8352,Movie,,Rob W. King,Canada,2018-12-18,2017,R,94 min,"Action & Adventure, Sci-Fi & Fantasy"
s8353,Movie,,Lasse Hallström,United States,2019-01-31,2014,PG,123 min,"Comedies, Dramas"
s8355,Movie,,Rob Cohen,United Kingdom,2018-09-26,2018,PG-13,103 min,Action & Adventure
s8356,Movie,,Vlad Yudin,United States,2017-02-01,2016,PG-13,111 min,"Documentaries, Sports Movies"
s8357,Movie,,Terry Gilliam,United Kingdom,2019-03-08,2009,PG-13,123 min,"Action & Adventure, Sci-Fi & Fantasy"
s8359,Movie,,Isaac Ezban,Mexico,2017-06-19,2014,TV-MA,100 min,"International Movies, Sci-Fi & Fantasy, Thrillers"
s8360,Movie,,"Philip Einstein Lipski, Jørgen Lerdam, Amalie Næsby Fick",Denmark,2019-03-01,2018,TV-G,75 min,Children & Family Movies
s8361,Movie,,Brad Bird,United States,2019-01-30,2018,PG,118 min,"Children & Family Movies, Comedies"
s8362,Movie,,Frank Oz,United States,2020-11-01,1995,PG,96 min,"Children & Family Movies, Dramas"
s8363,Movie,,Steven Soderbergh,United States,2018-08-01,2009,R,108 min,"Comedies, Dramas"
s8364,Movie,,"Femi Oyeniran, Kalvadour Peterson",United Kingdom,2017-05-15,2016,TV-MA,99 min,"Dramas, International Movies, Thrillers"
s8365,Movie,,"Femi Oyeniran, Nicky Slimting Walker",United Kingdom,2019-02-21,2018,TV-MA,103 min,"Dramas, International Movies"
s8366,Movie,,"Ricky Gervais, Matthew Robinson",United States,2020-01-01,2009,PG-13,99 min,"Comedies, Romantic Movies"
s8368,Movie,,Karyn Kusama,United States,2016-07-08,2015,TV-MA,100 min,"Horror Movies, Independent Movies, Thrillers"
s8358,TV Show,,Not Given,United Kingdom,2018-01-01,2010,TV-MA,3 Seasons,"British TV Shows, TV Comedies"
s8370,Movie,,Phyllida Lloyd,United Kingdom,2019-07-07,2011,PG-13,105 min,"Dramas, International Movies"
s8371,Movie,,"Benjamin Cohen, Nicolas Cotto",France,2018-01-02,2015,TV-14,52 min,"Documentaries, International Movies"
s8373,Movie,,Robin Swicord,United States,2019-03-08,2007,PG-13,106 min,"Comedies, Dramas, Romantic Movies"
s8375,Movie,,Riri Riza,Indonesia,2018-10-30,2013,TV-PG,90 min,"Dramas, International Movies"
s8376,Movie,,Karen Moncrieff,United States,2018-09-01,2017,PG-13,95 min,"Dramas, Thrillers"
s8378,Movie,,Tom Hooper,United Kingdom,2018-06-02,2010,R,118 min,"Dramas, International Movies"
s8381,Movie,,Alejandro Agresti,United States,2019-09-01,2006,PG,98 min,"Dramas, Romantic Movies, Sci-Fi & Fantasy"
s8382,Movie,,Timothy Reckart,United States,2018-06-04,2017,PG,86 min,"Children & Family Movies, Faith & Spirituality"
s8383,Movie,,Pieter-Jan De Pue,Belgium,2017-01-01,2016,TV-MA,84 min,"Documentaries, International Movies"
s8384,Movie,,Gillian Armstrong,Australia,2016-11-01,1992,R,93 min,"Classic Movies, Dramas"
s8385,Movie,,Daniel Stamm,France,2019-09-01,2010,PG-13,88 min,"Horror Movies, Independent Movies, Thrillers"
s8386,Movie,,Sean Penn,United States,2020-01-13,2016,R,131 min,Dramas
s8387,Movie,,Rodrigo Van Der Put,Brazil,2018-12-21,2018,TV-MA,44 min,"Comedies, International Movies"
s8388,Movie,,Mark Craig,United Kingdom,2016-05-26,2014,TV-PG,96 min,Documentaries
s8389,Movie,,"Dennis Scholl, Kareem Tabsch",United States,2019-04-21,2018,TV-14,70 min,Documentaries
s8390,Movie,,Rob Smat,United States,2019-10-26,2019,PG,88 min,"Dramas, Sports Movies"
s8391,Movie,,Peter Spirer,United States,2017-12-01,2017,TV-MA,87 min,Documentaries
s8392,Movie,,Manish Jha,India,2019-04-01,2016,TV-14,118 min,"Comedies, Dramas, International Movies"
s8394,Movie,,Jeff Baena,Canada,2018-12-23,2017,R,89 min,"Comedies, Independent Movies"
s8395,Movie,,"Blake Harris, Chris Bouchard",United States,2018-12-01,2018,PG,85 min,"Children & Family Movies, Dramas"
s8396,Movie,,Mark Osborne,France,2020-11-06,2015,PG,107 min,Children & Family Movies
s8397,Movie,,Florian Henckel von Donnersmarck,Germany,2019-03-15,2006,R,138 min,"Dramas, International Movies, Thrillers"
s8399,Movie,,Yorgos Lanthimos,Ireland,2018-12-02,2015,R,119 min,"Comedies, International Movies, Romantic Movies"
s8400,Movie,,Brian O'Malley,Ireland,2018-08-23,2017,R,93 min,"Horror Movies, International Movies"
s8401,Movie,,Jay Lyons,United States,2019-06-23,2019,TV-PG,87 min,"Documentaries, Faith & Spirituality"
s8402,Movie,,Robert Aldrich,United States,2019-11-20,1974,R,121 min,"Classic Movies, Comedies, Sports Movies"
s8403,Movie,,Fred Durst,United States,2019-01-30,2008,PG,95 min,"Comedies, Dramas, Sports Movies"
s8404,Movie,,Joshua Oppenheimer,Denmark,2016-02-26,2014,PG-13,103 min,"Documentaries, International Movies"
s8405,Movie,,Peter Jackson,New Zealand,2020-01-01,2003,PG-13,201 min,"Action & Adventure, Sci-Fi & Fantasy"
s8406,Movie,,Peter Jackson,New Zealand,2020-01-01,2002,PG-13,179 min,"Action & Adventure, Sci-Fi & Fantasy"
s8407,Movie,,Marco Schnabel,United Kingdom,2019-11-20,2008,PG-13,87 min,"Comedies, Sports Movies"
s8408,Movie,,"Robert Cannan, Ross Adam",United Kingdom,2017-02-23,2016,TV-14,98 min,"Documentaries, International Movies"
s8409,Movie,,Stanisław Różewicz,Poland,2019-10-01,1982,TV-14,82 min,"Dramas, International Movies"
s8410,Movie,,Johnny To,Hong Kong,2018-08-16,1993,TV-14,85 min,"Comedies, International Movies, Sci-Fi & Fantasy"
s8411,Movie,,Robert Tate,United States,2018-04-24,2017,TV-PG,90 min,Documentaries
s8413,Movie,,"John Mikulak, Joshua Brown",United States,2018-01-12,2009,TV-14,68 min,"Documentaries, Music & Musicals"
s8414,Movie,,Martin Campbell,United States,2020-01-01,1998,PG-13,138 min,"Action & Adventure, Romantic Movies"
s8415,Movie,,"Lilly Wachowski, Lana Wachowski",United States,2019-11-01,1999,R,136 min,"Action & Adventure, Sci-Fi & Fantasy"
s8416,Movie,,"Lilly Wachowski, Lana Wachowski",United States,2019-11-01,2003,R,138 min,"Action & Adventure, Sci-Fi & Fantasy"
s8417,Movie,,"Lilly Wachowski, Lana Wachowski",United States,2019-11-01,2003,R,129 min,"Action & Adventure, Sci-Fi & Fantasy"
s8418,Movie,,"Ken Burns, Christopher Loren Ewers, Erik Ewers",United States,2019-04-19,2018,TV-14,116 min,Documentaries
s8419,Movie,,Park In-je,South Korea,2017-09-30,2017,TV-MA,130 min,"Dramas, International Movies"
s8420,Movie,,William Wyler,United States,2017-03-31,1944,TV-PG,40 min,"Classic Movies, Documentaries"
s8421,Movie,,Grant Heslov,United States,2019-06-04,2009,R,94 min,Comedies
s8426,Movie,,Mads Matthiesen,Denmark,2016-12-06,2016,TV-MA,104 min,"Dramas, Independent Movies, International Movies"
s8427,Movie,,Bryan Bertino,United States,2019-01-09,2016,R,91 min,"Horror Movies, Independent Movies"
s8703,Movie,,Tiffanie Hsu,United States,2018-07-25,2018,TV-G,68 min,Documentaries
s8424,TV Show,,Not Given,France,2018-04-15,2012,TV-G,2 Seasons,"Kids' TV, TV Comedies"
s8428,Movie,,John Banas,New Zealand,2015-12-15,2015,TV-MA,70 min,Dramas
s8434,Movie,,David Zucker,United States,2020-01-01,1991,PG-13,85 min,Comedies
s8431,Movie,,James Bobin,United States,2020-09-01,2011,PG,104 min,"Children & Family Movies, Comedies"
s8433,Movie,,Michael Radford,Italy,2018-07-01,2017,TV-PG,115 min,"Dramas, International Movies, Music & Musicals"
s8435,Movie,,David Zucker,United States,2021-01-01,1988,PG-13,85 min,"Comedies, Cult Movies"
s8436,Movie,,Barry Levinson,United States,2020-01-01,1984,PG,138 min,"Classic Movies, Dramas, Sports Movies"
s8437,Movie,,Stuart Heisler,United States,2017-03-31,1944,TV-14,40 min,"Classic Movies, Documentaries"
s8439,Movie,,Carly Stone,Canada,2019-04-15,2018,TV-MA,82 min,"Comedies, Independent Movies, Romantic Movies"
s8441,Movie,,"Stefan Aust, Dirk Laabs",Germany,2016-12-28,2016,TV-14,90 min,"Documentaries, International Movies"
s8442,Movie,,"Lasse Hallström, Joe Johnston",United States,2019-05-28,2018,PG,99 min,Children & Family Movies
s8444,Movie,,Charlie McDowell,United States,2019-05-30,2014,R,91 min,"Comedies, Dramas, Independent Movies"
s8445,Movie,,Wenn V. Deramas,Philippines,2019-02-27,2008,TV-PG,106 min,"Comedies, International Movies"
s8446,Movie,,Adam McKay,United States,2020-02-01,2010,PG-13,108 min,"Action & Adventure, Comedies"
s8447,Movie,,John Duigan,United Kingdom,2018-08-01,2001,R,94 min,"Action & Adventure, Comedies"
s7083,TV Show,,Not Given,Israel,2019-01-29,2017,TV-14,1 Season,"Docuseries, International TV Shows"
s7084,TV Show,,Not Given,United Kingdom,2018-12-31,2018,TV-MA,1 Season,Reality TV
s8448,Movie,,Ben A. Williams,United Kingdom,2019-01-01,2016,NR,87 min,"Dramas, Independent Movies, LGBTQ Movies"
s8449,Movie,,Mimi Leder,United States,2020-01-01,1997,R,124 min,Action & Adventure
s8450,Movie,,Alan J. Pakula,United States,2019-11-01,1993,PG-13,141 min,"Dramas, Thrillers"
s8452,Movie,,Stephen Chbosky,United States,2020-04-01,2012,PG-13,103 min,"Comedies, Dramas"
s8453,Movie,,Joel Schumacher,United Kingdom,2019-06-01,2004,PG-13,141 min,"Dramas, Music & Musicals, Romantic Movies"
s8454,Movie,,Philipp Stölzl,Germany,2015-07-15,2013,R,155 min,"Action & Adventure, Dramas, International Movies"
s8455,Movie,,Shawn Levy,United States,2019-07-01,2006,PG,93 min,"Children & Family Movies, Comedies"
s8456,Movie,,Peggy Holmes,United States,2014-06-15,2014,G,78 min,Children & Family Movies
s8457,Movie,,Bryan Buckley,Somalia,2018-03-01,2017,R,118 min,Dramas
s8458,Movie,,"Peter Lord, Jeff Newitt",United Kingdom,2020-10-01,2012,PG,88 min,"Children & Family Movies, Comedies"
s8459,Movie,,Derek Cianfrance,United States,2017-05-16,2012,R,140 min,"Dramas, Independent Movies"
s8460,Movie,,Keerthi,India,2018-03-01,2015,TV-MA,124 min,"Dramas, International Movies, Thrillers"
s8461,Movie,,Ahmad El-Badri,Egypt,2019-06-20,2012,TV-MA,110 min,"Comedies, International Movies"
s8462,Movie,,Robert Zemeckis,United States,2021-01-01,2004,G,100 min,Children & Family Movies
s8463,Movie,,"Randall Lobb, Robert McCallum",Canada,2018-08-24,2017,TV-14,96 min,Documentaries
s8464,Movie,,Chan-sang Lim,South Korea,2017-10-01,2004,TV-MA,116 min,"Comedies, Dramas, International Movies"
s8465,Movie,,Brian A. Miller,United States,2019-02-22,2014,R,91 min,Action & Adventure
s8451,Movie,,Jean-Pierre Devillers,Not Given,2018-09-01,2018,TV-14,93 min,"Documentaries, International Movies, Sports Movies"
s8466,Movie,,Martha Coolidge,United States,2020-10-01,2004,PG,111 min,"Comedies, Romantic Movies"
s8467,Movie,,"Ron Clements, John Musker",United States,2019-07-16,2009,G,98 min,Children & Family Movies
s8468,Movie,,Na Hyeon,South Korea,2017-11-18,2017,TV-MA,125 min,"Action & Adventure, Dramas, International Movies"
s8469,Movie,,John Papola,United States,2019-08-07,2019,TV-14,76 min,Documentaries
s8470,Movie,,Gabriele Muccino,United States,2019-10-01,2006,PG-13,117 min,Dramas
s8471,Movie,,"Grant Korgan, Brian Niles",United States,2019-06-07,2018,TV-MA,90 min,"Documentaries, Sports Movies"
s8482,Movie,,Ahmed Al-Badry,Egypt,2019-06-06,2015,TV-14,90 min,"Dramas, International Movies"
s8473,Movie,,Riri Riza,Indonesia,2018-10-21,2008,TV-PG,119 min,"Children & Family Movies, Dramas, International Movies"
s8474,Movie,,Francis Ford Coppola,United States,2019-11-20,1997,PG-13,136 min,"Dramas, Thrillers"
s8476,Movie,,Miriam Chandy Menacherry,India,2017-01-01,2010,TV-PG,52 min,"Documentaries, International Movies"
s8478,Movie,,Kevin Derek,United States,2017-06-16,2015,TV-PG,81 min,"Documentaries, Sports Movies"
s8479,Movie,,Shaina Allen,United States,2019-02-28,2016,TV-MA,77 min,"Documentaries, Sports Movies"
s8480,Movie,,"Heber Cannon, Mariah Moore, Marston Sawyers",United States,2018-07-01,2017,TV-14,120 min,"Documentaries, Sports Movies"
s8481,Movie,,Alison MacLean,New Zealand,2018-01-01,2016,TV-MA,102 min,"Dramas, Independent Movies, International Movies"
s8484,Movie,,Steve Barker,United Kingdom,2017-01-16,2016,TV-MA,90 min,"Horror Movies, International Movies"
s8485,Movie,,Dejan Zečević,Serbia,2018-02-26,2016,TV-MA,92 min,"Horror Movies, Independent Movies, Sci-Fi & Fantasy"
s8486,Movie,,Hadi El Bagoury,Egypt,2019-06-13,2011,TV-14,93 min,"Dramas, International Movies, Romantic Movies"
s8487,Movie,,Gore Verbinski,United States,2020-01-01,2002,PG-13,116 min,"Horror Movies, Thrillers"
s8488,Movie,,Lone Scherfig,United Kingdom,2017-03-16,2014,R,107 min,"Dramas, International Movies"
s8489,Movie,,N.D. Wilson,United States,2017-01-14,2016,NR,87 min,"Dramas, Independent Movies"
s8490,Movie,,Curtis Hanson,United States,2018-09-01,1994,PG-13,111 min,Action & Adventure
s8492,Movie,,Paul Dugdale,United Kingdom,2019-03-22,2016,TV-MA,101 min,"Documentaries, International Movies, Music & Musicals"
s8493,Movie,,Christian E. Christiansen,United States,2020-04-01,2011,PG-13,91 min,Thrillers
s8494,Movie,,David Michôd,Australia,2018-07-19,2014,R,103 min,"International Movies, Thrillers"
s8495,Movie,,Bruce Robinson,United States,2019-12-06,2011,R,120 min,"Comedies, Dramas"
s8496,Movie,,Austin Stark,United States,2017-09-08,2015,R,90 min,"Dramas, Independent Movies"
s8497,Movie,,Kristian Levring,Denmark,2017-03-02,2014,R,92 min,"Dramas, Independent Movies, International Movies"
s8498,Movie,,Wayne Blair,Australia,2019-04-26,2012,PG-13,99 min,"Comedies, Dramas, Independent Movies"
s8499,Movie,,Frank Oz,Germany,2019-11-28,2001,R,124 min,"Dramas, Thrillers"
s8500,Movie,,Gus Van Sant,United States,2018-11-08,2015,PG-13,111 min,Dramas
s8501,Movie,,Stephen Amezdroz,United States,2018-04-01,2016,TV-G,32 min,Documentaries
s8502,Movie,,Chris Renaud,United States,2019-12-27,2019,PG,86 min,"Children & Family Movies, Comedies"
s8503,Movie,,Tiller Russell,United States,2017-04-14,2014,R,104 min,Documentaries
s8505,Movie,,Abhishek Sharma,India,2018-03-01,2014,TV-MA,123 min,"Comedies, International Movies, Music & Musicals"
s7286,TV Show,,Not Given,United States,2019-01-18,2017,TV-PG,1 Season,Docuseries
s8506,Movie,,Giancarlo Esposito,United States,2020-06-01,2017,TV-MA,105 min,Dramas
s8507,Movie,,Dino Risi,Italy,2020-11-13,1955,TV-14,97 min,"Classic Movies, Comedies, Independent Movies"
s8508,Movie,,"William Eubank, Will Eubank",United States,2018-07-13,2014,PG-13,97 min,"Sci-Fi & Fantasy, Thrillers"
s8509,Movie,,Isaac Ezban,Mexico,2017-01-15,2015,NR,90 min,"Horror Movies, Independent Movies, International Movies"
s8510,Movie,,Sunil Soraya,Indonesia,2018-09-28,2013,TV-14,163 min,"Dramas, International Movies, Romantic Movies"
s8512,Movie,,David Fincher,United States,2020-04-01,2010,PG-13,121 min,Dramas
s8513,Movie,,Peter Chelsom,United States,2019-06-01,2016,PG-13,120 min,"Action & Adventure, Romantic Movies, Sci-Fi & Fantasy"
s8514,Movie,,James Ponsoldt,United States,2018-07-15,2013,R,95 min,"Dramas, Independent Movies, Romantic Movies"
s8515,Movie,,Krzysztof Zanussi,Poland,2019-10-01,1978,TV-MA,84 min,"Dramas, Independent Movies, International Movies"
s8516,Movie,,Brian Levant,United States,2020-11-01,2010,PG,94 min,"Action & Adventure, Children & Family Movies, Comedies"
s8517,Movie,,Thomas Meadmore,United Kingdom,2019-04-05,2019,TV-MA,94 min,"Documentaries, International Movies"
s8518,Movie,,Kyle Patrick Alvarez,United States,2017-06-17,2015,R,122 min,"Dramas, Independent Movies, Thrillers"
s8521,Movie,,Steven R. Monroe,United States,2019-03-15,2017,TV-14,90 min,Thrillers
s8522,Movie,,Cosmo Feilding-Mellen,United Kingdom,2017-03-09,2015,TV-MA,91 min,"Documentaries, International Movies"
s8523,Movie,,Stephan Rick,United States,2019-02-16,2017,R,89 min,Horror Movies
s8525,Movie,,"Will Lockhart, Cole D. Pruitt",United States,2018-08-30,2018,TV-14,98 min,Documentaries
s8526,Movie,,Tony Scott,United States,2019-09-01,2009,R,106 min,Action & Adventure
s8527,Movie,,Anthony Minghella,United States,2020-01-01,1999,R,139 min,"Dramas, Thrillers"
s8528,Movie,,Tobe Hooper,United States,2019-10-22,1974,R,83 min,"Cult Movies, Horror Movies, Independent Movies"
s8529,Movie,,"Mohammed El-Tahawy, Mohamed Mostafa",Egypt,2019-06-06,2013,TV-14,96 min,"Dramas, International Movies"
s8530,Movie,,Lena Khan,United States,2018-04-09,2016,TV-14,94 min,"Comedies, Dramas, Independent Movies"
s8531,Movie,,Leanne Gater,United Kingdom,2018-11-01,2017,TV-G,58 min,Documentaries
s8532,Movie,,Simon Wells,United States,2019-11-23,2002,PG-13,96 min,"Action & Adventure, Sci-Fi & Fantasy"
s8533,Movie,,Robert Schwentke,United States,2019-10-01,2009,PG-13,107 min,"Dramas, Romantic Movies, Sci-Fi & Fantasy"
s8535,Movie,,"Brendan Malloy, Emmett Malloy",United States,2019-12-01,2017,R,104 min,"Dramas, Independent Movies, Sports Movies"
s8536,Movie,,David Koepp,United States,2018-01-01,1996,R,94 min,Thrillers
s8537,Movie,,Michael Winterbottom,United Kingdom,2017-12-12,2016,TV-MA,108 min,Comedies
s8538,Movie,,"Ben Brewer, Alex Brewer",United States,2019-04-01,2015,R,91 min,Thrillers
s8539,Movie,,David Briggs,United Kingdom,2017-08-01,2016,TV-14,58 min,"Documentaries, International Movies"
s8541,Movie,,Kevin Donovan,United States,2019-11-01,2002,PG-13,99 min,"Action & Adventure, Comedies"
s8543,Movie,,Robert Luketic,United States,2019-04-25,2009,R,96 min,"Comedies, Romantic Movies"
s8544,Movie,,Poj Arnon,Thailand,2018-07-30,2011,TV-MA,93 min,"Horror Movies, International Movies"
s8475,TV Show,,Not Given,United States,2019-09-15,2016,TV-14,1 Season,Reality TV
s8547,Movie,,"Jean-Pierre Dardenne, Luc Dardenne",Belgium,2017-12-12,2016,TV-MA,106 min,"Dramas, International Movies"
s8548,Movie,,Errol Morris,United States,2019-02-22,2013,PG-13,103 min,Documentaries
s8549,Movie,,Mark Neveldine,United States,2020-04-20,2015,PG-13,91 min,"Horror Movies, Thrillers"
s8550,TV Show,,"Ken Burns, Lynn Novick",United States,2018-06-20,2017,TV-MA,1 Season,Docuseries
s8551,Movie,,"Ossama Abu El Atta, Tarek Al Eryan",Egypt,2019-04-18,2015,TV-14,98 min,"Action & Adventure, Dramas, International Movies"
s8553,Movie,,Russell Crowe,Australia,2019-10-07,2014,R,111 min,"Dramas, International Movies"
s8554,Movie,,Jay Russell,New Zealand,2018-11-01,2007,PG,112 min,Children & Family Movies
s8555,Movie,,Frank Coraci,United States,2017-03-08,1998,PG-13,90 min,"Comedies, Sports Movies"
s8556,Movie,,Chito S. Roño,Philippines,2019-03-21,2006,TV-PG,101 min,"Horror Movies, International Movies"
s8557,Movie,,Niyi Akinmolayan,Nigeria,2019-09-21,2017,TV-14,98 min,"Comedies, International Movies, Romantic Movies"
s8559,Movie,,Robert Eggers,United Kingdom,2018-09-17,2015,R,92 min,"Horror Movies, Independent Movies"
s8560,Movie,,Kyle Rankin,United States,2019-02-01,2018,TV-14,88 min,"Horror Movies, Thrillers"
s8562,Movie,,Neil Rawles,United Kingdom,2017-08-01,2016,TV-MA,47 min,"Documentaries, International Movies"
s8563,Movie,,Emil Ben-Shimon,Israel,2017-12-19,2016,TV-PG,100 min,"Comedies, Dramas, Faith & Spirituality"
s8564,Movie,,Laurent Cantet,France,2018-11-10,2017,TV-MA,114 min,"Dramas, International Movies"
s8565,Movie,,Michael Apted,United Kingdom,2019-12-31,1999,PG-13,128 min,Action & Adventure
s8566,Movie,,Victoria Bromley,United Kingdom,2019-04-01,2018,TV-PG,53 min,Documentaries
s8567,Movie,,George Mendeluk,Canada,2019-06-18,2017,TV-14,89 min,Thrillers
s8569,Movie,,Peter Foott,Ireland,2017-03-09,2016,TV-MA,83 min,"Comedies, International Movies"
s8570,Movie,,Sze Yu Lau,Hong Kong,2018-08-16,1985,TV-14,85 min,"Action & Adventure, Comedies, International Movies"
s8571,Movie,,Peter Svatek,Canada,2017-07-18,2016,TV-PG,94 min,Documentaries
s8572,Movie,,Saheed Arafath,India,2018-07-01,2017,TV-14,104 min,"Dramas, International Movies, Romantic Movies"
s8573,Movie,,Charlotte Zwerin,United States,2019-11-01,1988,PG-13,89 min,"Documentaries, Music & Musicals"
s8574,Movie,,David Shisgall,United States,2016-12-16,2016,TV-14,86 min,Documentaries
s8577,Movie,,Derek Hui,China,2017-10-14,2017,TV-PG,107 min,"Comedies, International Movies, Romantic Movies"
s8578,Movie,,Wim Bonte,Belgium,2015-12-15,2015,NR,77 min,"Documentaries, International Movies, Music & Musicals"
s8579,Movie,,Raam Reddy,India,2017-03-09,2015,TV-MA,123 min,"Dramas, Independent Movies, International Movies"
s8580,Movie,,Bin Bunluerit,Thailand,2018-01-15,2017,TV-MA,122 min,"Action & Adventure, International Movies, Sports Movies"
s8581,Movie,,Taika Waititi,United States,2018-06-05,2017,PG-13,131 min,"Action & Adventure, Comedies, Sci-Fi & Fantasy"
s8582,Movie,,Sam Liu,United States,2020-04-15,2011,TV-Y7,77 min,Children & Family Movies
s8583,Movie,,Benjamin Ross,United Kingdom,2016-11-02,2010,NR,125 min,"Dramas, International Movies"
s8584,Movie,,Stephen Hopkins,United Kingdom,2016-11-02,2010,NR,125 min,"Dramas, International Movies"
s8585,Movie,,Johnnie To,Hong Kong,2017-06-03,2016,TV-MA,88 min,"Action & Adventure, International Movies"
s8587,Movie,,Jordan Ross,United States,2018-02-05,2017,TV-MA,93 min,"Dramas, Thrillers"
s8588,Movie,,"William Wyler, John Sturges",United States,2017-03-31,1947,TV-PG,42 min,"Classic Movies, Documentaries"
s8586,Movie,,Mohamed Hamdy,Egypt,2019-06-20,2010,TV-14,96 min,"Comedies, Dramas, International Movies"
s8590,Movie,,Li Jun,China,2017-07-01,2016,TV-14,108 min,"Dramas, International Movies, Thrillers"
s8591,Movie,,Aditya Kripalani,India,2018-08-01,2017,TV-MA,151 min,"Dramas, International Movies"
s8592,Movie,,Sameer Vidwans,India,2018-01-01,2013,TV-14,125 min,"Comedies, Dramas, International Movies"
s853,Movie,,Not Given,Pakistan,2021-05-21,2021,TV-14,131 min,"Dramas, International Movies, Music & Musicals"
s8603,Movie,,Phil Roman,Not Given,2019-12-15,2001,TV-Y7,60 min,"Children & Family Movies, Comedies"
s8595,Movie,,Steve Loter,United States,2015-05-17,2014,G,78 min,Children & Family Movies
s8596,Movie,,Sonny Marler,United States,2019-03-19,2018,TV-14,97 min,"Dramas, Independent Movies, Sci-Fi & Fantasy"
s8598,Movie,,"Edward Ellis, Flor Salcedo, Aaron Woolf",United States,2017-01-01,2016,TV-14,84 min,Documentaries
s8599,Movie,,Beeban Kidron,United States,2019-08-01,1995,PG-13,108 min,"Comedies, Cult Movies, LGBTQ Movies"
s8600,TV Show,,Michael Cumming,United Kingdom,2017-09-01,2015,TV-MA,3 Seasons,"British TV Shows, Classic & Cult TV, TV Comedies"
s8602,Movie,,Kyoko Miyake,United Kingdom,2017-10-01,2017,TV-14,89 min,"Documentaries, International Movies, Music & Musicals"
s8604,Movie,,Roger Spottiswoode,United Kingdom,2019-12-31,1997,PG-13,119 min,Action & Adventure
s8623,Movie,,S.S. Wilson,United States,2020-01-01,1995,PG-13,100 min,"Comedies, Horror Movies, Sci-Fi & Fantasy"
s8607,Movie,,Buddhadev Dasgupta,India,2018-03-01,2016,TV-14,87 min,"Dramas, Independent Movies, International Movies"
s8608,Movie,,Maria Ripoll,United States,2020-09-15,2001,PG-13,104 min,"Comedies, Dramas, Romantic Movies"
s8609,Movie,,Warren P. Sonoda,United States,2016-12-19,2016,NR,94 min,Comedies
s8611,Movie,,Daniel Benmayor,United States,2019-10-22,2015,PG-13,94 min,Action & Adventure
s8612,Movie,,Madhur Bhandarkar,India,2019-12-31,2007,TV-MA,130 min,"Dramas, Independent Movies, International Movies"
s8613,Movie,,Sukum Maetawanitch,Thailand,2018-07-25,2007,TV-MA,88 min,"Horror Movies, International Movies"
s8614,Movie,,Sang-ho Yeon,South Korea,2017-03-18,2016,TV-MA,118 min,"Action & Adventure, Horror Movies, International Movies"
s8615,Movie,,Danny Boyle,United Kingdom,2019-10-01,1996,R,94 min,"Comedies, Cult Movies, Dramas"
s8616,Movie,,Jeffrey Nachmanoff,United States,2018-07-01,2008,PG-13,114 min,"Dramas, Thrillers"
s8617,Movie,,Wally Pfister,United Kingdom,2018-11-01,2014,PG-13,119 min,"Sci-Fi & Fantasy, Thrillers"
s8618,Movie,,Stephen Daldry,United Kingdom,2019-01-01,2014,R,114 min,"Dramas, Independent Movies, Thrillers"
s8619,Movie,,Richard Bates Jr.,United States,2017-02-02,2016,R,94 min,"Comedies, Dramas, Independent Movies"
s8620,Movie,,Sam Hobkinson,United Kingdom,2018-01-01,2017,TV-G,82 min,"Documentaries, Dramas, International Movies"
s8621,Movie,,"Jon Reiner, Brad Rothschild",Canada,2016-11-01,2015,TV-PG,82 min,Documentaries
s8622,Movie,,Ron Underwood,United States,2020-01-01,1990,PG-13,96 min,"Comedies, Cult Movies, Horror Movies"
s8624,Movie,,Brent Maddock,United States,2020-01-01,2001,PG,104 min,"Comedies, Horror Movies, Sci-Fi & Fantasy"
s8625,Movie,,S.S. Wilson,United States,2020-01-01,2004,PG-13,101 min,"Comedies, Horror Movies, Sci-Fi & Fantasy"
s8626,Movie,,Don Michael Paul,South Africa,2020-01-01,2015,PG-13,99 min,"Comedies, Horror Movies, Sci-Fi & Fantasy"
s8627,Movie,,Don Michael Paul,United States,2018-05-01,2018,PG-13,98 min,"Action & Adventure, Comedies, Horror Movies"
s8628,Movie,,Adam Smith,United Kingdom,2019-02-22,2016,R,100 min,Dramas
s8629,Movie,,Shyam Benegal,India,2019-12-31,1985,TV-14,134 min,"Comedies, Dramas, Independent Movies"
s8630,Movie,,Mukul Anand,India,2018-03-01,1995,TV-PG,173 min,"Action & Adventure, Dramas, International Movies"
s8631,Movie,,Jitender Pawar,India,2017-11-01,2014,TV-MA,113 min,"International Movies, Thrillers"
s8632,Movie,,Nicholas Zeig-Owens,United States,2020-03-27,2019,TV-MA,91 min,"Documentaries, Music & Musicals"
s8633,Movie,,"Shaul Schwarz, Christina Clusiau",United Kingdom,2018-02-13,2017,TV-MA,110 min,"Documentaries, International Movies"
s8635,Movie,,Tekin Girgin,United States,2018-03-12,2017,TV-MA,90 min,Action & Adventure
s8636,Movie,,Henry Hathaway,United States,2020-01-01,1969,G,128 min,"Classic Movies, Dramas"
s8637,Movie,,Preston A. Whitmore II,United States,2018-03-01,2017,R,108 min,Dramas
s8638,Movie,,Jay Roach,United States,2020-05-19,2015,R,124 min,"Dramas, Independent Movies"
s8639,Movie,,Eli Craig,Canada,2019-03-29,2010,R,89 min,"Comedies, Horror Movies, Independent Movies"
s8640,Movie,,Chandrakant Kulkarni,India,2018-02-15,2012,TV-PG,162 min,"Dramas, Faith & Spirituality, International Movies"
s8641,Movie,,"Frank Capra, John Huston, Hugh Stewart, Roy Boulting, Anthony Veiller",United States,2017-03-31,1944,TV-14,76 min,"Classic Movies, Documentaries"
s8642,Movie,,David Soren,United States,2019-09-12,2013,PG,96 min,"Children & Family Movies, Comedies"
s8643,Movie,,Kevin Smith,United States,2018-07-24,2014,R,102 min,Horror Movies
s8644,Movie,,Hidetaka Inazuka,Japan,2017-12-31,2010,TV-14,53 min,"Documentaries, International Movies"
s8646,Movie,,Buz Wallick,United States,2019-03-15,2018,TV-MA,86 min,"Horror Movies, Independent Movies, Thrillers"
s8649,Movie,,Gary Young,United Kingdom,2019-05-01,2018,TV-MA,80 min,Thrillers
s8650,Movie,,Kim Nguyen,Canada,2017-05-02,2016,R,95 min,"Dramas, Independent Movies, Romantic Movies"
s8651,Movie,,"Susan Lambert, Stefan Moore",Australia,2015-12-01,2015,TV-14,78 min,"Documentaries, International Movies"
s8652,Movie,,James Toback,United States,2019-03-01,2008,R,90 min,"Documentaries, Sports Movies"
s8653,Movie,,Anurag Kashyap,India,2017-03-01,2013,NR,125 min,"Dramas, International Movies, Thrillers"
s8655,Movie,,Benedict Andrews,United Kingdom,2018-04-01,2016,R,94 min,"Dramas, International Movies"
s8656,Movie,,Paul Feig,United States,2019-10-01,2006,PG,90 min,"Children & Family Movies, Comedies"
s8657,Movie,,Michael Mazzola,United States,2017-08-21,2017,TV-MA,104 min,Documentaries
s8658,Movie,,Chris Burkard,United States,2017-12-15,2017,TV-14,40 min,"Action & Adventure, Documentaries, Sports Movies"
s8659,Movie,,Jonathan Glazer,Switzerland,2018-07-15,2013,R,108 min,"Dramas, Independent Movies, International Movies"
s8660,Movie,,Erik Canuel,Canada,2017-11-01,2016,PG-13,94 min,"Action & Adventure, Children & Family Movies, Comedies"
s8661,Movie,,John Ford,United States,2017-03-31,1943,TV-PG,61 min,"Classic Movies, Documentaries"
s8662,Movie,,Paul Andrew Williams,United Kingdom,2019-07-22,2012,PG-13,94 min,"Comedies, Dramas, Independent Movies"
s8663,Movie,,Sanjay Patel,Canada,2019-12-31,2017,TV-14,105 min,"Dramas, Independent Movies, International Movies"
s8664,Movie,,Sherif Mandour,Egypt,2019-06-20,2011,TV-14,83 min,"International Movies, Thrillers"
s8665,Movie,,Jason Reitman,United States,2020-01-01,2009,R,110 min,"Comedies, Dramas, Romantic Movies"
s8666,Movie,,Pradeep Verma,India,2018-01-15,2017,TV-MA,121 min,"Dramas, Independent Movies, International Movies"
s8667,Movie,,Mohamed Hamdy,Egypt,2019-09-01,2018,TV-14,95 min,"Action & Adventure, Comedies, International Movies"
s8668,Movie,,Mario Van Peebles,United States,2019-09-25,2016,R,130 min,Action & Adventure
s8669,Movie,,James McTeigue,United States,2018-10-01,2005,R,132 min,"Action & Adventure, Dramas, Sci-Fi & Fantasy"
s8671,Movie,,Pete Travis,United States,2019-11-01,2008,PG-13,90 min,Action & Adventure
s8672,Movie,,Ram Gopal Varma,India,2017-10-15,2016,TV-14,117 min,"Action & Adventure, Dramas, International Movies"
s8673,Movie,,Ashu Trikha,India,2019-12-31,2018,TV-14,130 min,"Comedies, Dramas, International Movies"
s8674,Movie,,Amanda Micheli,United States,2017-07-04,2016,TV-14,78 min,Documentaries
s8675,Movie,,Gurinder Chadha,United Kingdom,2017-12-12,2017,NR,106 min,Dramas
s8676,Movie,,Brandon Dickerson,United States,2017-07-24,2015,PG-13,110 min,Dramas
s8677,Movie,,David L.G. Hughes,United Kingdom,2019-02-02,2018,R,91 min,"Action & Adventure, Sci-Fi & Fantasy"
s8678,Movie,,Harvey Lilley,United States,2017-03-01,2016,TV-PG,113 min,Documentaries
s8679,Movie,,Gary Michael Schultz,United States,2017-09-02,2016,R,101 min,"Dramas, Thrillers"
s8681,Movie,,P.T. Kunju Muhammad,India,2018-07-01,2017,TV-14,125 min,"Dramas, International Movies"
s8682,Movie,,Ganesh Kadam,India,2017-07-15,2014,TV-14,116 min,"Dramas, International Movies"
s8683,Movie,,Yılmaz Erdoğan,Turkey,2017-03-10,2004,NR,106 min,"Comedies, Dramas, International Movies"
s8684,Movie,,Kushal Srivastava,India,2019-12-31,2018,TV-14,113 min,"Dramas, International Movies, Thrillers"
s8686,Movie,,Ed Lilly,United Kingdom,2019-06-19,2018,TV-MA,99 min,Dramas
s8687,Movie,,Bilal Lashari,Pakistan,2017-07-01,2013,TV-MA,130 min,"Action & Adventure, International Movies"
s8688,Movie,,Param Gill,India,2017-11-01,2016,TV-14,120 min,"Action & Adventure, International Movies, Sci-Fi & Fantasy"
s8689,Movie,,Anu Menon,India,2018-05-01,2015,TV-MA,94 min,"Dramas, International Movies"
s8690,Movie,,Rob McKittrick,United States,2020-09-23,2005,R,94 min,"Comedies, Independent Movies"
s8692,Movie,,Robin Swicord,United States,2019-03-02,2016,R,109 min,Dramas
s8693,Movie,,"Marc Francis, Max Pugh",United Kingdom,2017-12-26,2017,TV-PG,94 min,Documentaries
s8694,Movie,,"Alex Smith, Andrew J. Smith",United States,2019-10-01,2017,PG-13,96 min,"Dramas, Independent Movies, Thrillers"
s8695,Movie,,Philip G. Atwell,United States,2019-04-01,2007,R,103 min,Action & Adventure
s8696,Movie,,Faraz Haider,India,2019-03-02,2013,TV-14,109 min,"Comedies, Dramas, International Movies"
s8697,Movie,,Steven Spielberg,United States,2019-05-06,2011,PG-13,147 min,Dramas
s8698,Movie,,John Michael McDonagh,United Kingdom,2019-12-03,2016,R,98 min,"Action & Adventure, Comedies"
s8699,Movie,,Hadi El Bagoury,Egypt,2019-04-18,2014,TV-14,73 min,"Horror Movies, Independent Movies, International Movies"
s8700,Movie,,Jack Zagha Kababie,Mexico,2017-11-01,2015,TV-14,92 min,"Comedies, Dramas, International Movies"
s8702,Movie,,Marina Zenovich,United States,2018-02-01,2017,PG,78 min,Documentaries
s8704,Movie,,Max Joseph,United Kingdom,2020-01-27,2015,R,96 min,"Dramas, Independent Movies, Music & Musicals"
s8705,Movie,,Chris Stokes,United States,2019-07-16,2018,TV-14,83 min,Thrillers
s8706,Movie,,David Serrano,Spain,2016-09-01,2016,TV-MA,91 min,"Comedies, International Movies, Romantic Movies"
s8707,Movie,,Jeremiah Zagar,United States,2019-02-11,2018,R,93 min,"Dramas, Independent Movies"
s8708,Movie,,Greg MacGillivray,United States,2018-07-01,2017,TV-PG,38 min,"Documentaries, International Movies"
s8709,Movie,,Alejandro Agresti,United States,2017-08-15,2015,TV-MA,94 min,"Comedies, Dramas, Independent Movies"
s8710,Movie,,Antoni Krauze,Poland,2019-10-01,1983,TV-MA,91 min,"Dramas, International Movies"
s855,Movie,,Not Given,Pakistan,2021-05-21,2021,TV-MA,29 min,Documentaries
s8712,Movie,,Chi Fat Chan,Hong Kong,2018-09-27,2016,TV-MA,95 min,"Dramas, Independent Movies, International Movies"
s8719,Movie,,Michael Fahey,Not Given,2019-08-09,2019,TV-MA,96 min,"Documentaries, Sports Movies"
s8714,Movie,,Ashish R. Mohan,India,2018-03-01,2015,TV-MA,124 min,"Comedies, International Movies"
s8715,Movie,,"Stephen Donnelly, Olly Reid, Jun Falkenstein",United States,2017-10-01,2016,TV-Y7,73 min,Children & Family Movies
s8716,Movie,,Abel Ferrara,United States,2017-03-23,2014,R,108 min,"Dramas, Independent Movies"
s8717,Movie,,Trevor Ryan,United States,2018-02-06,2017,TV-MA,84 min,"Comedies, Horror Movies, Independent Movies"
s8718,Movie,,Stanisław Różewicz,Poland,2019-10-01,1967,TV-MA,93 min,"Classic Movies, Dramas, International Movies"
s8720,Movie,,Huang Lei,China,2018-07-01,2017,TV-14,102 min,"Comedies, Dramas, International Movies"
s8723,Movie,,Robert Zemeckis,United States,2020-01-01,2000,PG-13,130 min,"Horror Movies, Thrillers"
s8724,Movie,,Rebecca Harrison,United Kingdom,2019-02-01,2017,TV-14,52 min,Documentaries
s8725,Movie,,Josh Mendoza,United States,2018-12-21,2018,TV-14,91 min,"Dramas, Thrillers"
s8726,Movie,,"Rudy Soedjarwo, Riri Riza",Indonesia,2018-12-08,2002,R,110 min,"Dramas, International Movies, Romantic Movies"
s926,TV Show,,Not Given,Pakistan,2021-05-01,2010,TV-Y,2 Seasons,"British TV Shows, Kids' TV"
s8728,Movie,,"Ritu Sarin, Tenzing Sonam",United Kingdom,2016-12-25,2013,NR,75 min,"Documentaries, International Movies"
s8729,Movie,,"Heidi Brandenburg, Mathew Orzel",Peru,2016-11-30,2016,TV-14,103 min,"Documentaries, International Movies"
s8730,Movie,,Marek Kanievska,Germany,2020-01-15,2000,PG-13,89 min,"Action & Adventure, Comedies, Dramas"
s8731,Movie,,Scott Zabielski,United States,2018-01-22,2017,R,86 min,Comedies
s8732,Movie,,Noah Baumbach,United States,2017-10-23,2015,R,97 min,"Comedies, Dramas, Independent Movies"
s8733,Movie,,Paul Raschid,United Kingdom,2019-08-01,2018,TV-MA,89 min,"Sci-Fi & Fantasy, Thrillers"
s8734,Movie,,Benjamin Turner,United Kingdom,2017-09-25,2016,TV-MA,91 min,"Comedies, Independent Movies, Thrillers"
s8735,Movie,,Drew Stone,United States,2017-09-01,2017,TV-MA,78 min,"Documentaries, LGBTQ Movies, Music & Musicals"
s8736,Movie,,Martin Scorsese,United States,2019-07-01,1967,R,90 min,"Classic Movies, Dramas, Independent Movies"
s8738,Movie,,"Milla Harrison-Hansley, Alicky Sussman",United Kingdom,2019-02-01,2016,TV-14,50 min,Documentaries
s8739,Movie,,Dhruv Dhawan,Canada,2017-10-15,2016,TV-MA,84 min,Documentaries
s8740,Movie,,"Frank Capra, Anatole Litvak",United States,2017-03-31,1943,TV-PG,82 min,Documentaries
s8743,Movie,,Barry Sonnenfeld,United States,2020-01-01,1999,PG-13,106 min,"Action & Adventure, Comedies, Sci-Fi & Fantasy"
s8744,Movie,,Paul Dano,United States,2020-09-01,2018,PG-13,105 min,"Dramas, Independent Movies"
s8745,Movie,,Morgan Matthews,United Kingdom,2017-11-04,2017,TV-MA,105 min,"Documentaries, International Movies, Sports Movies"
s8746,Movie,,Mel Stuart,United States,2020-01-01,1971,G,100 min,"Children & Family Movies, Classic Movies, Comedies"
s8747,Movie,,Pascale Lamche,France,2018-02-26,2017,TV-14,85 min,"Documentaries, International Movies"
s71,TV Show,,Not Given,Pakistan,2021-09-15,2021,TV-MA,1 Season,"International TV Shows, Reality TV, Romantic TV Shows"
s8749,Movie,,John Duigan,Australia,2016-11-01,1981,NR,86 min,"Classic Movies, Dramas"
s8760,Movie,,Storm Theunissen,Not Given,2019-02-01,2015,TV-PG,49 min,Movies
s8751,Movie,,Debra Granik,United States,2019-03-01,2010,R,100 min,"Dramas, Independent Movies"
s8752,Movie,,Zach Braff,United States,2018-08-16,2014,R,106 min,"Comedies, Dramas, Independent Movies"
s8753,Movie,,Theo Davies,United States,2019-12-03,2019,TV-14,108 min,"Children & Family Movies, Dramas"
s8754,Movie,,Adrian Murray,Canada,2018-05-01,2017,TV-MA,74 min,"Dramas, Independent Movies"
s8755,Movie,,Bart Freundlich,United States,2019-03-29,2016,R,109 min,"Dramas, Independent Movies, Sports Movies"
s8757,Movie,,Barak Goodman,United States,2019-08-13,2019,TV-MA,97 min,"Documentaries, Music & Musicals"
s8758,Movie,,Oliver Stone,United States,2019-11-20,2006,PG-13,129 min,"Action & Adventure, Dramas"
s8761,Movie,,David Guy Levy,United States,2019-06-05,2013,TV-MA,93 min,"Horror Movies, Independent Movies, Thrillers"
s8762,Movie,,Yasir Nawaz,Pakistan,2017-07-01,2015,TV-14,133 min,"Comedies, International Movies, Romantic Movies"
s8763,Movie,,Mikhil Musale,India,2017-10-01,2016,TV-MA,140 min,"Dramas, International Movies"
s8764,Movie,,John Huston,United States,2017-03-31,1943,TV-PG,45 min,Documentaries
s8765,Movie,,Lawrence Kasdan,United States,2020-01-01,1994,PG-13,191 min,Action & Adventure
s8766,Movie,,"Jovanka Vuckovic, Annie Clark, Roxanne Benjamin, Karyn Kusama",Canada,2017-06-22,2017,R,81 min,Horror Movies
s8767,Movie,,Rob Cohen,United States,2019-01-01,2002,PG-13,124 min,"Action & Adventure, Sports Movies"
s8768,Movie,,Lee Tamahori,United States,2019-01-01,2005,PG-13,101 min,Action & Adventure
s8769,Movie,,Alfonso Cuarón,Mexico,2017-06-01,2001,R,106 min,"Dramas, Independent Movies, International Movies"
s8770,Movie,,N. Chandra,India,2018-03-01,2008,TV-MA,137 min,"Dramas, Independent Movies, International Movies"
s8771,Movie,,Subhash Ghai,India,2018-03-01,2001,TV-14,171 min,"Dramas, International Movies, Romantic Movies"
s8772,Movie,,Ksshitij Chaudhary,India,2017-11-01,2011,TV-14,132 min,"Dramas, International Movies, Music & Musicals"
s8773,Movie,,Sangeeth Sivan,India,2017-05-01,2013,TV-14,147 min,"Action & Adventure, Comedies, International Movies"
s8774,Movie,,Kedar Shinde,India,2018-01-01,2006,TV-PG,151 min,"Comedies, Dramas, International Movies"
s8775,Movie,,Abu Bakr Shawky,Egypt,2019-10-22,2018,TV-14,97 min,"Dramas, Independent Movies, International Movies"
s8777,Movie,,Christian De Vita,France,2015-08-05,2014,PG,90 min,"Children & Family Movies, Comedies"
s8778,Movie,,Saratswadee Wongsomphet,Thailand,2018-12-06,2010,TV-PG,111 min,"International Movies, LGBTQ Movies, Romantic Movies"
s8779,Movie,,Saratswadee Wongsomphet,Thailand,2018-11-08,2012,TV-PG,112 min,"International Movies, LGBTQ Movies, Romantic Movies"
s8780,Movie,,Kirati Nakintanon,Thailand,2018-11-08,2015,TV-PG,107 min,"International Movies, LGBTQ Movies, Romantic Movies"
s8782,Movie,,Mark Risley,Japan,2016-12-01,2016,TV-Y7,96 min,"Anime Features, Children & Family Movies"
s8783,Movie,,Kevin Smith,United States,2016-12-02,2016,PG-13,88 min,"Comedies, Horror Movies, Independent Movies"
s8787,Movie,,James Brown,United Kingdom,2017-12-31,2017,TV-G,87 min,Children & Family Movies
s8788,Movie,,Kenny Young,United States,2017-12-19,2017,TV-PG,85 min,"Comedies, Romantic Movies"
s8789,Movie,,Ivona Juka,Croatia,2016-07-01,2015,TV-MA,157 min,"Dramas, International Movies"
s8790,Movie,,Cathy Garcia-Molina,Philippines,2019-02-27,2009,TV-PG,116 min,"Comedies, Dramas, International Movies"
s8791,Movie,,Dennis Dugan,United States,2019-09-01,2008,UR,113 min,"Action & Adventure, Comedies"
s8792,Movie,,Jason Reitman,United States,2019-11-20,2011,R,94 min,"Comedies, Dramas, Independent Movies"
s8793,Movie,,Mu Chu,Hong Kong,2016-11-01,1973,NR,81 min,"Action & Adventure, International Movies"
s8794,Movie,,Raja Gosnell,United States,2019-11-20,2005,PG,88 min,"Children & Family Movies, Comedies"
s8795,Movie,,Mohamed Diab,Egypt,2018-10-11,2016,TV-14,98 min,"Dramas, Independent Movies, International Movies"
s8799,Movie,,Chandra Prakash Dwivedi,India,2019-12-31,2014,TV-MA,131 min,"Comedies, Dramas, International Movies"
s8800,Movie,,Avadhoot Gupte,India,2018-02-15,2009,TV-14,120 min,"Dramas, International Movies"
s8804,TV Show,,Not Given,Pakistan,2019-07-01,2018,TV-Y7,2 Seasons,"Kids' TV, Korean TV Shows, TV Comedies"
s8802,Movie,,Majid Al Ansari,United Arab Emirates,2016-03-09,2015,TV-MA,96 min,"Dramas, International Movies, Thrillers"
s8803,Movie,,David Fincher,United States,2019-11-20,2007,R,158 min,"Cult Movies, Dramas, Thrillers"
s8805,Movie,,Ruben Fleischer,United States,2019-11-01,2009,R,88 min,"Comedies, Horror Movies"
s8806,Movie,,Peter Hewitt,United States,2020-01-11,2006,PG,88 min,"Children & Family Movies, Comedies"
s8807,Movie,,Mozez Singh,India,2019-03-02,2015,TV-14,111 min,"Dramas, International Movies, Music & Musicals"
s998,TV Show,,Alastair Fothergill,United Kingdom,2021-04-22,2021,TV-PG,1 Season,"British TV Shows, Docuseries, International TV Shows"
s3574,Movie,,Alastair Fothergill,United Kingdom,2019-08-20,2019,TV-G,63 min,Documentaries
s3939,TV Show,,Alastair Fothergill,United Kingdom,2019-04-05,2019,TV-PG,1 Season,"Docuseries, Science & Nature TV"
s6095,TV Show,,Alastair Fothergill,United Kingdom,2016-04-28,2013,TV-PG,1 Season,"British TV Shows, Docuseries, International TV Shows"
s6342,TV Show,,Alastair Fothergill,United Kingdom,2018-12-03,2017,TV-G,1 Season,"British TV Shows, Docuseries, Science & Nature TV"
s6812,Movie,,Alastair Fothergill,United Kingdom,2016-01-28,2011,TV-PG,47 min,Movies
s6813,Movie,,Alastair Fothergill,United Kingdom,2016-01-28,2011,TV-PG,52 min,Movies
s7301,TV Show,,Alastair Fothergill,United Kingdom,2015-04-22,2009,TV-G,1 Season,"British TV Shows, Docuseries, Science & Nature TV"
s7302,TV Show,,Alastair Fothergill,United Kingdom,2016-06-20,2014,TV-14,1 Season,"British TV Shows, Docuseries, Science & Nature TV"
s7571,Movie,,Alastair Fothergill,United Kingdom,2017-03-01,2016,TV-G,53 min,Documentaries
s7572,TV Show,,Alastair Fothergill,United Kingdom,2015-10-10,2009,TV-PG,1 Season,"British TV Shows, Docuseries, Science & Nature TV"
s7573,TV Show,,Alastair Fothergill,United Kingdom,2015-04-22,2009,TV-PG,1 Season,"British TV Shows, Docuseries, Science & Nature TV"
s7748,TV Show,,Alastair Fothergill,United Kingdom,2017-12-25,2016,TV-G,1 Season,"British TV Shows, Docuseries, Science & Nature TV"
s8354,TV Show,,Alastair Fothergill,United Kingdom,2017-05-14,2015,TV-PG,1 Season,"British TV Shows, Docuseries, Science & Nature TV"
s8412,TV Show,,Alastair Fothergill,United Kingdom,2016-01-28,2012,TV-PG,1 Season,"British TV Shows, Docuseries, Science & Nature TV"
s40,TV Show,,Rajiv Chilaka,India,2021-09-16,2021,TV-Y7,3 Seasons,Kids' TV
s1554,Movie,,"Krysia Plonka, Kristian Mercado",United States,2020-12-13,2020,TV-MA,59 min,Comedies
s8438,TV Show,,"Krysia Plonka, Kristian Mercado",United States,2021-01-02,2021,TV-MA,1 Season,"Stand-Up Comedy & Talk Shows, TV Comedies"
s2441,Movie,,"Mark Thornton, Todd Kauffman",Canada,2020-06-02,2020,TV-Y,24 min,Children & Family Movies
s2543,TV Show,,"Mark Thornton, Todd Kauffman",Canada,2020-05-12,2020,TV-Y,1 Season,Kids' TV
s3351,Movie,,"Mark Thornton, Todd Kauffman",Canada,2019-11-01,2019,TV-Y,24 min,Children & Family Movies
s3509,Movie,,"Mark Thornton, Todd Kauffman",Canada,2019-09-20,2019,TV-Y,24 min,Children & Family Movies
s3554,TV Show,,"Mark Thornton, Todd Kauffman",United States,2019-08-30,2019,TV-Y,3 Seasons,Kids' TV
s4241,Movie,,Walter C. Miller,United States,2018-12-31,2016,TV-MA,29 min,Documentaries
s1315,TV Show,,Stan Lathan,United States,2021-02-12,2005,TV-MA,2 Seasons,TV Comedies
s2,TV Show,,Not Given,South Africa,2021-09-24,2021,TV-MA,2 Seasons,"International TV Shows, TV Dramas, TV Mysteries"
s325,TV Show,,Not Given,Italy,2021-08-01,2020,TV-Y7,3 Seasons,Kids' TV
s5,TV Show,,Not Given,India,2021-09-24,2021,TV-MA,2 Seasons,"International TV Shows, Romantic TV Shows, TV Comedies"
s16,TV Show,,Not Given,United States,2021-09-22,2021,TV-MA,4 Seasons,"TV Comedies, TV Dramas"
s18,TV Show,,Not Given,Mexico,2021-09-22,2020,TV-MA,2 Seasons,"Crime TV Shows, Spanish-Language TV Shows, TV Dramas"
s22,TV Show,,Not Given,Turkey,2021-09-22,2018,TV-14,5 Seasons,"International TV Shows, TV Action & Adventure, TV Dramas"
s26,TV Show,,Not Given,Australia,2021-09-21,2021,TV-14,2 Seasons,"Docuseries, International TV Shows, Reality TV"
s33,TV Show,,Not Given,United Kingdom,2021-09-17,2020,TV-MA,3 Seasons,"British TV Shows, International TV Shows, TV Comedies"
s38,TV Show,,Not Given,Finland,2021-09-16,2018,TV-Y7,1 Season,"Kids' TV, TV Comedies"
s41,TV Show,,Not Given,United States,2021-09-16,2021,TV-Y7,1 Season,"Kids' TV, TV Sci-Fi & Fantasy"
s50,TV Show,,Not Given,Nigeria,2021-09-15,2021,TV-MA,2 Seasons,"International TV Shows, TV Dramas"
s51,TV Show,,Not Given,India,2021-09-15,2014,TV-PG,1 Season,"International TV Shows, TV Dramas, TV Sci-Fi & Fantasy"
s66,TV Show,,Not Given,United Kingdom,2021-09-15,2021,TV-Y,6 Seasons,Kids' TV
s67,TV Show,,Not Given,India,2021-09-15,2014,TV-G,1 Season,"Docuseries, International TV Shows"
s68,TV Show,,Not Given,United States,2021-09-15,1994,TV-PG,9 Seasons,"Kids' TV, TV Comedies"
s70,TV Show,,Not Given,India,2021-09-15,2015,TV-PG,1 Season,"International TV Shows, TV Dramas"
s11,TV Show,,Not Given,Pakistan,2021-09-24,2021,TV-MA,1 Season,"Crime TV Shows, Docuseries, International TV Shows"
s73,TV Show,,Not Given,United Kingdom,2021-09-14,2021,TV-MA,5 Seasons,"British TV Shows, Docuseries, International TV Shows"
s77,TV Show,,Not Given,Japan,2021-09-14,2013,TV-14,1 Season,"Anime Series, International TV Shows"
s83,TV Show,,Not Given,United States,2021-09-10,2021,TV-14,6 Seasons,"Crime TV Shows, TV Comedies, TV Dramas"
s93,TV Show,,Not Given,Belgium,2021-09-08,2021,TV-MA,2 Seasons,"International TV Shows, TV Dramas, TV Mysteries"
s96,TV Show,,Not Given,United States,2021-09-08,2021,TV-MA,3 Seasons,Reality TV
s98,TV Show,,Not Given,United States,2021-09-07,2021,TV-Y7,2 Seasons,"Kids' TV, TV Comedies, TV Sci-Fi & Fantasy"
s99,TV Show,,Not Given,United Kingdom,2021-09-07,2021,TV-Y,1 Season,"British TV Shows, Kids' TV"
s100,TV Show,,Not Given,France,2021-09-07,2021,TV-MA,1 Season,"TV Comedies, TV Dramas"
s105,TV Show,,Not Given,South Korea,2021-09-06,2016,TV-Y,2 Seasons,"Kids' TV, Korean TV Shows"
s107,TV Show,,Not Given,United States,2021-09-05,2021,TV-G,5 Seasons,"Kids' TV, TV Comedies"
s109,TV Show,,Not Given,Australia,2021-09-03,2021,TV-G,1 Season,"Kids' TV, TV Dramas, Teen TV Shows"
s110,TV Show,,Not Given,Spain,2021-09-03,2021,TV-MA,5 Seasons,"Crime TV Shows, International TV Shows, Spanish-Language TV Shows"
s112,TV Show,,Not Given,United States,2021-09-03,2021,TV-Y,1 Season,Kids' TV
s121,TV Show,,Not Given,Australia,2021-09-02,2021,TV-Y7,1 Season,"Kids' TV, TV Comedies"
s125,TV Show,,Not Given,South Korea,2021-09-02,2013,TV-Y7,3 Seasons,"Kids' TV, Korean TV Shows"
s126,TV Show,,Not Given,United States,2021-09-02,2021,TV-MA,1 Season,"Crime TV Shows, TV Action & Adventure, TV Comedies"
s154,TV Show,,Not Given,Russia,2021-09-01,2016,TV-Y,2 Seasons,Kids' TV
s155,TV Show,,Not Given,Japan,2021-09-01,2015,TV-MA,3 Seasons,"Anime Series, International TV Shows, Teen TV Shows"
s161,TV Show,,Not Given,United States,2021-09-01,1992,TV-PG,4 Seasons,TV Comedies
s185,TV Show,,Not Given,United States,2021-08-31,2021,TV-PG,1 Season,Reality TV
s194,TV Show,,Not Given,South Korea,2021-08-27,2021,TV-MA,1 Season,"International TV Shows, TV Dramas"
s213,TV Show,,Not Given,Ireland,2021-08-27,2016,TV-MA,2 Seasons,"International TV Shows, TV Dramas"
s124,TV Show,,Not Given,Pakistan,2021-09-02,2012,TV-Y7,1 Season,Kids' TV
s220,TV Show,,Not Given,Japan,2021-08-26,2021,TV-14,1 Season,"Anime Series, International TV Shows"
s221,TV Show,,Not Given,United States,2021-08-26,2021,TV-PG,4 Seasons,"Kids' TV, TV Comedies"
s233,TV Show,,Not Given,United States,2021-08-25,2019,TV-G,3 Seasons,Reality TV
s242,TV Show,,Not Given,United States,2021-08-21,2021,TV-14,3 Seasons,"TV Dramas, TV Mysteries, TV Sci-Fi & Fantasy"
s255,TV Show,,Not Given,United States,2021-08-18,2021,TV-Y,5 Seasons,Kids' TV
s264,TV Show,,Not Given,United States,2021-08-16,2016,TV-Y,2 Seasons,Kids' TV
s266,TV Show,,Not Given,Japan,2021-08-15,2018,TV-14,1 Season,"Anime Series, International TV Shows, Romantic TV Shows"
s267,TV Show,,Not Given,India,2021-08-15,2020,TV-MA,1 Season,"Docuseries, International TV Shows"
s270,TV Show,,Not Given,Italy,2021-08-15,2015,TV-Y7,2 Seasons,Kids' TV
s272,TV Show,,Not Given,United States,2021-08-13,2021,TV-MA,1 Season,"TV Dramas, TV Horror, TV Mysteries"
s235,TV Show,,Not Given,Pakistan,2021-08-24,2021,TV-Y,1 Season,"Kids' TV, TV Comedies"
s273,TV Show,,Not Given,United States,2021-08-13,2021,TV-Y7,5 Seasons,Kids' TV
s275,TV Show,,Not Given,United States,2021-08-13,2021,TV-MA,7 Seasons,"TV Comedies, TV Dramas"
s276,TV Show,,Not Given,Argentina,2021-08-13,2021,TV-MA,1 Season,"Crime TV Shows, International TV Shows, Spanish-Language TV Shows"
s278,TV Show,,Not Given,Jordan,2021-08-12,2021,TV-14,1 Season,"International TV Shows, TV Dramas, Teen TV Shows"
s281,TV Show,,Not Given,United States,2021-08-11,2021,TV-PG,1 Season,Reality TV
s287,TV Show,,Not Given,United States,2021-08-10,2021,TV-Y,2 Seasons,Kids' TV
s289,TV Show,,Not Given,Colombia,2021-08-10,2018,TV-MA,1 Season,"Crime TV Shows, International TV Shows, Spanish-Language TV Shows"
s290,TV Show,,Not Given,South Korea,2021-08-10,2019,TV-14,1 Season,"International TV Shows, Romantic TV Shows, TV Dramas"
s292,TV Show,,Not Given,Japan,2021-08-09,2021,TV-14,1 Season,"Anime Series, International TV Shows"
s297,TV Show,,Not Given,Israel,2021-08-06,2021,TV-MA,1 Season,"TV Action & Adventure, TV Dramas, TV Mysteries"
s312,TV Show,,Not Given,Mexico,2021-08-04,2021,TV-MA,2 Seasons,"International TV Shows, Spanish-Language TV Shows, TV Dramas"
s313,TV Show,,Not Given,United States,2021-08-04,2021,TV-MA,1 Season,Reality TV
s314,TV Show,,Not Given,Taiwan,2021-08-03,2009,TV-14,1 Season,"International TV Shows, Romantic TV Shows, TV Dramas"
s320,TV Show,,Not Given,Taiwan,2021-08-03,2005,TV-14,1 Season,"International TV Shows, Romantic TV Shows, TV Comedies"
s322,TV Show,,Not Given,Taiwan,2021-08-03,2013,TV-14,1 Season,"International TV Shows, Romantic TV Shows, TV Comedies"
s323,TV Show,,Not Given,Taiwan,2021-08-03,2008,TV-MA,1 Season,"International TV Shows, Romantic TV Shows, TV Comedies"
s324,TV Show,,Not Given,United States,2021-08-01,2012,TV-14,7 Seasons,TV Comedies
s339,TV Show,,Not Given,Japan,2021-08-01,2014,TV-14,6 Seasons,"Anime Series, International TV Shows"
s362,TV Show,,Not Given,United States,2021-07-31,2021,TV-14,3 Seasons,"TV Dramas, TV Sci-Fi & Fantasy"
s367,TV Show,,Not Given,United Kingdom,2021-07-30,2021,TV-14,3 Seasons,"British TV Shows, International TV Shows, Reality TV"
s371,TV Show,,Not Given,United States,2021-07-30,2021,TV-MA,2 Seasons,"TV Action & Adventure, TV Dramas, Teen TV Shows"
s383,TV Show,,Not Given,United States,2021-07-27,2021,TV-14,3 Seasons,"TV Dramas, Teen TV Shows"
s386,TV Show,,Not Given,Germany,2021-07-27,2021,TV-MA,3 Seasons,"Crime TV Shows, International TV Shows, TV Comedies"
s387,TV Show,,Not Given,United States,2021-07-27,2021,TV-Y,4 Seasons,Kids' TV
s391,TV Show,,Not Given,United States,2021-07-26,2019,TV-MA,10 Seasons,"Classic & Cult TV, TV Action & Adventure, TV Dramas"
s392,TV Show,,Not Given,Canada,2021-07-26,2020,TV-MA,4 Seasons,"International TV Shows, TV Action & Adventure, TV Dramas"
s332,TV Show,,Not Given,Pakistan,2021-08-01,2020,TV-MA,1 Season,"Anime Series, International TV Shows, TV Thrillers"
s402,TV Show,,Not Given,Spain,2021-07-23,2021,TV-MA,2 Seasons,"International TV Shows, Spanish-Language TV Shows, TV Action & Adventure"
s404,TV Show,,Not Given,United States,2021-07-23,2021,TV-MA,2 Seasons,Docuseries
s426,TV Show,,Not Given,United States,2021-07-22,2019,TV-14,5 Seasons,TV Dramas
s435,TV Show,,Not Given,Argentina,2021-07-20,2020,TV-MA,1 Season,"Classic & Cult TV, Crime TV Shows, International TV Shows"
s441,TV Show,,Not Given,United States,2021-07-16,2021,TV-MA,3 Seasons,"Docuseries, Science & Nature TV"
s443,TV Show,,Not Given,United States,2021-07-16,2021,TV-Y7,1 Season,"Kids' TV, TV Comedies"
s454,TV Show,,Not Given,Japan,2021-07-15,2021,TV-MA,2 Seasons,"Anime Series, International TV Shows"
s457,TV Show,,Not Given,South Korea,2021-07-15,2019,TV-14,1 Season,"International TV Shows, Romantic TV Shows, TV Comedies"
s460,TV Show,,Not Given,United States,2021-07-15,2021,TV-14,2 Seasons,"TV Comedies, TV Dramas, Teen TV Shows"
s473,TV Show,,Not Given,United States,2021-07-13,2021,TV-Y,1 Season,Kids' TV
s478,TV Show,,Not Given,United States,2021-07-09,2021,TV-14,4 Seasons,"TV Comedies, TV Dramas, Teen TV Shows"
s479,TV Show,,Not Given,Germany,2021-07-09,2021,TV-MA,2 Seasons,"International TV Shows, TV Dramas, TV Sci-Fi & Fantasy"
s400,TV Show,,Not Given,Pakistan,2021-07-23,2021,TV-PG,1 Season,"TV Action & Adventure, TV Sci-Fi & Fantasy"
s489,TV Show,,Not Given,United States,2021-07-09,2021,TV-14,3 Seasons,"Romantic TV Shows, TV Dramas"
s494,TV Show,,Not Given,United States,2021-07-08,2021,TV-MA,1 Season,"Anime Series, TV Horror, TV Thrillers"
s500,TV Show,,Not Given,United States,2021-07-07,2021,TV-PG,2 Seasons,Docuseries
s510,TV Show,,Not Given,United States,2021-07-06,2019,TV-Y,3 Seasons,Kids' TV
s511,TV Show,,Not Given,Canada,2021-07-06,2016,TV-14,2 Seasons,"International TV Shows, TV Dramas, TV Mysteries"
s512,TV Show,,Not Given,United States,2021-07-06,2017,TV-MA,2 Seasons,"Stand-Up Comedy & Talk Shows, TV Comedies"
s513,TV Show,,Not Given,France,2021-07-06,2007,TV-Y7,4 Seasons,Kids' TV
s514,TV Show,,Not Given,United States,2021-07-06,2018,TV-14,3 Seasons,"TV Action & Adventure, TV Dramas, TV Sci-Fi & Fantasy"
s515,TV Show,,Not Given,United Kingdom,2021-07-06,2019,TV-MA,5 Seasons,"British TV Shows, International TV Shows, TV Comedies"
s516,TV Show,,Not Given,United Kingdom,2021-07-06,2019,TV-MA,2 Seasons,"British TV Shows, International TV Shows, TV Comedies"
s534,TV Show,,Not Given,Israel,2021-07-06,2021,TV-14,3 Seasons,"International TV Shows, TV Dramas"
s517,TV Show,,Not Given,Thailand,2021-07-06,2021,TV-MA,2 Seasons,"International TV Shows, TV Dramas, TV Mysteries"
s518,TV Show,,Not Given,Japan,2021-07-06,2017,TV-14,2 Seasons,"International TV Shows, Romantic TV Shows, TV Comedies"
s520,TV Show,,Not Given,United Kingdom,2021-07-06,2020,TV-MA,2 Seasons,"British TV Shows, Crime TV Shows, Docuseries"
s484,Movie,,Not Given,Pakistan,2021-07-09,2021,TV-MA,102 min,"Dramas, International Movies, Romantic Movies"
s521,TV Show,,Not Given,United States,2021-07-06,2021,TV-MA,2 Seasons,TV Comedies
s522,TV Show,,Not Given,Canada,2021-07-06,2021,TV-MA,5 Seasons,"International TV Shows, TV Comedies"
s523,TV Show,,Not Given,Russia,2021-07-06,2015,TV-Y7,3 Seasons,"Kids' TV, Korean TV Shows, TV Comedies"
s524,TV Show,,Not Given,United Kingdom,2021-07-06,2019,TV-MA,3 Seasons,"British TV Shows, Crime TV Shows, International TV Shows"
s525,TV Show,,Not Given,Japan,2021-07-06,2019,TV-MA,2 Seasons,"International TV Shows, TV Dramas"
s526,TV Show,,Not Given,United States,2021-07-06,2018,TV-Y,8 Seasons,Kids' TV
s527,TV Show,,Not Given,United States,2021-07-06,2019,TV-MA,7 Seasons,"TV Comedies, TV Dramas"
s528,TV Show,,Not Given,Ireland,2021-07-06,2016,TV-Y,2 Seasons,Kids' TV
s531,TV Show,,Not Given,United States,2021-07-06,2015,TV-G,2 Seasons,"Kids' TV, TV Comedies"
s533,TV Show,,Not Given,United States,2021-07-06,2019,TV-MA,3 Seasons,"Crime TV Shows, TV Horror, TV Mysteries"
s589,TV Show,,Not Given,United States,2021-07-01,2018,TV-Y,1 Season,Kids' TV
s536,TV Show,,Not Given,Canada,2021-07-06,2015,TV-Y,2 Seasons,"Kids' TV, TV Comedies"
s537,TV Show,,Not Given,Australia,2021-07-06,2018,TV-14,3 Seasons,"Docuseries, International TV Shows, Science & Nature TV"
s538,TV Show,,Not Given,Japan,2021-07-06,2018,TV-14,6 Seasons,"International TV Shows, Reality TV"
s539,TV Show,,Not Given,United Kingdom,2021-07-06,2021,TV-PG,2 Seasons,"British TV Shows, International TV Shows, TV Dramas"
s540,TV Show,,Not Given,Australia,2021-07-06,2020,TV-PG,2 Seasons,"Kids' TV, TV Action & Adventure, TV Sci-Fi & Fantasy"
s541,TV Show,,Not Given,United Kingdom,2021-07-06,2020,TV-G,4 Seasons,"British TV Shows, Kids' TV"
s544,TV Show,,Not Given,Belgium,2021-07-06,2020,TV-MA,2 Seasons,"Crime TV Shows, International TV Shows, TV Action & Adventure"
s545,TV Show,,Not Given,Canada,2021-07-06,2021,TV-MA,5 Seasons,"International TV Shows, TV Comedies"
s546,TV Show,,Not Given,South Korea,2021-07-06,2020,TV-Y,3 Seasons,"Kids' TV, Korean TV Shows"
s548,TV Show,,Not Given,United States,2021-07-04,2021,TV-Y7,1 Season,Kids' TV
s549,TV Show,,Not Given,United States,2021-07-03,2020,TV-14,17 Seasons,"Romantic TV Shows, TV Dramas"
s554,TV Show,,Not Given,France,2021-07-02,2019,TV-MA,2 Seasons,"Crime TV Shows, International TV Shows, TV Dramas"
s566,TV Show,,Not Given,Australia,2021-07-01,2020,TV-G,1 Season,"International TV Shows, Kids' TV, TV Mysteries"
s618,TV Show,,Not Given,Sweden,2021-07-01,2021,TV-MA,1 Season,"International TV Shows, Romantic TV Shows, TV Dramas"
s621,TV Show,,Not Given,United States,2021-06-30,2019,TV-MA,1 Season,Reality TV
s626,TV Show,,Not Given,Mexico,2021-06-30,2021,TV-MA,1 Season,"Crime TV Shows, International TV Shows, Spanish-Language TV Shows"
s628,TV Show,,Not Given,China,2021-06-30,2020,TV-14,1 Season,"Anime Series, International TV Shows, Teen TV Shows"
s629,TV Show,,Not Given,United States,2021-06-29,2021,TV-Y,4 Seasons,Kids' TV
s632,TV Show,,Not Given,Japan,2021-06-28,2021,TV-14,5 Seasons,"Anime Series, International TV Shows"
s639,TV Show,,Not Given,United States,2021-06-25,2021,TV-MA,1 Season,"Romantic TV Shows, TV Dramas"
s547,TV Show,,Not Given,Pakistan,2021-07-06,2021,TV-14,1 Season,"International TV Shows, Romantic TV Shows, TV Dramas"
s643,TV Show,,Not Given,Japan,2021-06-24,2021,TV-MA,2 Seasons,"International TV Shows, TV Dramas"
s649,TV Show,,Not Given,United States,2021-06-23,2021,TV-MA,2 Seasons,"Reality TV, Romantic TV Shows"
s658,TV Show,,Not Given,United States,2021-06-21,2001,TV-14,2 Seasons,"Reality TV, TV Action & Adventure, TV Mysteries"
s660,TV Show,,Not Given,Thailand,2021-06-19,2018,TV-14,1 Season,"International TV Shows, Romantic TV Shows, TV Dramas"
s661,TV Show,,Not Given,United States,2021-06-19,2021,TV-14,4 Seasons,"TV Action & Adventure, TV Dramas, TV Sci-Fi & Fantasy"
s662,TV Show,,Not Given,France,2021-06-19,2018,TV-MA,4 Seasons,"International TV Shows, TV Comedies, TV Dramas"
s663,TV Show,,Not Given,United States,2021-06-19,2018,TV-14,1 Season,TV Comedies
s666,TV Show,,Not Given,Finland,2021-06-19,2020,TV-MA,2 Seasons,"Crime TV Shows, International TV Shows, TV Dramas"
s668,TV Show,,Not Given,United States,2021-06-19,2015,TV-14,6 Seasons,"TV Comedies, TV Dramas, Teen TV Shows"
s669,TV Show,,Not Given,United States,2021-06-19,2018,TV-MA,3 Seasons,"Crime TV Shows, TV Dramas"
s670,TV Show,,Not Given,Spain,2021-06-19,2020,TV-MA,5 Seasons,"Crime TV Shows, International TV Shows, Spanish-Language TV Shows"
s674,TV Show,,Not Given,Argentina,2021-06-19,2019,TV-MA,1 Season,"International TV Shows, Reality TV, Spanish-Language TV Shows"
s641,TV Show,,Not Given,Pakistan,2021-06-24,2021,TV-MA,1 Season,"International TV Shows, TV Dramas"
s675,TV Show,,Not Given,United States,2021-06-19,2019,TV-MA,2 Seasons,TV Dramas
s676,TV Show,,Not Given,Japan,2021-06-19,2018,TV-MA,1 Season,"International TV Shows, Reality TV, Romantic TV Shows"
s678,TV Show,,Not Given,Canada,2021-06-19,2020,TV-MA,6 Seasons,TV Comedies
s679,TV Show,,Not Given,United States,2021-06-19,2018,TV-MA,1 Season,"Crime TV Shows, TV Dramas, TV Thrillers"
s680,TV Show,,Not Given,Thailand,2021-06-19,2018,TV-MA,1 Season,"Crime TV Shows, International TV Shows, TV Dramas"
s681,TV Show,,Not Given,United States,2021-06-19,2020,TV-MA,1 Season,Docuseries
s683,TV Show,,Not Given,Australia,2021-06-19,2021,TV-MA,1 Season,"International TV Shows, TV Comedies"
s685,TV Show,,Not Given,Spain,2021-06-18,2021,TV-MA,4 Seasons,"Crime TV Shows, International TV Shows, Spanish-Language TV Shows"
s687,TV Show,,Not Given,South Korea,2021-06-18,2021,TV-14,2 Seasons,"International TV Shows, Korean TV Shows, TV Comedies"
s697,TV Show,,Not Given,Canada,2021-06-17,2021,TV-MA,2 Seasons,"TV Action & Adventure, TV Dramas, TV Horror"
s700,TV Show,,Not Given,Iceland,2021-06-17,2021,TV-MA,1 Season,"International TV Shows, TV Dramas, TV Mysteries"
s704,TV Show,,Not Given,Turkey,2021-06-17,2021,TV-MA,3 Seasons,"International TV Shows, TV Dramas, TV Mysteries"
s710,TV Show,,Not Given,Argentina,2021-06-16,2020,TV-MA,3 Seasons,"International TV Shows, Romantic TV Shows, Spanish-Language TV Shows"
s714,TV Show,,Not Given,United States,2021-06-15,2020,TV-Y7,1 Season,"Kids' TV, TV Comedies"
s692,TV Show,,Not Given,Pakistan,2021-06-18,2021,TV-14,1 Season,"International TV Shows, TV Comedies"
s732,TV Show,,Not Given,South Korea,2021-06-12,2021,TV-14,2 Seasons,"International TV Shows, TV Dramas"
s734,TV Show,,Not Given,Denmark,2021-06-11,2016,TV-Y7,2 Seasons,Kids' TV
s735,TV Show,,Not Given,France,2021-06-11,2021,TV-MA,2 Seasons,"Crime TV Shows, International TV Shows, TV Action & Adventure"
s745,TV Show,,Not Given,Colombia,2021-06-10,2021,TV-MA,1 Season,"International TV Shows, Spanish-Language TV Shows, Stand-Up Comedy & Talk Shows"
s749,TV Show,,Not Given,United States,2021-06-09,2021,TV-PG,1 Season,Reality TV
s750,TV Show,,Not Given,United States,2021-06-09,2021,TV-MA,2 Seasons,"Crime TV Shows, TV Action & Adventure, TV Comedies"
s754,TV Show,,Not Given,Colombia,2021-06-06,2007,TV-MA,1 Season,"International TV Shows, Romantic TV Shows, Spanish-Language TV Shows"
s756,Movie,,Not Given,Netherlands,2021-06-05,2021,TV-G,61 min,"Children & Family Movies, Documentaries, International Movies"
s764,TV Show,,Not Given,United States,2021-06-04,2021,TV-14,1 Season,"TV Action & Adventure, TV Dramas, TV Sci-Fi & Fantasy"
s768,TV Show,,Not Given,Japan,2021-06-03,2021,TV-14,1 Season,"International TV Shows, TV Comedies"
s773,TV Show,,Not Given,Italy,2021-06-03,2021,TV-MA,2 Seasons,"International TV Shows, Romantic TV Shows, TV Dramas"
s779,TV Show,,Not Given,Japan,2021-06-02,2013,TV-MA,1 Season,"Anime Series, International TV Shows"
s781,TV Show,,Not Given,United Kingdom,2021-06-02,2019,TV-Y,2 Seasons,Kids' TV
s786,TV Show,,Not Given,United States,2021-06-02,2021,TV-Y,3 Seasons,Kids' TV
s790,TV Show,,Not Given,United Kingdom,2021-06-02,2015,TV-14,6 Seasons,"British TV Shows, International TV Shows, TV Dramas"
s796,TV Show,,Not Given,United States,2021-06-02,2012,TV-14,3 Seasons,TV Comedies
s814,TV Show,,Not Given,United States,2021-06-02,1993,TV-Y7,1 Season,Kids' TV
s877,TV Show,,Not Given,India,2021-05-14,2021,TV-MA,1 Season,"Docuseries, International TV Shows"
s821,TV Show,,Not Given,United Arab Emirates,2021-06-02,2021,TV-14,3 Seasons,"International TV Shows, TV Dramas, TV Mysteries"
s826,TV Show,,Not Given,United States,2021-05-31,2020,TV-MA,2 Seasons,"Crime TV Shows, TV Dramas, TV Mysteries"
s831,TV Show,,Not Given,United States,2021-05-28,2021,TV-MA,3 Seasons,"TV Comedies, TV Dramas"
s834,TV Show,,Not Given,Israel,2021-05-27,2021,TV-MA,1 Season,"Crime TV Shows, International TV Shows, TV Dramas"
s838,TV Show,,Not Given,Norway,2021-05-27,2021,TV-MA,2 Seasons,"International TV Shows, TV Action & Adventure, TV Dramas"
s844,TV Show,,Not Given,Japan,2021-05-26,2016,TV-MA,3 Seasons,"Anime Series, International TV Shows"
s849,TV Show,,Not Given,United States,2021-05-23,2021,TV-MA,3 Seasons,"TV Comedies, TV Dramas"
s806,TV Show,,Not Given,Pakistan,2021-06-02,2021,TV-14,1 Season,"International TV Shows, TV Comedies, TV Dramas"
s836,TV Show,,Not Given,Pakistan,2021-05-27,2021,TV-PG,1 Season,"Anime Series, International TV Shows"
s856,TV Show,,Not Given,United States,2021-05-21,2021,TV-Y7,3 Seasons,"Kids' TV, TV Action & Adventure, TV Sci-Fi & Fantasy"
s858,TV Show,,Not Given,Spain,2021-05-21,2021,TV-MA,2 Seasons,"International TV Shows, Spanish-Language TV Shows, TV Comedies"
s863,TV Show,,Not Given,United States,2021-05-20,2021,TV-MA,2 Seasons,TV Comedies
s869,TV Show,,Not Given,Canada,2021-05-19,1997,TV-Y,1 Season,Kids' TV
s870,TV Show,,Not Given,Mexico,2021-05-19,2021,TV-MA,2 Seasons,"Crime TV Shows, International TV Shows, Spanish-Language TV Shows"
s875,TV Show,,Not Given,United Kingdom,2021-05-15,2021,TV-Y,1 Season,Kids' TV
s881,TV Show,,Not Given,United States,2021-05-14,2021,TV-MA,3 Seasons,"Reality TV, TV Horror, TV Thrillers"
s884,TV Show,,Not Given,United States,2021-05-14,2021,TV-MA,2 Seasons,"TV Action & Adventure, TV Horror, TV Sci-Fi & Fantasy"
s885,TV Show,,Not Given,South Korea,2021-05-14,2021,TV-MA,1 Season,"International TV Shows, TV Dramas"
s891,TV Show,,Not Given,United States,2021-05-13,2021,TV-MA,4 Seasons,"Anime Series, TV Horror, TV Thrillers"
s897,TV Show,,Not Given,United States,2021-05-12,2021,TV-14,1 Season,TV Comedies
s903,TV Show,,Not Given,South Korea,2021-05-09,2021,TV-14,1 Season,"International TV Shows, TV Dramas"
s909,TV Show,,Not Given,United States,2021-05-07,2021,TV-MA,1 Season,"TV Action & Adventure, TV Sci-Fi & Fantasy"
s919,TV Show,,Not Given,India,2021-05-05,2021,TV-PG,1 Season,Reality TV
s921,TV Show,,Not Given,Mexico,2021-05-04,2020,TV-PG,2 Seasons,TV Dramas
s922,TV Show,,Not Given,United States,2021-05-04,2018,TV-MA,3 Seasons,"Crime TV Shows, TV Dramas"
s889,Movie,,Not Given,Pakistan,2021-05-14,2021,TV-14,32 min,Comedies
s924,TV Show,,Not Given,Pakistan,2021-05-04,2021,TV-Y,2 Seasons,Kids' TV
s969,TV Show,,Not Given,Poland,2021-04-28,2021,TV-MA,1 Season,"International TV Shows, TV Comedies, TV Dramas"
s973,TV Show,,Not Given,Turkey,2021-04-27,2021,TV-MA,1 Season,"International TV Shows, TV Dramas, TV Thrillers"
s1366,TV Show,,Not Given,France,2021-02-01,2019,TV-Y7,2 Seasons,"Kids' TV, TV Comedies"
s976,Movie,,Not Given,United States,2021-04-24,2021,TV-14,33 min,"Action & Adventure, Comedies, Dramas"
s1015,TV Show,,Not Given,France,2021-04-19,2019,TV-Y,3 Seasons,Kids' TV
s994,TV Show,,Not Given,United States,2021-04-23,2021,TV-14,1 Season,"TV Action & Adventure, TV Dramas, TV Sci-Fi & Fantasy"
s1004,TV Show,,Not Given,Italy,2021-04-21,2021,TV-MA,1 Season,"International TV Shows, TV Comedies, TV Dramas"
s1005,TV Show,,Not Given,Australia,2021-04-20,2021,TV-Y,2 Seasons,Kids' TV
s1012,Movie,,Not Given,United States,2021-04-19,2014,TV-14,76 min,Documentaries
s1013,TV Show,,Not Given,Mexico,2021-04-19,2021,TV-MA,2 Seasons,"International TV Shows, Spanish-Language TV Shows, TV Dramas"
s1033,TV Show,,Not Given,South Korea,2021-04-16,2021,TV-14,1 Season,"International TV Shows, Stand-Up Comedy & Talk Shows"
s1041,TV Show,,Not Given,Japan,2021-04-15,2016,TV-MA,1 Season,"Anime Series, Crime TV Shows, International TV Shows"
s1044,TV Show,,Not Given,United States,2021-04-15,2006,TV-14,7 Seasons,"Romantic TV Shows, TV Comedies, TV Dramas"
s1045,TV Show,,Not Given,Japan,2021-04-15,2021,TV-MA,1 Season,"Anime Series, International TV Shows, TV Thrillers"
s1046,TV Show,,Not Given,United States,2021-04-15,2020,TV-14,1 Season,Reality TV
s1048,TV Show,,Not Given,Lebanon,2021-04-15,2018,TV-14,1 Season,"International TV Shows, TV Dramas"
s1049,TV Show,,Not Given,United States,2021-04-15,2020,TV-Y,3 Seasons,Kids' TV
s1050,TV Show,,Not Given,China,2021-04-15,2019,TV-Y,1 Season,"British TV Shows, Kids' TV"
s1052,TV Show,,Not Given,Japan,2021-04-15,2003,TV-Y7,2 Seasons,"Anime Series, Kids' TV"
s1058,TV Show,,Not Given,United States,2021-04-14,2021,TV-14,1 Season,TV Comedies
s1059,TV Show,,Not Given,Italy,2021-04-14,2021,TV-MA,1 Season,"British TV Shows, International TV Shows, TV Dramas"
s1060,TV Show,,Not Given,United States,2021-04-14,2018,TV-MA,6 Seasons,"TV Dramas, TV Thrillers"
s1061,TV Show,,Not Given,United States,2021-04-14,2020,TV-14,1 Season,"Reality TV, Romantic TV Shows"
s1062,TV Show,,Not Given,United States,2021-04-14,2020,TV-MA,1 Season,"Crime TV Shows, Docuseries"
s1063,TV Show,,Not Given,South Korea,2021-04-14,2021,TV-14,1 Season,"Crime TV Shows, International TV Shows, TV Dramas"
s1064,TV Show,,Not Given,United States,2021-04-14,2019,TV-MA,1 Season,"TV Comedies, TV Dramas"
s1065,TV Show,,Not Given,South Korea,2021-04-14,2016,TV-MA,1 Season,"Crime TV Shows, International TV Shows, Korean TV Shows"
s1066,TV Show,,Not Given,Canada,2021-04-14,2019,TV-MA,3 Seasons,"TV Horror, TV Mysteries, TV Thrillers"
s1057,TV Show,,Not Given,Pakistan,2021-04-14,2015,TV-PG,1 Season,"International TV Shows, TV Dramas"
s1069,TV Show,,Not Given,United States,2021-04-14,2019,TV-MA,1 Season,"Docuseries, Science & Nature TV"
s1080,TV Show,,Not Given,Israel,2021-04-13,2020,TV-PG,1 Season,"Romantic TV Shows, TV Comedies, TV Dramas"
s1082,TV Show,,Not Given,United States,2021-04-12,2018,TV-G,4 Seasons,"Kids' TV, TV Comedies"
s1085,TV Show,,Not Given,China,2021-04-09,2020,TV-14,1 Season,"Anime Series, International TV Shows, Romantic TV Shows"
s1092,TV Show,,Not Given,Japan,2021-04-08,2021,TV-MA,1 Season,"Anime Series, International TV Shows"
s1094,TV Show,,Not Given,India,2021-04-07,2021,TV-14,2 Seasons,"International TV Shows, Reality TV, Romantic TV Shows"
s1124,TV Show,,Not Given,Uruguay,2021-04-01,2021,TV-G,2 Seasons,"Docuseries, International TV Shows, Science & Nature TV"
s1126,TV Show,,Not Given,United Kingdom,2021-04-01,2017,TV-MA,2 Seasons,"British TV Shows, Crime TV Shows, Docuseries"
s1128,TV Show,,Not Given,United States,2021-04-01,2021,TV-MA,2 Seasons,"Reality TV, TV Comedies, TV Horror"
s1130,TV Show,,Not Given,United Kingdom,2021-04-01,2016,TV-PG,2 Seasons,"British TV Shows, Docuseries, International TV Shows"
s1144,TV Show,,Not Given,United States,2021-04-01,2021,TV-MA,1 Season,"Docuseries, Reality TV"
s1149,TV Show,,Not Given,South Korea,2021-03-31,2015,TV-Y,2 Seasons,"Kids' TV, Korean TV Shows"
s1150,TV Show,,Not Given,Japan,2021-03-31,2005,TV-Y7,1 Season,"Anime Series, Kids' TV"
s1153,TV Show,,Not Given,United States,2021-03-30,2020,TV-Y,1 Season,Kids' TV
s1158,Movie,,Not Given,United States,2021-03-26,2021,TV-MA,87 min,Comedies
s1159,TV Show,,Not Given,United States,2021-03-26,2013,TV-G,4 Seasons,Kids' TV
s1162,Movie,,Not Given,United Kingdom,2021-03-26,2020,TV-PG,87 min,Documentaries
s1164,TV Show,,Not Given,Spain,2021-03-26,2021,TV-MA,1 Season,"International TV Shows, Reality TV, Spanish-Language TV Shows"
s1616,TV Show,,Not Given,United States,2020-12-01,2012,TV-14,2 Seasons,Reality TV
s1167,TV Show,,Not Given,United Kingdom,2021-03-26,2021,TV-14,1 Season,"British TV Shows, Crime TV Shows, International TV Shows"
s1169,TV Show,,Not Given,United States,2021-03-25,2021,TV-MA,1 Season,Anime Series
s1170,TV Show,,Not Given,Japan,2021-03-25,2021,TV-Y7,1 Season,Kids' TV
s1175,TV Show,,Not Given,South Korea,2021-03-23,2021,TV-14,1 Season,"International TV Shows, TV Dramas"
s1180,TV Show,,Not Given,United States,2021-03-20,2010,TV-Y7,4 Seasons,Kids' TV
s1182,TV Show,,Not Given,United States,2021-03-19,2021,TV-PG,1 Season,TV Comedies
s1183,TV Show,,Not Given,United Kingdom,2021-03-19,2021,TV-MA,3 Seasons,Docuseries
s1187,TV Show,,Not Given,Japan,2021-03-18,2021,TV-MA,2 Seasons,"Anime Series, Crime TV Shows, International TV Shows"
s1201,TV Show,,Not Given,United States,2021-03-16,2021,TV-Y,1 Season,Kids' TV
s1202,TV Show,,Not Given,Egypt,2021-03-15,2021,TV-14,1 Season,"Crime TV Shows, International TV Shows, TV Comedies"
s1206,TV Show,,Not Given,United States,2021-03-15,2021,TV-MA,1 Season,"Docuseries, Science & Nature TV, TV Action & Adventure"
s1207,TV Show,,Not Given,United Kingdom,2021-03-15,2021,TV-G,1 Season,"British TV Shows, Kids' TV, TV Dramas"
s1211,TV Show,,Not Given,South Korea,2021-03-12,2021,TV-MA,2 Seasons,"International TV Shows, Korean TV Shows, Romantic TV Shows"
s1405,TV Show,,Not Given,United States,2021-01-15,2016,TV-G,3 Seasons,"Kids' TV, TV Comedies"
s1214,TV Show,,Not Given,United States,2021-03-12,2021,TV-MA,3 Seasons,TV Comedies
s1218,TV Show,,Not Given,United Kingdom,2021-03-12,2021,TV-MA,1 Season,"British TV Shows, Crime TV Shows, International TV Shows"
s1227,TV Show,,Not Given,Germany,2021-03-09,2021,TV-14,1 Season,"Docuseries, International TV Shows"
s1228,TV Show,,Not Given,India,2021-03-08,2021,TV-MA,1 Season,"International TV Shows, TV Dramas"
s1230,TV Show,,Not Given,Egypt,2021-03-06,2015,TV-14,1 Season,"International TV Shows, TV Dramas"
s1232,TV Show,,Not Given,United States,2021-03-05,2021,TV-Y7,1 Season,Kids' TV
s1239,TV Show,,Not Given,United States,2021-03-04,2021,TV-14,1 Season,Anime Series
s1246,TV Show,,Not Given,United States,2021-03-02,2021,TV-Y,5 Seasons,Kids' TV
s1307,TV Show,,Not Given,United States,2021-02-16,2020,TV-MA,3 Seasons,"Crime TV Shows, TV Comedies, TV Dramas"
s1258,TV Show,,Not Given,Japan,2021-02-28,2011,TV-14,1 Season,"Anime Series, International TV Shows"
s1269,TV Show,,Not Given,United States,2021-02-25,2019,TV-MA,1 Season,"Crime TV Shows, International TV Shows, Spanish-Language TV Shows"
s1271,TV Show,,Not Given,United States,2021-02-25,2018,TV-MA,3 Seasons,"International TV Shows, Spanish-Language TV Shows, TV Dramas"
s1273,TV Show,,Not Given,United States,2021-02-24,2021,TV-MA,1 Season,"Docuseries, International TV Shows"
s1275,TV Show,,Not Given,United States,2021-02-24,2021,TV-PG,1 Season,Reality TV
s1276,TV Show,,Not Given,United States,2021-02-24,2021,TV-14,1 Season,"Romantic TV Shows, TV Comedies, TV Dramas"
s1278,TV Show,,Not Given,United States,2021-02-24,2021,TV-14,2 Seasons,"TV Horror, Teen TV Shows"
s1283,TV Show,,Not Given,India,2021-02-22,2020,TV-MA,1 Season,"International TV Shows, TV Dramas"
s1286,TV Show,,Not Given,South Korea,2021-02-21,2021,TV-14,1 Season,"International TV Shows, TV Comedies, TV Dramas"
s1693,TV Show,,Not Given,United States,2020-11-15,2013,TV-14,2 Seasons,Reality TV
s1288,Movie,,Not Given,United Kingdom,2021-02-20,2021,TV-14,36 min,"Comedies, Dramas"
s1295,TV Show,,Not Given,Germany,2021-02-19,2021,TV-MA,1 Season,"International TV Shows, TV Action & Adventure, TV Dramas"
s1297,TV Show,,Not Given,South Korea,2021-02-18,2021,TV-14,1 Season,"International TV Shows, Romantic TV Shows, TV Comedies"
s1299,TV Show,,Not Given,South Korea,2021-02-18,2021,TV-14,1 Season,"International TV Shows, TV Action & Adventure, TV Dramas"
s1301,TV Show,,Not Given,United States,2021-02-17,2021,TV-MA,1 Season,Docuseries
s1302,TV Show,,Not Given,United Kingdom,2021-02-17,2021,TV-MA,1 Season,"British TV Shows, International TV Shows, TV Dramas"
s1303,TV Show,,Not Given,United States,2021-02-17,2021,TV-14,4 Seasons,"Docuseries, Reality TV, Science & Nature TV"
s1311,TV Show,,Not Given,United States,2021-02-15,2021,TV-14,1 Season,TV Comedies
s1314,TV Show,,Not Given,United States,2021-02-12,2021,TV-14,1 Season,Reality TV
s1318,TV Show,,Not Given,United Kingdom,2021-02-12,2021,TV-G,1 Season,"British TV Shows, International TV Shows, Reality TV"
s1321,TV Show,,Not Given,Luxembourg,2021-02-11,2019,TV-MA,1 Season,"Crime TV Shows, International TV Shows, TV Dramas"
s1322,TV Show,,Not Given,Mexico,2021-02-11,2016,TV-MA,1 Season,"Crime TV Shows, Spanish-Language TV Shows, TV Action & Adventure"
s1332,TV Show,,Not Given,United States,2021-02-09,1945,TV-MA,1 Season,TV Shows
s1333,TV Show,,Not Given,United States,2021-02-08,2008,TV-G,2 Seasons,"Kids' TV, TV Comedies"
s1336,TV Show,,Not Given,United States,2021-02-06,2020,TV-MA,3 Seasons,"Crime TV Shows, TV Dramas, TV Mysteries"
s1339,TV Show,,Not Given,Spain,2021-02-05,2021,TV-MA,2 Seasons,"Crime TV Shows, International TV Shows, Spanish-Language TV Shows"
s1340,TV Show,,Not Given,Brazil,2021-02-05,2021,TV-MA,1 Season,"Crime TV Shows, International TV Shows, TV Dramas"
s1869,TV Show,,Not Given,United States,2020-10-09,2020,TV-MA,1 Season,Docuseries
s1349,TV Show,,Not Given,United States,2021-02-03,2021,TV-MA,1 Season,"Romantic TV Shows, TV Dramas"
s1350,TV Show,,Not Given,Colombia,2021-02-03,2012,TV-MA,1 Season,"Crime TV Shows, International TV Shows, Spanish-Language TV Shows"
s1351,TV Show,,Not Given,United States,2021-02-03,2018,TV-Y7,2 Seasons,Kids' TV
s1353,TV Show,,Not Given,United States,2021-02-02,2021,TV-MA,2 Seasons,"Stand-Up Comedy & Talk Shows, TV Comedies"
s1355,TV Show,,Not Given,Canada,2021-02-01,2019,TV-14,13 Seasons,TV Dramas
s1356,TV Show,,Not Given,United States,2021-02-01,2018,TV-14,1 Season,"Romantic TV Shows, Teen TV Shows"
s1357,TV Show,,Not Given,United States,2021-02-01,2018,TV-14,1 Season,"TV Comedies, Teen TV Shows"
s1362,TV Show,,Not Given,United States,2021-02-01,2019,TV-14,1 Season,"TV Horror, Teen TV Shows"
s1363,TV Show,,Not Given,Canada,2021-02-01,2015,TV-PG,7 Seasons,"Kids' TV, TV Comedies"
s1364,TV Show,,Not Given,United States,2021-02-01,2019,TV-14,2 Seasons,"Romantic TV Shows, TV Dramas, Teen TV Shows"
s1372,TV Show,,Not Given,United States,2021-01-29,2021,TV-14,1 Season,Docuseries
s1374,TV Show,,Not Given,Turkey,2021-01-27,2021,TV-MA,1 Season,"International TV Shows, TV Dramas, TV Thrillers"
s1376,TV Show,,Not Given,United States,2021-01-27,2021,TV-MA,2 Seasons,"TV Comedies, TV Dramas"
s1378,TV Show,,Not Given,United States,2021-01-27,2018,TV-MA,4 Seasons,"Romantic TV Shows, TV Action & Adventure, TV Dramas"
s1381,TV Show,,Not Given,United States,2021-01-26,2021,TV-Y,1 Season,Kids' TV
s1384,TV Show,,Not Given,Canada,2021-01-22,2021,TV-14,2 Seasons,"International TV Shows, Reality TV"
s1385,TV Show,,Not Given,South Korea,2021-01-22,2021,TV-14,3 Seasons,"Crime TV Shows, International TV Shows, Korean TV Shows"
s1386,TV Show,,Not Given,Japan,2021-01-22,2019,TV-14,1 Season,"Anime Series, International TV Shows"
s1619,TV Show,,Not Given,United States,2020-12-01,2015,TV-Y,4 Seasons,"British TV Shows, Kids' TV"
s1393,TV Show,,Not Given,Mexico,2021-01-20,2021,TV-MA,1 Season,"International TV Shows, Spanish-Language TV Shows, TV Comedies"
s1395,TV Show,,Not Given,United States,2021-01-20,2021,TV-MA,1 Season,"Docuseries, Science & Nature TV"
s1396,TV Show,,Not Given,United States,2021-01-19,2021,TV-Y,4 Seasons,Kids' TV
s1401,TV Show,,Not Given,United States,2021-01-15,2021,TV-MA,1 Season,Reality TV
s1402,TV Show,,Not Given,United States,2021-01-15,2021,TV-Y7,4 Seasons,"Kids' TV, TV Thrillers"
s1403,TV Show,,Not Given,United States,2021-01-15,2021,TV-14,3 Seasons,"TV Action & Adventure, TV Comedies, TV Sci-Fi & Fantasy"
s1409,TV Show,,Not Given,United States,2021-01-15,2020,TV-MA,5 Seasons,"TV Dramas, TV Sci-Fi & Fantasy"
s1426,Movie,,Not Given,United States,2021-01-08,2021,TV-14,14 min,Documentaries
s1428,TV Show,,Not Given,United Kingdom,2021-01-08,2021,TV-MA,5 Seasons,"British TV Shows, Crime TV Shows, Docuseries"
s1430,TV Show,,Not Given,India,2021-01-08,2021,TV-Y,1 Season,"Kids' TV, TV Comedies"
s1431,TV Show,,Not Given,United States,2021-01-08,2021,TV-14,1 Season,Docuseries
s1432,Movie,,Not Given,Turkey,2021-01-08,2021,TV-MA,97 min,"Comedies, Dramas, International Movies"
s1438,TV Show,,Not Given,United States,2021-01-06,2021,TV-MA,1 Season,"Docuseries, Reality TV"
s1440,TV Show,,Not Given,United States,2021-01-05,2021,TV-MA,1 Season,"Docuseries, TV Comedies"
s1441,TV Show,,Not Given,Mexico,2021-01-05,2021,TV-PG,3 Seasons,"International TV Shows, Reality TV, Spanish-Language TV Shows"
s1444,TV Show,,Not Given,United States,2021-01-04,2019,TV-14,1 Season,Docuseries
s1449,TV Show,,Not Given,United States,2021-01-01,2021,TV-14,3 Seasons,"TV Action & Adventure, TV Comedies, TV Dramas"
s1450,TV Show,,Not Given,United States,2021-01-01,2021,TV-G,2 Seasons,Reality TV
s1456,TV Show,,Not Given,United States,2021-01-01,2021,TV-G,1 Season,"Docuseries, Science & Nature TV"
s1458,TV Show,,Not Given,United States,2021-01-01,2017,TV-MA,1 Season,"Spanish-Language TV Shows, TV Dramas"
s1620,TV Show,,Not Given,United Kingdom,2020-12-01,2017,TV-Y,1 Season,"Kids' TV, TV Comedies"
s1461,TV Show,,Not Given,Mexico,2021-01-01,2021,TV-MA,2 Seasons,"International TV Shows, Spanish-Language TV Shows, TV Dramas"
s1466,TV Show,,Not Given,United States,2021-01-01,2013,TV-G,2 Seasons,"Kids' TV, TV Comedies, TV Sci-Fi & Fantasy"
s1467,Movie,,Not Given,United States,2021-01-01,2021,TV-14,54 min,Documentaries
s1474,TV Show,,Not Given,United States,2020-12-31,2020,TV-14,4 Seasons,"TV Horror, TV Mysteries, TV Sci-Fi & Fantasy"
s1477,TV Show,,Not Given,United States,2020-12-30,2020,TV-G,1 Season,Reality TV
s1478,TV Show,,Not Given,United States,2020-12-30,2019,TV-MA,1 Season,"Crime TV Shows, TV Dramas, TV Thrillers"
s1479,TV Show,,Not Given,Denmark,2020-12-30,2020,TV-MA,1 Season,"International TV Shows, TV Mysteries, TV Thrillers"
s1481,TV Show,,Not Given,United Kingdom,2020-12-30,2018,TV-14,9 Seasons,"British TV Shows, Classic & Cult TV, International TV Shows"
s1484,TV Show,,Not Given,South Korea,2020-12-28,2020,TV-PG,1 Season,"International TV Shows, Romantic TV Shows, TV Comedies"
s1488,TV Show,,Not Given,Senegal,2020-12-27,2019,TV-MA,1 Season,"Crime TV Shows, International TV Shows, TV Dramas"
s1490,TV Show,,Not Given,India,2020-12-26,2020,TV-PG,2 Seasons,"Docuseries, International TV Shows"
s1493,TV Show,,Not Given,United States,2020-12-25,2020,TV-MA,1 Season,"Romantic TV Shows, TV Dramas"
s1504,TV Show,,Not Given,South Korea,2020-12-22,2020,TV-14,1 Season,"International TV Shows, Romantic TV Shows, TV Comedies"
s1506,TV Show,,Not Given,United States,2020-12-22,2020,TV-Y,1 Season,Kids' TV
s1689,TV Show,,Not Given,United States,2020-11-17,2020,TV-MA,1 Season,"Docuseries, Reality TV"
s1507,TV Show,,Not Given,United Kingdom,2020-12-22,2016,TV-Y,2 Seasons,"British TV Shows, Kids' TV, TV Comedies"
s1509,TV Show,,Not Given,United Kingdom,2020-12-22,2010,TV-Y,1 Season,"British TV Shows, Kids' TV"
s1515,TV Show,,Not Given,South Africa,2020-12-18,2019,TV-MA,1 Season,"Crime TV Shows, International TV Shows, TV Dramas"
s1517,TV Show,,Not Given,Norway,2020-12-18,2020,TV-MA,2 Seasons,"International TV Shows, Romantic TV Shows, TV Comedies"
s1528,TV Show,,Not Given,Netherlands,2020-12-17,2020,TV-Y,2 Seasons,"British TV Shows, Kids' TV"
s1529,TV Show,,Not Given,South Korea,2020-12-17,2020,TV-MA,1 Season,"International TV Shows, Romantic TV Shows, TV Comedies"
s1536,TV Show,,Not Given,South Africa,2020-12-16,2020,TV-MA,1 Season,"International TV Shows, TV Comedies, TV Dramas"
s1539,TV Show,,Not Given,United States,2020-12-16,2011,TV-14,1 Season,"Anime Series, International TV Shows"
s1540,TV Show,,Not Given,Japan,2020-12-16,2011,TV-14,1 Season,"Anime Series, International TV Shows"
s1544,TV Show,,Not Given,United States,2020-12-15,2014,TV-14,2 Seasons,Reality TV
s1546,TV Show,,Not Given,United States,2020-12-15,2020,TV-Y,2 Seasons,"Kids' TV, TV Comedies"
s1548,TV Show,,Not Given,United States,2020-12-15,2011,TV-14,2 Seasons,Reality TV
s1549,TV Show,,Not Given,United States,2020-12-15,2006,TV-14,2 Seasons,Reality TV
s1552,TV Show,,Not Given,United Kingdom,2020-12-14,2021,TV-Y7,2 Seasons,Kids' TV
s1553,TV Show,,Not Given,United States,2020-12-14,2020,TV-MA,1 Season,"TV Dramas, TV Mysteries, TV Thrillers"
s1555,TV Show,,Not Given,Lebanon,2020-12-12,2020,TV-14,1 Season,"International TV Shows, TV Dramas, TV Thrillers"
s1556,TV Show,,Not Given,France,2020-12-12,2018,TV-Y,2 Seasons,"Kids' TV, TV Comedies"
s1560,TV Show,,Not Given,Spain,2020-12-11,2020,TV-MA,1 Season,"International TV Shows, Spanish-Language TV Shows, TV Dramas"
s1519,Movie,,Not Given,Pakistan,2020-12-18,2020,TV-PG,32 min,"Documentaries, Music & Musicals"
s1563,TV Show,,Not Given,Japan,2020-12-10,2020,TV-MA,1 Season,"International TV Shows, TV Action & Adventure, TV Mysteries"
s1570,TV Show,,Not Given,Saudi Arabia,2020-12-09,2013,TV-14,4 Seasons,"International TV Shows, TV Comedies"
s1571,TV Show,,Not Given,Egypt,2020-12-09,2019,TV-14,1 Season,"International TV Shows, Romantic TV Shows, TV Dramas"
s1573,TV Show,,Not Given,United States,2020-12-09,2020,TV-G,2 Seasons,"Kids' TV, TV Comedies"
s1574,TV Show,,Not Given,United States,2020-12-09,2020,TV-PG,3 Seasons,"Kids' TV, TV Comedies, Teen TV Shows"
s1575,TV Show,,Not Given,United States,2020-12-09,2020,TV-14,1 Season,"Docuseries, Science & Nature TV"
s1578,Movie,,Not Given,Brazil,2020-12-08,2020,TV-MA,90 min,"Documentaries, International Movies, Music & Musicals"
s1579,TV Show,,Not Given,Kuwait,2020-12-08,2019,TV-PG,1 Season,"International TV Shows, Romantic TV Shows, TV Dramas"
s1580,TV Show,,Not Given,United States,2020-12-08,2020,TV-14,3 Seasons,"TV Comedies, Teen TV Shows"
s1584,TV Show,,Not Given,South Korea,2020-12-07,2018,TV-14,1 Season,"International TV Shows, Romantic TV Shows, TV Dramas"
s1590,TV Show,,Not Given,India,2020-12-04,2020,TV-MA,1 Season,"International TV Shows, Romantic TV Shows, TV Comedies"
s1591,TV Show,,Not Given,United States,2020-12-04,2020,TV-MA,4 Seasons,TV Comedies
s1594,TV Show,,Not Given,South Africa,2020-12-04,2020,TV-MA,1 Season,"Crime TV Shows, International TV Shows, TV Dramas"
s1595,Movie,,Not Given,Turkey,2020-12-04,2020,TV-MA,113 min,"Comedies, International Movies"
s1604,TV Show,,Not Given,United Kingdom,2020-12-02,2020,TV-PG,1 Season,"British TV Shows, Docuseries, International TV Shows"
s1606,TV Show,,Not Given,Indonesia,2020-12-02,2020,TV-14,2 Seasons,"International TV Shows, TV Comedies, TV Dramas"
s1612,TV Show,,Not Given,United States,2020-12-01,2014,TV-14,2 Seasons,Reality TV
s1615,TV Show,,Not Given,Spain,2020-12-01,2018,TV-Y,1 Season,Kids' TV
s1623,TV Show,,Not Given,United States,2020-12-01,2006,TV-MA,10 Seasons,"Classic & Cult TV, TV Action & Adventure, TV Sci-Fi & Fantasy"
s1624,TV Show,,Not Given,United States,2020-12-01,2010,TV-14,1 Season,"Reality TV, Romantic TV Shows"
s1626,TV Show,,Not Given,South Korea,2020-12-01,2018,TV-14,1 Season,"International TV Shows, TV Horror, TV Mysteries"
s1628,TV Show,,Not Given,United States,2020-12-01,2020,TV-PG,1 Season,Docuseries
s1629,TV Show,,Not Given,United Kingdom,2020-12-01,2018,TV-PG,1 Season,"British TV Shows, Reality TV"
s1635,TV Show,,Not Given,South Korea,2020-11-29,2020,TV-14,1 Season,"International TV Shows, TV Action & Adventure, TV Dramas"
s1639,TV Show,,Not Given,India,2020-11-27,2020,TV-MA,1 Season,"International TV Shows, Reality TV"
s1759,TV Show,,Not Given,Canada,2020-11-01,2020,TV-Y7,2 Seasons,Kids' TV
s1640,TV Show,,Not Given,Australia,2020-11-27,1999,TV-14,7 Seasons,"International TV Shows, TV Dramas, Teen TV Shows"
s1641,TV Show,,Not Given,Germany,2020-11-27,2020,TV-MA,1 Season,"International TV Shows, Romantic TV Shows, TV Comedies"
s1642,TV Show,,Not Given,United States,2020-11-27,2020,TV-14,2 Seasons,Reality TV
s1650,TV Show,,Not Given,Japan,2020-11-25,2020,TV-MA,2 Seasons,"Anime Series, Crime TV Shows, International TV Shows"
s1659,TV Show,,Not Given,Egypt,2020-11-24,2020,TV-14,1 Season,"International TV Shows, TV Comedies, TV Dramas"
s1662,TV Show,,Not Given,South Korea,2020-11-23,2017,TV-MA,1 Season,"International TV Shows, Romantic TV Shows, TV Dramas"
s1668,TV Show,,Not Given,China,2020-11-20,2020,TV-G,3 Seasons,"Docuseries, International TV Shows"
s1671,TV Show,,Not Given,India,2020-11-20,2020,TV-MA,1 Season,"International TV Shows, Romantic TV Shows, TV Comedies"
s1673,TV Show,,Not Given,United States,2020-11-20,2020,TV-PG,1 Season,"Docuseries, Reality TV"
s1685,TV Show,,Not Given,United States,2020-11-18,2020,TV-G,1 Season,Reality TV
s1688,TV Show,,Not Given,United States,2020-11-17,2020,TV-Y7,4 Seasons,"Kids' TV, TV Comedies"
s1694,TV Show,,Not Given,Japan,2020-11-15,2019,TV-Y,1 Season,"Anime Series, Kids' TV"
s1697,TV Show,,Not Given,Canada,2020-11-15,2021,TV-Y,2 Seasons,Kids' TV
s1698,TV Show,,Not Given,United States,2020-11-15,2014,TV-14,2 Seasons,Reality TV
s1699,TV Show,,Not Given,United Kingdom,2020-11-15,2020,TV-MA,4 Seasons,"British TV Shows, International TV Shows, TV Dramas"
s1702,TV Show,,Not Given,United States,2020-11-13,2019,TV-MA,9 Seasons,"TV Horror, TV Mysteries, TV Thrillers"
s1709,TV Show,,Not Given,Turkey,2020-11-12,2020,TV-MA,1 Season,"International TV Shows, TV Dramas"
s1712,TV Show,,Not Given,South Korea,2020-11-12,2020,TV-MA,1 Season,"Crime TV Shows, International TV Shows, TV Dramas"
s1717,TV Show,,Not Given,Australia,2020-11-11,2020,TV-MA,1 Season,TV Comedies
s1718,TV Show,,Not Given,United States,2020-11-11,2020,TV-MA,1 Season,"TV Action & Adventure, TV Dramas"
s1719,TV Show,,Not Given,United States,2020-11-11,2020,TV-MA,1 Season,"Crime TV Shows, Docuseries"
s1720,Movie,,Not Given,Lebanon,2020-11-11,1979,TV-14,74 min,"Documentaries, International Movies"
s1723,TV Show,,Not Given,United States,2020-11-10,2020,TV-14,1 Season,"Romantic TV Shows, TV Comedies, TV Dramas"
s1725,TV Show,,Not Given,Japan,2020-11-06,2018,TV-PG,1 Season,"Anime Series, Kids' TV"
s1727,TV Show,,Not Given,United States,2020-11-06,2020,TV-PG,1 Season,Reality TV
s1731,TV Show,,Not Given,Australia,2020-11-06,2018,TV-MA,1 Season,"International TV Shows, TV Comedies, TV Dramas"
s1758,TV Show,,Not Given,United States,2020-11-01,2018,TV-Y,1 Season,Kids' TV
s1738,TV Show,,Not Given,Egypt,2020-11-05,2020,TV-14,1 Season,"International TV Shows, TV Dramas, TV Horror"
s1739,Movie,,Not Given,Canada,2020-11-04,2018,TV-G,87 min,"Dramas, Romantic Movies"
s1724,TV Show,,Not Given,Pakistan,2020-11-06,2020,TV-Y7,1 Season,"Anime Series, Kids' TV"
s1741,TV Show,,Not Given,Sweden,2020-11-04,2020,TV-MA,1 Season,"International TV Shows, Romantic TV Shows, TV Comedies"
s1747,TV Show,,Not Given,Canada,2020-11-02,2020,TV-MA,2 Seasons,"International TV Shows, TV Comedies, TV Dramas"
s1749,TV Show,,Not Given,United States,2020-11-01,2019,TV-MA,1 Season,Reality TV
s1751,TV Show,,Not Given,United States,2020-11-01,2002,TV-14,6 Seasons,"Romantic TV Shows, TV Dramas, Teen TV Shows"
s1755,TV Show,,Not Given,United States,2020-11-01,2019,TV-14,1 Season,Reality TV
s1756,TV Show,,Not Given,United States,2020-11-01,2018,TV-14,3 Seasons,Docuseries
s1757,TV Show,,Not Given,United States,2020-11-01,2019,TV-Y,1 Season,Kids' TV
s2945,TV Show,,Not Given,United States,2020-02-07,2020,TV-MA,1 Season,"Crime TV Shows, Docuseries"
s1760,TV Show,,Not Given,Denmark,2020-11-01,2019,TV-Y7,10 Seasons,Kids' TV
s1761,TV Show,,Not Given,United States,2020-11-01,2019,TV-Y,1 Season,"Kids' TV, TV Comedies"
s1766,TV Show,,Not Given,France,2020-11-01,2018,TV-Y,4 Seasons,"Kids' TV, TV Comedies"
s1767,TV Show,,Not Given,South Korea,2020-11-01,2020,TV-MA,1 Season,"Crime TV Shows, International TV Shows, TV Dramas"
s1770,TV Show,,Not Given,South Korea,2020-11-01,2018,TV-14,2 Seasons,"Crime TV Shows, International TV Shows, Korean TV Shows"
s1774,TV Show,,Not Given,Australia,2020-10-31,2019,TV-PG,1 Season,"International TV Shows, Reality TV"
s1780,TV Show,,Not Given,United States,2020-10-30,2020,TV-14,7 Seasons,"TV Action & Adventure, TV Sci-Fi & Fantasy"
s1782,TV Show,,Not Given,United States,2020-10-30,2020,TV-14,4 Seasons,"Docuseries, Reality TV"
s1783,TV Show,,Not Given,Italy,2020-10-30,2020,TV-MA,3 Seasons,"Crime TV Shows, International TV Shows, TV Dramas"
s1791,TV Show,,Not Given,United States,2020-10-27,2020,TV-MA,1 Season,Anime Series
s1872,Movie,,Not Given,Canada,2020-10-09,2020,TV-Y,25 min,Children & Family Movies
s1792,TV Show,,Not Given,United States,2020-10-27,2020,TV-Y,4 Seasons,Kids' TV
s1800,TV Show,,Not Given,Germany,2020-10-23,2020,TV-MA,1 Season,"International TV Shows, TV Action & Adventure, TV Dramas"
s1804,TV Show,,Not Given,Spain,2020-10-23,2020,TV-MA,1 Season,"Crime TV Shows, International TV Shows, Spanish-Language TV Shows"
s1805,TV Show,,Not Given,United States,2020-10-23,2020,TV-MA,1 Season,TV Dramas
s1814,TV Show,,Not Given,United States,2020-10-21,2020,TV-MA,3 Seasons,Stand-Up Comedy & Talk Shows
s1835,TV Show,,Not Given,South Korea,2020-10-18,2020,TV-14,1 Season,"International TV Shows, Romantic TV Shows, TV Comedies"
s1838,TV Show,,Not Given,United States,2020-10-16,2020,TV-MA,1 Season,"TV Dramas, Teen TV Shows"
s1840,TV Show,,Not Given,France,2020-10-16,2020,TV-MA,1 Season,"International TV Shows, TV Action & Adventure, TV Dramas"
s1842,TV Show,,Not Given,United States,2020-10-16,2020,TV-Y7,3 Seasons,"Kids' TV, TV Comedies"
s1848,TV Show,,Not Given,United Kingdom,2020-10-15,2018,TV-Y,4 Seasons,"British TV Shows, Kids' TV"
s1849,TV Show,,Not Given,United States,2020-10-15,2005,TV-14,4 Seasons,TV Comedies
s1852,TV Show,,Not Given,United States,2020-10-15,2006,TV-14,5 Seasons,"TV Comedies, Teen TV Shows"
s1853,TV Show,,Not Given,United States,2020-10-15,2020,TV-Y7,2 Seasons,Kids' TV
s1855,TV Show,,Not Given,United States,2020-10-15,2020,TV-MA,1 Season,"TV Comedies, TV Dramas"
s1861,TV Show,,Not Given,United States,2020-10-13,2020,TV-MA,1 Season,"Reality TV, TV Comedies"
s1865,TV Show,,Not Given,United States,2020-10-12,2020,TV-Y7,3 Seasons,"Kids' TV, TV Comedies"
s1829,TV Show,,Not Given,Pakistan,2020-10-19,2020,TV-MA,2 Seasons,"Crime TV Shows, Docuseries"
s1874,TV Show,,Not Given,United States,2020-10-09,2020,TV-MA,1 Season,"TV Dramas, TV Horror, TV Mysteries"
s1876,TV Show,,Not Given,South Korea,2020-10-08,2020,TV-14,1 Season,"International TV Shows, Romantic TV Shows, TV Comedies"
s1878,TV Show,,Not Given,South Korea,2020-10-08,2020,TV-14,1 Season,"Crime TV Shows, International TV Shows, TV Dramas"
s1879,TV Show,,Not Given,United States,2020-10-08,2020,TV-MA,7 Seasons,"TV Action & Adventure, TV Dramas, TV Sci-Fi & Fantasy"
s1886,TV Show,,Not Given,India,2020-10-05,2020,TV-14,1 Season,"British TV Shows, Docuseries, International TV Shows"
s1894,TV Show,,Not Given,United States,2020-10-02,2005,TV-PG,1 Season,"Kids' TV, TV Comedies"
s1895,TV Show,,Not Given,United States,2020-10-02,2020,TV-MA,1 Season,"Romantic TV Shows, TV Comedies, TV Dramas"
s1896,TV Show,,Not Given,Australia,2020-10-02,2009,TV-PG,3 Seasons,"Kids' TV, TV Dramas"
s1907,TV Show,,Not Given,United States,2020-10-01,2019,TV-14,1 Season,TV Dramas
s1908,TV Show,,Not Given,South Korea,2020-10-01,2018,TV-MA,1 Season,"International TV Shows, Romantic TV Shows, TV Dramas"
s1909,TV Show,,Not Given,Japan,2020-10-01,2016,TV-MA,2 Seasons,"Anime Series, International TV Shows, Teen TV Shows"
s1911,TV Show,,Not Given,Brazil,2020-10-01,2020,TV-MA,1 Season,"Crime TV Shows, International TV Shows, TV Mysteries"
s1916,TV Show,,Not Given,Germany,2020-10-01,2020,TV-MA,1 Season,"International TV Shows, TV Dramas"
s1918,TV Show,,Not Given,Argentina,2020-10-01,2019,TV-MA,1 Season,"International TV Shows, Romantic TV Shows, Spanish-Language TV Shows"
s1919,TV Show,,Not Given,Japan,2020-10-01,2018,TV-MA,3 Seasons,"Anime Series, International TV Shows"
s1923,TV Show,,Not Given,United States,2020-10-01,2003,TV-PG,5 Seasons,TV Comedies
s1924,TV Show,,Not Given,United States,2020-10-01,2019,TV-14,1 Season,"TV Comedies, TV Dramas"
s1926,TV Show,,Not Given,Mexico,2020-10-01,2020,TV-MA,1 Season,"Crime TV Shows, International TV Shows, Spanish-Language TV Shows"
s1929,TV Show,,Not Given,Japan,2020-09-30,2010,TV-MA,3 Seasons,"Anime Series, International TV Shows"
s1930,TV Show,,Not Given,United States,2020-09-30,2020,TV-PG,4 Seasons,TV Comedies
s1933,Movie,,Not Given,United States,2020-09-30,2020,TV-MA,28 min,"Documentaries, LGBTQ Movies"
s1934,TV Show,,Not Given,Australia,2020-09-30,2020,TV-MA,8 Seasons,"Crime TV Shows, TV Dramas"
s1948,TV Show,,Not Given,United States,2020-09-28,2020,TV-PG,1 Season,Docuseries
s1949,TV Show,,Not Given,United States,2020-09-27,2019,TV-MA,4 Seasons,"International TV Shows, TV Action & Adventure, TV Dramas"
s1950,TV Show,,Not Given,United States,2020-09-26,2020,TV-14,4 Seasons,TV Comedies
s1952,TV Show,,Not Given,Germany,2020-09-25,2020,TV-14,1 Season,"Crime TV Shows, Docuseries, International TV Shows"
s1955,TV Show,,Not Given,United States,2020-09-25,2020,TV-MA,1 Season,TV Comedies
s1956,TV Show,,Not Given,South Korea,2020-09-25,2020,TV-MA,1 Season,"International TV Shows, TV Dramas, TV Mysteries"
s1959,TV Show,,Not Given,United States,2020-09-24,2020,TV-MA,4 Seasons,Docuseries
s1962,TV Show,,Not Given,United States,2020-09-22,2020,TV-MA,1 Season,Docuseries
s1979,TV Show,,Not Given,United States,2020-09-18,2020,TV-MA,1 Season,"TV Dramas, TV Horror, TV Mysteries"
s1980,TV Show,,Not Given,United States,2020-09-18,2020,TV-G,1 Season,Reality TV
s1981,TV Show,,Not Given,United States,2020-09-18,2019,TV-14,7 Seasons,"Crime TV Shows, TV Dramas, TV Thrillers"
s2098,Movie,,Not Given,United Kingdom,2020-08-26,2020,PG-13,107 min,"Documentaries, International Movies, Sports Movies"
s1989,TV Show,,Not Given,Germany,2020-09-17,2020,TV-MA,1 Season,"International TV Shows, TV Comedies, TV Dramas"
s1990,TV Show,,Not Given,Italy,2020-09-16,2020,TV-MA,3 Seasons,"International TV Shows, TV Dramas, Teen TV Shows"
s1991,TV Show,,Not Given,United States,2020-09-16,2020,TV-14,1 Season,"Docuseries, Science & Nature TV"
s1992,TV Show,,Not Given,United Kingdom,2020-09-16,2020,TV-MA,2 Seasons,"British TV Shows, Crime TV Shows, International TV Shows"
s1994,TV Show,,Not Given,Poland,2020-09-16,2020,TV-MA,2 Seasons,"Crime TV Shows, International TV Shows, TV Dramas"
s1995,TV Show,,Not Given,United States,2020-09-16,2020,TV-PG,1 Season,Reality TV
s2003,TV Show,,Not Given,United States,2020-09-15,2020,TV-MA,2 Seasons,"Docuseries, International TV Shows, Reality TV"
s2007,TV Show,,Not Given,United Kingdom,2020-09-11,2020,TV-Y,2 Seasons,"British TV Shows, Kids' TV"
s2692,TV Show,,Not Given,United States,2020-04-10,2020,TV-MA,1 Season,TV Comedies
s2009,TV Show,,Not Given,France,2020-09-11,2020,TV-MA,2 Seasons,"International TV Shows, TV Comedies, TV Dramas"
s2010,TV Show,,Not Given,United States,2020-09-11,2007,TV-14,8 Seasons,TV Comedies
s2013,TV Show,,Not Given,Spain,2020-09-11,2020,TV-MA,1 Season,"International TV Shows, Spanish-Language TV Shows, TV Dramas"
s2014,TV Show,,Not Given,United Kingdom,2020-09-11,2020,TV-MA,1 Season,"British TV Shows, International TV Shows, TV Comedies"
s2022,TV Show,,Not Given,United States,2020-09-10,2020,TV-14,5 Seasons,TV Dramas
s2693,Movie,,Not Given,United States,2020-04-10,2020,TV-MA,92 min,"Documentaries, International Movies, Music & Musicals"
s2033,TV Show,,Not Given,United States,2020-09-09,2020,TV-PG,1 Season,Reality TV
s2038,TV Show,,Not Given,South Korea,2020-09-08,2020,TV-14,1 Season,"International TV Shows, Romantic TV Shows, TV Dramas"
s2043,TV Show,,Not Given,Australia,2020-09-05,2017,TV-MA,1 Season,"TV Dramas, TV Sci-Fi & Fantasy, TV Thrillers"
s1984,TV Show,,Not Given,Pakistan,2020-09-17,2020,TV-MA,1 Season,"Anime Series, International TV Shows"
s2045,TV Show,,Not Given,United States,2020-09-04,2020,TV-14,1 Season,"Romantic TV Shows, TV Dramas, TV Sci-Fi & Fantasy"
s2048,TV Show,,Not Given,United States,2020-09-04,2020,TV-Y7,2 Seasons,Kids' TV
s2054,TV Show,,Not Given,United Kingdom,2020-09-03,2020,TV-MA,1 Season,"Crime TV Shows, International TV Shows, TV Dramas"
s2055,TV Show,,Not Given,United States,2020-09-02,2020,TV-14,1 Season,"Docuseries, Reality TV"
s2063,TV Show,,Not Given,Japan,2020-09-01,2017,TV-MA,2 Seasons,"Anime Series, International TV Shows"
s2064,TV Show,,Not Given,United States,2020-09-01,2020,TV-Y,1 Season,Kids' TV
s2065,TV Show,,Not Given,Denmark,2020-09-01,2012,TV-MA,3 Seasons,"International TV Shows, TV Dramas"
s2067,TV Show,,Not Given,Japan,2020-09-01,2016,TV-14,1 Season,"Anime Series, International TV Shows, TV Thrillers"
s2069,TV Show,,Not Given,United States,2020-09-01,2020,TV-MA,1 Season,"Stand-Up Comedy & Talk Shows, TV Comedies"
s2070,TV Show,,Not Given,France,2020-09-01,2002,TV-MA,4 Seasons,"International TV Shows, TV Comedies"
s2071,TV Show,,Not Given,France,2020-09-01,2020,TV-Y7,1 Season,Kids' TV
s2074,TV Show,,Not Given,United States,2020-09-01,1998,TV-PG,6 Seasons,"TV Comedies, Teen TV Shows"
s2079,TV Show,,Not Given,Japan,2020-09-01,2019,TV-14,1 Season,"Anime Series, International TV Shows, TV Thrillers"
s2086,TV Show,,Not Given,United Kingdom,2020-08-28,2020,TV-MA,1 Season,"British TV Shows, Crime TV Shows, Docuseries"
s2087,TV Show,,Not Given,India,2020-08-28,2020,TV-MA,1 Season,"International TV Shows, TV Comedies, TV Dramas"
s2090,TV Show,,Not Given,Japan,2020-08-27,2020,TV-14,3 Seasons,"Anime Series, International TV Shows"
s2094,TV Show,,Not Given,Colombia,2020-08-26,2020,TV-MA,1 Season,"International TV Shows, Spanish-Language TV Shows, TV Dramas"
s2097,TV Show,,Not Given,United States,2020-08-26,2020,TV-MA,1 Season,Reality TV
s2099,TV Show,,Not Given,United States,2020-08-25,2020,TV-Y,1 Season,Kids' TV
s2100,TV Show,,Not Given,United States,2020-08-25,2020,TV-MA,2 Seasons,"TV Dramas, Teen TV Shows"
s2103,TV Show,,Not Given,Nigeria,2020-08-22,2013,TV-G,1 Season,"International TV Shows, TV Comedies"
s2106,TV Show,,Not Given,United States,2020-08-21,2020,TV-MA,1 Season,TV Comedies
s2107,TV Show,,Not Given,Canada,2020-08-21,2020,TV-14,3 Seasons,"International TV Shows, Reality TV"
s2110,Movie,,Not Given,United States,2020-08-20,2020,TV-PG,17 min,"Documentaries, LGBTQ Movies"
s2113,TV Show,,Not Given,United States,2020-08-19,2020,TV-14,1 Season,Reality TV
s2114,TV Show,,Not Given,United States,2020-08-19,2020,TV-14,1 Season,"Docuseries, Science & Nature TV"
s2119,TV Show,,Not Given,United States,2020-08-17,2020,TV-Y7,2 Seasons,Kids' TV
s2123,TV Show,,Not Given,South Korea,2020-08-16,2020,TV-MA,2 Seasons,"Crime TV Shows, International TV Shows, Korean TV Shows"
s2125,TV Show,,Not Given,Denmark,2020-08-15,2020,TV-MA,5 Seasons,"International TV Shows, TV Comedies, TV Dramas"
s2126,TV Show,,Not Given,Saudi Arabia,2020-08-15,2014,TV-14,2 Seasons,"International TV Shows, TV Dramas"
s2128,TV Show,,Not Given,Brazil,2020-08-14,2020,TV-MA,4 Seasons,"International TV Shows, TV Dramas, TV Sci-Fi & Fantasy"
s2134,TV Show,,Not Given,United States,2020-08-14,2020,TV-MA,1 Season,"Crime TV Shows, TV Comedies, TV Dramas"
s2135,TV Show,,Not Given,Colombia,2020-08-14,2020,TV-MA,1 Season,"Crime TV Shows, International TV Shows, Spanish-Language TV Shows"
s2136,TV Show,,Not Given,United States,2020-08-14,2014,TV-Y7,4 Seasons,"Kids' TV, TV Action & Adventure, TV Sci-Fi & Fantasy"
s2137,TV Show,,Not Given,Japan,2020-08-14,2018,TV-Y7,1 Season,"Anime Series, Kids' TV"
s2102,TV Show,,Not Given,Pakistan,2020-08-22,2019,TV-MA,1 Season,"British TV Shows, Reality TV, Romantic TV Shows"
s2145,TV Show,,Not Given,United States,2020-08-10,2020,TV-G,1 Season,"Kids' TV, TV Comedies"
s2146,TV Show,,Not Given,Japan,2020-08-10,2019,TV-MA,2 Seasons,"International TV Shows, Reality TV"
s2149,TV Show,,Not Given,Nigeria,2020-08-08,2016,TV-14,1 Season,"International TV Shows, TV Dramas"
s2152,TV Show,,Not Given,Spain,2020-08-07,2020,TV-MA,3 Seasons,"Crime TV Shows, International TV Shows, Spanish-Language TV Shows"
s2154,TV Show,,Not Given,Germany,2020-08-07,2020,TV-PG,1 Season,"International TV Shows, Reality TV"
s2157,TV Show,,Not Given,United States,2020-08-07,2020,TV-PG,1 Season,"Docuseries, Science & Nature TV, TV Action & Adventure"
s2158,TV Show,,Not Given,United States,2020-08-07,2020,TV-Y7,1 Season,"Kids' TV, TV Action & Adventure, TV Sci-Fi & Fantasy"
s2159,TV Show,,Not Given,United States,2020-08-07,2020,TV-Y,1 Season,Kids' TV
s2161,TV Show,,Not Given,Canada,2020-08-06,2016,TV-Y7,5 Seasons,Kids' TV
s2163,TV Show,,Not Given,Denmark,2020-08-06,2020,TV-MA,3 Seasons,"International TV Shows, TV Dramas, TV Mysteries"
s2166,TV Show,,Not Given,United States,2020-08-05,2020,TV-14,1 Season,"Crime TV Shows, Docuseries, International TV Shows"
s2169,TV Show,,Not Given,Brazil,2020-08-04,2020,TV-PG,1 Season,"Docuseries, International TV Shows, Science & Nature TV"
s2171,TV Show,,Not Given,United States,2020-08-03,2020,TV-MA,1 Season,Docuseries
s2174,TV Show,,Not Given,United States,2020-08-01,2000,TV-PG,6 Seasons,"TV Comedies, Teen TV Shows"
s2175,TV Show,,Not Given,Canada,2020-08-01,2020,TV-G,1 Season,Kids' TV
s2176,TV Show,,Not Given,Japan,2020-08-01,2014,TV-14,1 Season,"Anime Series, Romantic TV Shows, Teen TV Shows"
s2179,TV Show,,Not Given,Canada,2020-08-01,2018,TV-G,1 Season,"Kids' TV, Reality TV, TV Dramas"
s2181,TV Show,,Not Given,Japan,2020-08-01,2008,TV-14,1 Season,"Anime Series, International TV Shows, Romantic TV Shows"
s2153,TV Show,,Not Given,Pakistan,2020-08-07,2020,TV-MA,3 Seasons,Reality TV
s2182,TV Show,,Not Given,United States,2020-08-01,2020,TV-Y,2 Seasons,Kids' TV
s2185,TV Show,,Not Given,United Kingdom,2020-07-31,2020,TV-PG,1 Season,"British TV Shows, Crime TV Shows, International TV Shows"
s2190,TV Show,,Not Given,United States,2020-07-31,2020,TV-PG,3 Seasons,Reality TV
s2191,TV Show,,Not Given,United States,2020-07-31,2020,TV-14,2 Seasons,"TV Action & Adventure, TV Mysteries, TV Sci-Fi & Fantasy"
s2193,TV Show,,Not Given,United States,2020-07-30,2020,TV-Y7,1 Season,Anime Series
s2319,TV Show,,Not Given,France,2020-07-01,2004,TV-Y,1 Season,Kids' TV
s2202,TV Show,,Not Given,United States,2020-07-28,2020,TV-MA,5 Seasons,Docuseries
s2204,TV Show,,Not Given,United States,2020-07-26,2019,TV-MA,10 Seasons,"TV Comedies, TV Dramas"
s2213,TV Show,,Not Given,Spain,2020-07-24,2020,TV-G,1 Season,"International TV Shows, Reality TV, Spanish-Language TV Shows"
s2218,TV Show,,Not Given,United States,2020-07-22,2020,TV-MA,1 Season,"Crime TV Shows, Docuseries"
s2219,TV Show,,Not Given,Norway,2020-07-22,2020,TV-MA,3 Seasons,"International TV Shows, TV Comedies"
s2224,TV Show,,Not Given,United Kingdom,2020-07-19,2017,TV-MA,1 Season,"British TV Shows, Crime TV Shows, Docuseries"
s2226,TV Show,,Not Given,France,2020-07-18,2019,TV-Y,1 Season,Kids' TV
s2227,TV Show,,Not Given,Australia,2020-07-18,2018,TV-MA,1 Season,"Reality TV, Romantic TV Shows"
s2228,TV Show,,Not Given,United Kingdom,2020-07-17,2020,TV-MA,1 Season,"TV Action & Adventure, TV Dramas, TV Sci-Fi & Fantasy"
s2230,TV Show,,Not Given,United States,2020-07-17,2020,TV-14,2 Seasons,"Crime TV Shows, TV Dramas"
s2231,TV Show,,Not Given,Brazil,2020-07-17,2020,TV-MA,1 Season,"International TV Shows, TV Dramas, TV Mysteries"
s2236,TV Show,,Not Given,Mexico,2020-07-15,2020,TV-MA,1 Season,"Crime TV Shows, International TV Shows, Spanish-Language TV Shows"
s2238,TV Show,,Not Given,United States,2020-07-15,2020,TV-MA,1 Season,"Reality TV, Science & Nature TV"
s2239,TV Show,,Not Given,Belarus,2020-07-15,2016,TV-Y,2 Seasons,"British TV Shows, Kids' TV, TV Comedies"
s2247,TV Show,,Not Given,United States,2020-07-10,2020,TV-PG,1 Season,"Docuseries, Reality TV, Science & Nature TV"
s2250,TV Show,,Not Given,United States,2020-07-10,2020,TV-Y7,1 Season,"Kids' TV, TV Action & Adventure, TV Comedies"
s2254,TV Show,,Not Given,Japan,2020-07-09,2020,TV-MA,1 Season,"Anime Series, International TV Shows"
s2255,TV Show,,Not Given,Turkey,2020-07-09,2020,TV-MA,4 Seasons,"International TV Shows, Romantic TV Shows, TV Action & Adventure"
s2256,TV Show,,Not Given,South Korea,2020-07-09,2020,TV-14,1 Season,"International TV Shows, Korean TV Shows, Romantic TV Shows"
s2259,TV Show,,Not Given,Australia,2020-07-08,2020,TV-MA,1 Season,"International TV Shows, TV Dramas"
s2293,TV Show,,Not Given,India,2020-07-04,2020,TV-Y7,2 Seasons,"Kids' TV, TV Comedies"
s2294,TV Show,,Not Given,Spain,2020-07-03,2019,TV-MA,6 Seasons,"International TV Shows, Romantic TV Shows, Spanish-Language TV Shows"
s2298,TV Show,,Not Given,Japan,2020-07-03,2020,TV-MA,1 Season,"International TV Shows, TV Horror, TV Mysteries"
s2299,TV Show,,Not Given,United States,2020-07-03,2020,TV-PG,1 Season,Reality TV
s2300,TV Show,,Not Given,United States,2020-07-03,2020,TV-G,1 Season,"Kids' TV, TV Dramas"
s2302,TV Show,,Not Given,United States,2020-07-02,1993,TV-G,1 Season,Reality TV
s2304,TV Show,,Not Given,United States,2020-07-02,2020,TV-MA,1 Season,"TV Action & Adventure, TV Mysteries, TV Sci-Fi & Fantasy"
s2306,TV Show,,Not Given,United Kingdom,2020-07-01,2019,TV-MA,1 Season,"British TV Shows, Reality TV"
s2307,TV Show,,Not Given,Taiwan,2020-07-01,2016,TV-MA,1 Season,"International TV Shows, TV Dramas"
s2314,TV Show,,Not Given,United States,2020-07-01,2020,TV-14,1 Season,"Reality TV, Romantic TV Shows"
s2321,TV Show,,Not Given,Japan,2020-06-30,2020,TV-14,1 Season,"Anime Series, International TV Shows"
s2323,TV Show,,Not Given,Chile,2020-06-30,2020,TV-MA,1 Season,"International TV Shows, TV Dramas"
s2328,TV Show,,Not Given,Germany,2020-06-27,2020,TV-MA,3 Seasons,"Crime TV Shows, International TV Shows, TV Dramas"
s2400,TV Show,,Not Given,Japan,2020-06-12,2002,TV-14,4 Seasons,Anime Series
s2330,TV Show,,Not Given,Colombia,2020-06-26,2020,TV-MA,1 Season,"International TV Shows, Romantic TV Shows, Spanish-Language TV Shows"
s2332,TV Show,,Not Given,United States,2020-06-26,2020,TV-MA,1 Season,Docuseries
s2335,Movie,,Not Given,India,2020-06-26,2019,TV-MA,111 min,"Dramas, International Movies, Romantic Movies"
s2338,TV Show,,Not Given,South Korea,2020-06-26,2020,TV-G,1 Season,"International TV Shows, Korean TV Shows, Reality TV"
s2344,TV Show,,Not Given,United Kingdom,2020-06-24,2020,TV-PG,1 Season,"British TV Shows, International TV Shows, Reality TV"
s2347,TV Show,,Not Given,United States,2020-06-23,2020,TV-14,2 Seasons,"Classic & Cult TV, TV Dramas, TV Sci-Fi & Fantasy"
s2350,TV Show,,Not Given,South Korea,2020-06-21,2020,TV-MA,1 Season,"International TV Shows, Korean TV Shows, Romantic TV Shows"
s2353,TV Show,,Not Given,United States,2020-06-19,2020,TV-14,2 Seasons,"Docuseries, Science & Nature TV"
s2356,Movie,,Not Given,United States,2020-06-19,2020,TV-MA,108 min,"Documentaries, LGBTQ Movies"
s2358,TV Show,,Not Given,United States,2020-06-19,2020,TV-PG,1 Season,Reality TV
s2360,TV Show,,Not Given,Brazil,2020-06-19,2020,TV-MA,2 Seasons,"International TV Shows, Romantic TV Shows, TV Dramas"
s2363,TV Show,,Not Given,United States,2020-06-19,2020,TV-MA,2 Seasons,"TV Comedies, TV Dramas, Teen TV Shows"
s2379,TV Show,,Not Given,United States,2020-06-18,2020,TV-MA,2 Seasons,"International TV Shows, TV Dramas, TV Horror"
s2384,TV Show,,Not Given,United States,2020-06-15,2015,TV-PG,2 Seasons,Reality TV
s2385,Movie,,Not Given,United Kingdom,2020-06-15,2019,TV-MA,85 min,"Documentaries, Music & Musicals"
s2389,TV Show,,Not Given,United States,2020-06-13,2020,TV-G,4 Seasons,"Kids' TV, TV Comedies"
s2391,TV Show,,Not Given,United States,2020-06-13,2020,TV-14,6 Seasons,"Crime TV Shows, TV Dramas, TV Mysteries"
s2396,TV Show,,Not Given,United States,2020-06-12,2020,TV-MA,4 Seasons,TV Comedies
s2397,TV Show,,Not Given,Germany,2020-06-12,2020,TV-MA,1 Season,"International TV Shows, Stand-Up Comedy & Talk Shows"
s2401,TV Show,,Not Given,Mexico,2020-06-12,2020,TV-MA,1 Season,"Crime TV Shows, International TV Shows, Spanish-Language TV Shows"
s2402,TV Show,,Not Given,Poland,2020-06-12,2020,TV-MA,1 Season,"Crime TV Shows, International TV Shows, TV Dramas"
s2405,TV Show,,Not Given,Italy,2020-06-10,2020,TV-MA,1 Season,"International TV Shows, TV Dramas, TV Horror"
s2407,TV Show,,Not Given,United States,2020-06-10,2020,TV-MA,1 Season,"Docuseries, Reality TV, Science & Nature TV"
s2409,TV Show,,Not Given,South Korea,2020-06-10,2018,TV-MA,1 Season,"Crime TV Shows, International TV Shows, Korean TV Shows"
s2410,TV Show,,Not Given,Brazil,2020-06-10,2020,TV-MA,1 Season,"International TV Shows, TV Horror, TV Mysteries"
s2416,TV Show,,Not Given,United States,2020-06-06,2018,TV-MA,4 Seasons,"Crime TV Shows, TV Action & Adventure, TV Dramas"
s2418,TV Show,,Not Given,United States,2020-06-05,2020,TV-MA,4 Seasons,"Crime TV Shows, TV Dramas, TV Mysteries"
s2423,TV Show,,Not Given,United States,2020-06-05,2020,TV-14,5 Seasons,Reality TV
s2427,TV Show,,Not Given,Japan,2020-06-04,2020,TV-MA,3 Seasons,"Anime Series, International TV Shows"
s2445,TV Show,,Not Given,Japan,2020-06-01,1999,TV-Y7,2 Seasons,"Anime Series, International TV Shows"
s2450,TV Show,,Not Given,Japan,2020-06-01,2018,TV-MA,1 Season,"Anime Series, International TV Shows"
s2451,TV Show,,Not Given,Japan,2020-06-01,2014,TV-MA,3 Seasons,"International TV Shows, TV Dramas"
s2453,TV Show,,Not Given,South Korea,2020-06-01,2017,TV-MA,1 Season,"International TV Shows, Korean TV Shows, Romantic TV Shows"
s2454,TV Show,,Not Given,South Korea,2020-06-01,2017,TV-MA,1 Season,"International TV Shows, Korean TV Shows, Romantic TV Shows"
s2460,TV Show,,Not Given,United States,2020-05-29,2020,TV-MA,1 Season,TV Comedies
s2426,Movie,,Not Given,Pakistan,2020-06-05,2010,TV-MA,96 min,"Dramas, International Movies, Romantic Movies"
s2433,TV Show,,Not Given,Pakistan,2020-06-02,2019,TV-14,1 Season,Reality TV
s2462,TV Show,,Not Given,Ireland,2020-05-28,2018,TV-MA,2 Seasons,"TV Comedies, TV Dramas"
s2463,TV Show,,Not Given,Japan,2020-05-28,2020,TV-MA,1 Season,"Anime Series, International TV Shows"
s2467,TV Show,,Not Given,Australia,2020-05-28,2016,TV-G,4 Seasons,"Kids' TV, TV Comedies"
s2473,TV Show,,Not Given,India,2020-05-24,2020,TV-MA,1 Season,"International TV Shows, TV Action & Adventure, TV Horror"
s2474,TV Show,,Not Given,United States,2020-05-23,2019,TV-14,3 Seasons,TV Dramas
s2477,TV Show,,Not Given,United Kingdom,2020-05-22,2020,TV-14,1 Season,"British TV Shows, Docuseries, International TV Shows"
s2487,TV Show,,Not Given,South Korea,2020-05-21,2020,TV-MA,1 Season,"International TV Shows, Korean TV Shows, TV Comedies"
s2500,TV Show,,Not Given,Colombia,2020-05-20,2020,TV-14,1 Season,"International TV Shows, Spanish-Language TV Shows, TV Dramas"
s2509,TV Show,,Not Given,United States,2020-05-19,2020,TV-14,1 Season,"Romantic TV Shows, TV Dramas"
s2515,TV Show,,Not Given,United Kingdom,2020-05-18,2020,TV-PG,1 Season,"British TV Shows, International TV Shows, Reality TV"
s2516,TV Show,,Not Given,United States,2020-05-17,2020,TV-MA,6 Seasons,"Stand-Up Comedy & Talk Shows, TV Comedies"
s2518,TV Show,,Not Given,South Korea,2020-05-16,2009,TV-14,1 Season,"International TV Shows, Korean TV Shows, Romantic TV Shows"
s2519,TV Show,,Not Given,South Korea,2020-05-16,2009,TV-14,1 Season,"International TV Shows, Korean TV Shows, TV Action & Adventure"
s2520,TV Show,,Not Given,United States,2020-05-15,2007,TV-Y7,3 Seasons,"Classic & Cult TV, Kids' TV, TV Action & Adventure"
s2524,TV Show,,Not Given,United States,2020-05-15,2019,TV-PG,6 Seasons,TV Dramas
s2525,TV Show,,Not Given,United States,2020-05-15,2020,TV-14,3 Seasons,"Reality TV, TV Comedies"
s2526,TV Show,,Not Given,Japan,2020-05-15,2014,TV-MA,1 Season,"Anime Series, International TV Shows, TV Horror"
s2600,TV Show,,Not Given,United States,2020-04-30,2019,TV-MA,7 Seasons,"Crime TV Shows, International TV Shows, Spanish-Language TV Shows"
s2527,TV Show,,Not Given,United States,2020-05-15,2020,TV-Y7,5 Seasons,"Kids' TV, TV Action & Adventure, TV Sci-Fi & Fantasy"
s2529,TV Show,,Not Given,South Korea,2020-05-15,2019,TV-MA,1 Season,"International TV Shows, Korean TV Shows, TV Horror"
s2530,TV Show,,Not Given,Australia,2020-05-15,2015,TV-Y,2 Seasons,Kids' TV
s2531,TV Show,,Not Given,United Kingdom,2020-05-15,2020,TV-MA,1 Season,"British TV Shows, Crime TV Shows, International TV Shows"
s2547,TV Show,,Not Given,Finland,2020-05-11,2019,TV-MA,3 Seasons,"Crime TV Shows, International TV Shows, TV Dramas"
s2552,TV Show,,Not Given,United States,2020-05-08,2020,TV-MA,2 Seasons,"TV Comedies, TV Dramas"
s2553,TV Show,,Not Given,Canada,2020-05-08,2020,TV-14,2 Seasons,"International TV Shows, Reality TV"
s2555,TV Show,,Not Given,Canada,2020-05-08,2020,TV-Y7,2 Seasons,"Kids' TV, TV Thrillers"
s2576,TV Show,,Not Given,United States,2020-05-02,2009,TV-14,1 Season,Docuseries
s2581,TV Show,,Not Given,United States,2020-05-01,2020,TV-MA,1 Season,TV Dramas
s2584,TV Show,,Not Given,Russia,2020-05-01,2019,TV-Y,4 Seasons,Kids' TV
s2586,TV Show,,Not Given,Italy,2020-05-01,2019,TV-MA,3 Seasons,"International TV Shows, TV Dramas"
s2587,TV Show,,Not Given,Japan,2020-05-01,2014,TV-PG,1 Season,"Anime Series, Romantic TV Shows"
s2589,TV Show,,Not Given,Canada,2020-05-01,2020,TV-G,1 Season,"Kids' TV, TV Comedies"
s2591,TV Show,,Not Given,Australia,2020-05-01,2019,TV-MA,1 Season,"Crime TV Shows, TV Dramas, TV Mysteries"
s2599,TV Show,,Not Given,Japan,2020-04-30,2020,TV-14,1 Season,"Anime Series, International TV Shows"
s2747,TV Show,,Not Given,United Kingdom,2020-04-01,2020,TV-MA,3 Seasons,"British TV Shows, International TV Shows, TV Comedies"
s2601,TV Show,,Not Given,United States,2020-04-30,2019,TV-PG,5 Seasons,"TV Dramas, TV Sci-Fi & Fantasy"
s2607,TV Show,,Not Given,South Korea,2020-04-29,2020,TV-MA,1 Season,"Crime TV Shows, International TV Shows, Korean TV Shows"
s2609,Movie,,Not Given,United States,2020-04-29,2020,TV-MA,97 min,Documentaries
s2610,TV Show,,Not Given,United Kingdom,2020-04-29,2020,TV-G,1 Season,"British TV Shows, International TV Shows, Reality TV"
s2612,TV Show,,Not Given,South Africa,2020-04-29,2017,TV-MA,2 Seasons,"International TV Shows, TV Dramas"
s2628,TV Show,,Not Given,United States,2020-04-26,2020,TV-PG,1 Season,"Docuseries, Science & Nature TV"
s2629,TV Show,,Not Given,United Kingdom,2020-04-26,2020,TV-MA,4 Seasons,"British TV Shows, International TV Shows, TV Action & Adventure"
s2632,TV Show,,Not Given,South Korea,2020-04-25,2017,TV-14,1 Season,"International TV Shows, Korean TV Shows, Romantic TV Shows"
s2641,TV Show,,Not Given,United Kingdom,2020-04-24,2020,TV-MA,2 Seasons,"British TV Shows, International TV Shows, TV Comedies"
s2644,TV Show,,Not Given,Turkey,2020-04-24,2020,TV-MA,1 Season,"International TV Shows, TV Dramas, Teen TV Shows"
s2646,TV Show,,Not Given,Japan,2020-04-23,2020,TV-14,1 Season,"Anime Series, Crime TV Shows, International TV Shows"
s2649,TV Show,,Not Given,Mexico,2020-04-23,2020,TV-MA,3 Seasons,"International TV Shows, Spanish-Language TV Shows, TV Comedies"
s2652,TV Show,,Not Given,United States,2020-04-22,2020,TV-PG,1 Season,"Docuseries, Science & Nature TV, TV Comedies"
s2658,TV Show,,Not Given,United Kingdom,2020-04-22,2020,TV-14,1 Season,"British TV Shows, International TV Shows, Reality TV"
s2659,TV Show,,Not Given,Japan,2020-04-21,2006,TV-14,5 Seasons,"Anime Series, International TV Shows"
s2661,TV Show,,Not Given,Puerto Rico,2020-04-21,2018,TV-MA,1 Season,"Crime TV Shows, International TV Shows, Spanish-Language TV Shows"
s2662,TV Show,,Not Given,United States,2020-04-20,2020,TV-MA,1 Season,Reality TV
s3012,TV Show,,Not Given,Canada,2020-01-17,2020,TV-MA,4 Seasons,"Docuseries, International TV Shows"
s2663,TV Show,,Not Given,United States,2020-04-20,2020,TV-MA,1 Season,TV Comedies
s2665,TV Show,,Not Given,India,2020-04-18,2019,TV-Y,1 Season,Kids' TV
s2666,TV Show,,Not Given,South Korea,2020-04-18,2020,TV-14,1 Season,"Crime TV Shows, International TV Shows, Korean TV Shows"
s2667,TV Show,,Not Given,United States,2020-04-17,2020,TV-MA,1 Season,TV Comedies
s2670,TV Show,,Not Given,Mexico,2020-04-17,2020,TV-MA,2 Seasons,"Crime TV Shows, International TV Shows, Spanish-Language TV Shows"
s2671,TV Show,,Not Given,India,2020-04-17,2020,TV-MA,1 Season,"Crime TV Shows, International TV Shows, TV Comedies"
s2677,TV Show,,Not Given,Israel,2020-04-16,2020,TV-MA,3 Seasons,"Crime TV Shows, International TV Shows, TV Action & Adventure"
s2685,TV Show,,Not Given,United States,2020-04-15,2020,TV-MA,1 Season,"Crime TV Shows, Docuseries"
s2690,Movie,,Not Given,United States,2020-04-13,2019,TV-14,85 min,Documentaries
s2699,TV Show,,Not Given,Japan,2020-04-09,2019,TV-14,2 Seasons,"Anime Series, International TV Shows, Romantic TV Shows"
s2709,TV Show,,Not Given,Chile,2020-04-04,2013,TV-MA,2 Seasons,"International TV Shows, Spanish-Language TV Shows, TV Dramas"
s2711,TV Show,,Not Given,United States,2020-04-03,2019,TV-14,2 Seasons,"TV Dramas, TV Sci-Fi & Fantasy, Teen TV Shows"
s2719,TV Show,,Not Given,United States,2020-04-01,2015,TV-14,6 Seasons,TV Comedies
s2728,TV Show,,Not Given,United States,2020-04-01,2020,TV-MA,1 Season,"Crime TV Shows, Docuseries"
s2737,TV Show,,Not Given,United Kingdom,2020-04-01,2020,TV-MA,3 Seasons,"British TV Shows, International TV Shows, TV Comedies"
s2741,TV Show,,Not Given,Japan,2020-04-01,1986,TV-14,6 Seasons,Anime Series
s2743,TV Show,,Not Given,United Kingdom,2020-04-01,2020,TV-MA,2 Seasons,"British TV Shows, Docuseries, International TV Shows"
s2744,TV Show,,Not Given,United States,2020-04-01,2020,TV-MA,1 Season,TV Comedies
s3013,TV Show,,Not Given,Germany,2020-01-17,2020,TV-14,1 Season,"International TV Shows, Reality TV"
s2749,TV Show,,Not Given,China,2020-04-01,2020,TV-14,2 Seasons,"International TV Shows, Romantic TV Shows, TV Comedies"
s2752,TV Show,,Not Given,India,2020-03-31,2019,TV-G,1 Season,"Kids' TV, TV Comedies, TV Dramas"
s2754,Movie,,Not Given,United States,2020-03-31,2020,TV-MA,85 min,Stand-Up Comedy
s2762,TV Show,,Not Given,South Korea,2020-03-29,2020,TV-MA,1 Season,"Crime TV Shows, International TV Shows, Korean TV Shows"
s2765,TV Show,,Not Given,United States,2020-03-27,2019,TV-MA,2 Seasons,"Crime TV Shows, TV Action & Adventure, TV Comedies"
s2766,TV Show,,Not Given,India,2020-03-27,2019,TV-MA,1 Season,"International TV Shows, Stand-Up Comedy & Talk Shows, TV Comedies"
s2768,TV Show,,Not Given,United States,2020-03-27,2020,TV-MA,3 Seasons,"Crime TV Shows, TV Dramas, TV Thrillers"
s2778,TV Show,,Not Given,Germany,2020-03-26,2020,TV-MA,1 Season,"International TV Shows, TV Dramas"
s2780,Movie,,Not Given,United States,2020-03-25,2020,R,108 min,Documentaries
s2784,TV Show,,Not Given,Austria,2020-03-23,2020,TV-MA,1 Season,"Crime TV Shows, International TV Shows, TV Dramas"
s2785,TV Show,,Not Given,Taiwan,2020-03-22,2020,TV-14,1 Season,"International TV Shows, Reality TV"
s2789,TV Show,,Not Given,United States,2020-03-20,2020,TV-Y7,2 Seasons,"Anime Series, Kids' TV"
s2791,TV Show,,Not Given,United States,2020-03-20,2020,TV-PG,4 Seasons,"Kids' TV, TV Dramas, Teen TV Shows"
s2760,TV Show,,Not Given,Pakistan,2020-03-31,2019,TV-Y,1 Season,Kids' TV
s2775,TV Show,,Not Given,Pakistan,2020-03-26,2020,TV-MA,2 Seasons,"Anime Series, International TV Shows"
s2792,TV Show,,Not Given,United States,2020-03-20,2020,TV-MA,1 Season,TV Dramas
s2793,TV Show,,Not Given,India,2020-03-20,2020,TV-MA,1 Season,"Crime TV Shows, International TV Shows, TV Dramas"
s2794,TV Show,,Not Given,United Kingdom,2020-03-20,2020,TV-14,1 Season,"British TV Shows, International TV Shows, TV Dramas"
s2795,TV Show,,Not Given,United Kingdom,2020-03-20,2020,TV-PG,1 Season,"British TV Shows, International TV Shows, TV Action & Adventure"
s2798,TV Show,,Not Given,France,2020-03-20,2020,TV-MA,1 Season,"International TV Shows, TV Dramas, TV Horror"
s2803,TV Show,,Not Given,Sweden,2020-03-18,2020,TV-MA,1 Season,"International TV Shows, TV Dramas"
s2805,TV Show,,Not Given,Netherlands,2020-03-18,2019,TV-MA,1 Season,"Crime TV Shows, International TV Shows, TV Dramas"
s2808,TV Show,,Not Given,United Kingdom,2020-03-17,2020,TV-Y7,1 Season,"British TV Shows, Kids' TV, TV Comedies"
s2809,TV Show,,Not Given,United States,2020-03-17,2018,TV-MA,1 Season,Docuseries
s2817,TV Show,,Not Given,United States,2020-03-13,2020,TV-14,1 Season,"Docuseries, Science & Nature TV"
s2819,TV Show,,Not Given,Norway,2020-03-13,2020,TV-MA,1 Season,"International TV Shows, TV Horror, TV Mysteries"
s2825,TV Show,,Not Given,Iceland,2020-03-13,2020,TV-MA,1 Season,"Crime TV Shows, International TV Shows, TV Dramas"
s2826,TV Show,,Not Given,United States,2020-03-11,2020,TV-MA,2 Seasons,"Crime TV Shows, Docuseries"
s2827,TV Show,,Not Given,United States,2020-03-11,2020,TV-14,3 Seasons,"Romantic TV Shows, TV Comedies, TV Dramas"
s2828,TV Show,,Not Given,Brazil,2020-03-11,2020,TV-MA,1 Season,"International TV Shows, Reality TV"
s2839,TV Show,,Not Given,United States,2020-03-06,2020,TV-MA,2 Seasons,Docuseries
s2842,TV Show,,Not Given,India,2020-03-05,2020,TV-Y,1 Season,"Kids' TV, TV Comedies"
s2855,TV Show,,Not Given,Japan,2020-03-01,2014,TV-14,1 Season,"Anime Series, Crime TV Shows, International TV Shows"
s2856,TV Show,,Not Given,Germany,2020-03-01,2020,TV-MA,3 Seasons,"Crime TV Shows, International TV Shows, TV Dramas"
s2869,TV Show,,Not Given,Colombia,2020-02-28,2019,TV-14,2 Seasons,"International TV Shows, Spanish-Language TV Shows, TV Comedies"
s2870,Movie,,Not Given,India,2020-02-28,2019,TV-14,72 min,Stand-Up Comedy
s2871,TV Show,,Not Given,South Africa,2020-02-28,2020,TV-MA,1 Season,"International TV Shows, TV Action & Adventure, TV Dramas"
s2872,TV Show,,Not Given,Spain,2020-02-28,2019,TV-MA,1 Season,"Crime TV Shows, International TV Shows, Spanish-Language TV Shows"
s2873,TV Show,,Not Given,Mexico,2020-02-28,2020,TV-MA,1 Season,"International TV Shows, Spanish-Language TV Shows, TV Dramas"
s2875,TV Show,,Not Given,United States,2020-02-27,2020,TV-MA,2 Seasons,"Crime TV Shows, TV Action & Adventure, TV Dramas"
s2876,TV Show,,Not Given,Japan,2020-02-27,2020,TV-MA,1 Season,"International TV Shows, TV Dramas"
s2881,TV Show,,Not Given,United States,2020-02-26,2020,TV-MA,1 Season,"TV Comedies, TV Dramas, TV Sci-Fi & Fantasy"
s2884,TV Show,,Not Given,United States,2020-02-26,2020,TV-MA,1 Season,"Crime TV Shows, Docuseries"
s2889,TV Show,,Not Given,South Korea,2020-02-23,2020,TV-14,1 Season,"International TV Shows, Korean TV Shows, Romantic TV Shows"
s2892,TV Show,,Not Given,United States,2020-02-21,2020,TV-MA,1 Season,"TV Comedies, TV Dramas"
s2893,TV Show,,Not Given,South Korea,2020-02-21,2020,TV-MA,1 Season,"International TV Shows, Korean TV Shows, Romantic TV Shows"
s2895,TV Show,,Not Given,Argentina,2020-02-21,2020,TV-MA,1 Season,"Crime TV Shows, International TV Shows, Spanish-Language TV Shows"
s2901,TV Show,,Not Given,Brazil,2020-02-20,2020,TV-MA,1 Season,"International TV Shows, TV Horror, TV Mysteries"
s2903,TV Show,,Not Given,United States,2020-02-17,2008,TV-PG,1 Season,"Kids' TV, TV Action & Adventure, TV Comedies"
s2911,TV Show,,Not Given,Cyprus,2020-02-15,2017,TV-Y,1 Season,"Kids' TV, TV Comedies"
s3014,TV Show,,Not Given,United States,2020-01-17,2019,TV-PG,2 Seasons,Reality TV
s2918,TV Show,,Not Given,India,2020-02-14,2020,TV-MA,1 Season,"International TV Shows, Romantic TV Shows, TV Comedies"
s2921,TV Show,,Not Given,United States,2020-02-13,2021,TV-MA,1 Season,"Reality TV, Romantic TV Shows"
s2922,TV Show,,Not Given,Mexico,2020-02-13,2020,TV-MA,2 Seasons,"Crime TV Shows, TV Action & Adventure, TV Dramas"
s2927,TV Show,,Not Given,United States,2020-02-12,2018,TV-Y,2 Seasons,"Kids' TV, TV Comedies"
s2928,Movie,,Not Given,United States,2020-02-11,2020,TV-Y7,81 min,"Children & Family Movies, Comedies"
s2932,TV Show,,Not Given,United States,2020-02-09,2018,TV-MA,4 Seasons,"Crime TV Shows, TV Comedies, TV Dramas"
s2938,TV Show,,Not Given,United States,2020-02-07,2020,TV-Y,2 Seasons,"Kids' TV, TV Comedies"
s2939,TV Show,,Not Given,Nigeria,2020-02-07,2018,TV-14,2 Seasons,"International TV Shows, Romantic TV Shows, TV Dramas"
s2942,TV Show,,Not Given,Canada,2020-02-07,2020,TV-14,1 Season,"TV Action & Adventure, TV Dramas, TV Mysteries"
s2946,TV Show,,Not Given,Japan,2020-02-06,2020,TV-MA,1 Season,"Anime Series, International TV Shows"
s2954,TV Show,,Not Given,United States,2020-02-03,2020,TV-PG,3 Seasons,"Kids' TV, TV Comedies"
s2959,TV Show,,Not Given,Japan,2020-02-01,2015,TV-MA,1 Season,"Anime Series, International TV Shows"
s2960,TV Show,,Not Given,South Korea,2020-02-01,2020,TV-MA,1 Season,"International TV Shows, Korean TV Shows, TV Dramas"
s2965,Movie,,Not Given,United Kingdom,2020-02-01,2020,TV-PG,59 min,Movies
s2966,TV Show,,Not Given,Japan,2020-02-01,2014,TV-MA,1 Season,"Anime Series, International TV Shows"
s2967,TV Show,,Not Given,Japan,2020-02-01,2018,TV-14,1 Season,"Anime Series, International TV Shows"
s2968,TV Show,,Not Given,United States,2020-02-01,2014,TV-Y,1 Season,Kids' TV
s2923,TV Show,,Not Given,Pakistan,2020-02-13,2019,TV-14,1 Season,"International TV Shows, Reality TV, Spanish-Language TV Shows"
s2972,TV Show,,Not Given,Mexico,2020-01-31,2020,TV-MA,2 Seasons,"International TV Shows, Spanish-Language TV Shows, TV Action & Adventure"
s2975,TV Show,,Not Given,Italy,2020-01-31,2020,TV-MA,1 Season,"International TV Shows, Romantic TV Shows, TV Dramas"
s2977,TV Show,,Not Given,Spain,2020-01-31,2020,TV-MA,2 Seasons,"Crime TV Shows, International TV Shows, Spanish-Language TV Shows"
s2978,TV Show,,Not Given,Japan,2020-01-30,2019,TV-14,1 Season,"International TV Shows, Reality TV, Romantic TV Shows"
s2980,TV Show,,Not Given,United Kingdom,2020-01-30,2020,TV-MA,1 Season,"British TV Shows, Crime TV Shows, International TV Shows"
s2981,TV Show,,Not Given,United States,2020-01-30,2020,TV-14,1 Season,"International TV Shows, Reality TV, Romantic TV Shows"
s2984,TV Show,,Not Given,United Kingdom,2020-01-29,2020,TV-PG,1 Season,"Docuseries, Science & Nature TV"
s2985,TV Show,,Not Given,Brazil,2020-01-29,2020,TV-MA,1 Season,"International TV Shows, TV Dramas, TV Sci-Fi & Fantasy"
s2993,TV Show,,Not Given,Nigeria,2020-01-24,2017,TV-14,2 Seasons,"International TV Shows, TV Dramas"
s2994,TV Show,,Not Given,United States,2020-01-24,2020,TV-MA,1 Season,Reality TV
s2995,TV Show,,Not Given,United States,2020-01-24,2020,TV-MA,8 Seasons,"TV Comedies, TV Dramas"
s2998,TV Show,,Not Given,United States,2020-01-23,2020,TV-MA,1 Season,"TV Action & Adventure, TV Dramas, TV Horror"
s2999,TV Show,,Not Given,Japan,2020-01-23,2020,TV-14,2 Seasons,"Anime Series, International TV Shows"
s3001,TV Show,,Not Given,United States,2020-01-22,2020,TV-14,1 Season,"Docuseries, Science & Nature TV"
s3002,TV Show,,Not Given,United States,2020-01-22,2019,TV-MA,1 Season,"International TV Shows, Romantic TV Shows, Spanish-Language TV Shows"
s3006,TV Show,,Not Given,United States,2020-01-20,2011,TV-PG,1 Season,"Kids' TV, TV Action & Adventure, TV Sci-Fi & Fantasy"
s3011,TV Show,,Not Given,Netherlands,2020-01-17,2020,TV-MA,1 Season,"International TV Shows, TV Dramas, TV Horror"
s3016,TV Show,,Not Given,China,2020-01-16,2020,TV-14,1 Season,"International TV Shows, TV Dramas, TV Sci-Fi & Fantasy"
s3021,TV Show,,Not Given,Japan,2020-01-16,2008,TV-14,1 Season,"Anime Series, International TV Shows"
s3025,TV Show,,Not Given,United States,2020-01-15,2020,TV-MA,1 Season,"Crime TV Shows, Docuseries"
s3029,TV Show,,Not Given,France,2020-01-14,2018,TV-Y,1 Season,Kids' TV
s3034,TV Show,,Not Given,United States,2020-01-10,2020,TV-14,1 Season,"TV Comedies, TV Dramas"
s3035,TV Show,,Not Given,United Kingdom,2020-01-10,2019,TV-MA,1 Season,"British TV Shows, Crime TV Shows, International TV Shows"
s3036,TV Show,,Not Given,United States,2020-01-10,2020,TV-Y7,4 Seasons,"Kids' TV, TV Comedies"
s3038,TV Show,,Not Given,United States,2020-01-10,2020,TV-MA,1 Season,"Crime TV Shows, TV Action & Adventure, TV Comedies"
s3040,TV Show,,Not Given,Australia,2020-01-10,2020,TV-Y,2 Seasons,"Kids' TV, TV Comedies"
s3041,TV Show,,Not Given,France,2020-01-10,2020,TV-MA,1 Season,"International TV Shows, Reality TV, TV Comedies"
s3046,TV Show,,Not Given,United Kingdom,2020-01-04,2020,TV-14,1 Season,"British TV Shows, International TV Shows, TV Dramas"
s3048,TV Show,,Not Given,Canada,2020-01-03,2019,TV-PG,3 Seasons,"International TV Shows, TV Dramas, Teen TV Shows"
s3050,TV Show,,Not Given,United States,2020-01-02,2020,TV-MA,1 Season,"Docuseries, Science & Nature TV"
s3051,TV Show,,Not Given,Belgium,2020-01-02,2019,TV-MA,1 Season,"International TV Shows, TV Action & Adventure, TV Dramas"
s3053,TV Show,,Not Given,South Korea,2020-01-01,2017,TV-14,1 Season,"International TV Shows, Korean TV Shows, Romantic TV Shows"
s3054,TV Show,,Not Given,Canada,2020-01-01,2018,TV-14,1 Season,"Crime TV Shows, International TV Shows, Reality TV"
s3056,TV Show,,Not Given,Japan,2020-01-01,2018,TV-PG,1 Season,"Anime Series, Teen TV Shows"
s3031,TV Show,,Not Given,Pakistan,2020-01-13,2020,TV-G,1 Season,"Kids' TV, TV Comedies, TV Dramas"
s3064,TV Show,,Not Given,South Korea,2020-01-01,2017,TV-MA,1 Season,"International TV Shows, Korean TV Shows, Romantic TV Shows"
s3066,TV Show,,Not Given,United States,2020-01-01,2020,TV-MA,1 Season,"TV Dramas, TV Thrillers"
s3067,TV Show,,Not Given,Netherlands,2020-01-01,2017,TV-Y7,2 Seasons,Kids' TV
s3072,TV Show,,Not Given,South Korea,2020-01-01,2015,TV-14,1 Season,"International TV Shows, Korean TV Shows, Romantic TV Shows"
s3075,TV Show,,Not Given,South Korea,2020-01-01,2017,TV-MA,1 Season,"International TV Shows, Korean TV Shows, TV Dramas"
s3076,TV Show,,Not Given,United States,2020-01-01,2020,TV-MA,1 Season,TV Dramas
s3077,TV Show,,Not Given,South Korea,2020-01-01,2017,TV-14,1 Season,"International TV Shows, Korean TV Shows, Romantic TV Shows"
s3080,TV Show,,Not Given,Japan,2019-12-31,2019,TV-PG,1 Season,"Docuseries, International TV Shows"
s3083,TV Show,,Not Given,Norway,2019-12-31,2019,TV-MA,3 Seasons,"International TV Shows, TV Dramas, TV Thrillers"
s3085,TV Show,,Not Given,South Korea,2019-12-31,2016,TV-Y,1 Season,Kids' TV
s3086,TV Show,,Not Given,South Korea,2019-12-31,2018,TV-Y7,2 Seasons,"Kids' TV, Korean TV Shows"
s3088,TV Show,,Not Given,China,2019-12-31,2019,TV-14,1 Season,"International TV Shows, TV Dramas"
s3089,TV Show,,Not Given,Japan,2019-12-30,2019,TV-14,1 Season,"Anime Series, International TV Shows"
s3093,TV Show,,Not Given,United States,2019-12-27,2019,TV-MA,1 Season,Docuseries
s3096,TV Show,,Not Given,France,2019-12-26,2019,TV-MA,1 Season,"International TV Shows, TV Dramas"
s3104,TV Show,,Not Given,Japan,2019-12-24,2019,TV-MA,2 Seasons,"Anime Series, International TV Shows, Teen TV Shows"
s3107,TV Show,,Not Given,United States,2019-12-24,2019,TV-PG,2 Seasons,"TV Action & Adventure, TV Dramas, TV Sci-Fi & Fantasy"
s3109,TV Show,,Not Given,United States,2019-12-22,2012,TV-14,6 Seasons,"TV Comedies, TV Dramas"
s3112,TV Show,,Not Given,Mauritius,2019-12-20,2019,TV-MA,1 Season,"International TV Shows, TV Dramas"
s3118,TV Show,,Not Given,United States,2019-12-20,2019,TV-MA,1 Season,"International TV Shows, TV Action & Adventure, TV Dramas"
s3120,TV Show,,Not Given,France,2019-12-19,2019,TV-MA,1 Season,"International TV Shows, Romantic TV Shows, TV Dramas"
s3121,TV Show,,Not Given,Poland,2019-12-19,2019,TV-MA,2 Seasons,"Crime TV Shows, International TV Shows, TV Dramas"
s3123,TV Show,,Not Given,United States,2019-12-18,2019,TV-MA,1 Season,"Romantic TV Shows, TV Dramas"
s3128,TV Show,,Not Given,South Korea,2019-12-15,2016,TV-PG,1 Season,"International TV Shows, Korean TV Shows, Romantic TV Shows"
s3129,TV Show,,Not Given,United States,2019-12-15,2015,TV-Y,2 Seasons,"Kids' TV, Korean TV Shows"
s3130,TV Show,,Not Given,South Korea,2019-12-15,2019,TV-14,1 Season,"International TV Shows, Korean TV Shows, Romantic TV Shows"
s3147,TV Show,,Not Given,United States,2019-12-15,2012,TV-Y7,2 Seasons,"Kids' TV, TV Comedies"
s3149,TV Show,,Not Given,United States,2019-12-15,2005,TV-Y7,3 Seasons,"Kids' TV, TV Comedies"
s3166,TV Show,,Not Given,United States,2019-12-06,2019,TV-MA,1 Season,TV Comedies
s3169,TV Show,,Not Given,United States,2019-12-06,2020,TV-PG,5 Seasons,TV Comedies
s3173,Movie,,Not Given,United States,2019-12-06,2019,TV-Y7,46 min,Children & Family Movies
s3174,TV Show,,Not Given,Japan,2019-12-06,2019,TV-PG,1 Season,"Anime Series, International TV Shows, Romantic TV Shows"
s3177,TV Show,,Not Given,Spain,2019-12-06,2019,TV-MA,1 Season,"International TV Shows, Spanish-Language TV Shows, TV Dramas"
s3182,Movie,,Not Given,United States,2019-12-05,2019,TV-MA,24 min,Documentaries
s3178,TV Show,,Not Given,Pakistan,2019-12-06,2019,TV-MA,1 Season,"Crime TV Shows, International TV Shows, Romantic TV Shows"
s3183,TV Show,,Not Given,United States,2019-12-05,2019,TV-MA,1 Season,"TV Action & Adventure, TV Dramas, TV Horror"
s3184,TV Show,,Not Given,United States,2019-12-04,2019,TV-MA,2 Seasons,TV Comedies
s3185,TV Show,,Not Given,China,2019-12-04,2019,TV-PG,1 Season,"International TV Shows, TV Dramas, Teen TV Shows"
s3186,TV Show,,Not Given,Colombia,2019-12-04,2019,TV-14,1 Season,"International TV Shows, Romantic TV Shows, Spanish-Language TV Shows"
s3188,TV Show,,Not Given,United States,2019-12-02,2018,TV-MA,1 Season,"TV Horror, TV Mysteries, TV Sci-Fi & Fantasy"
s3193,TV Show,,Not Given,United States,2019-12-01,2018,TV-MA,4 Seasons,"TV Comedies, TV Dramas"
s3197,Movie,,Not Given,India,2019-12-01,2016,TV-PG,111 min,"Dramas, International Movies, Romantic Movies"
s3205,TV Show,,Not Given,South Korea,2019-11-30,2019,TV-14,1 Season,"International TV Shows, Korean TV Shows, Romantic TV Shows"
s3209,TV Show,,Not Given,United Kingdom,2019-11-29,2019,TV-Y,2 Seasons,Kids' TV
s3213,TV Show,,Not Given,Mexico,2019-11-29,2019,TV-MA,2 Seasons,"Crime TV Shows, International TV Shows, Spanish-Language TV Shows"
s3220,TV Show,,Not Given,Japan,2019-11-28,2019,TV-14,1 Season,"Anime Series, International TV Shows"
s3221,TV Show,,Not Given,Brazil,2019-11-28,2019,TV-MA,1 Season,"International TV Shows, Stand-Up Comedy & Talk Shows, TV Comedies"
s3222,TV Show,,Not Given,United States,2019-11-28,2019,TV-PG,1 Season,TV Comedies
s3223,TV Show,,Not Given,France,2019-11-28,2019,TV-MA,1 Season,"International TV Shows, TV Comedies, TV Dramas"
s3231,TV Show,,Not Given,Poland,2019-11-26,2015,TV-MA,2 Seasons,"Crime TV Shows, International TV Shows, TV Dramas"
s3237,TV Show,,Not Given,China,2019-11-23,2019,TV-14,1 Season,"International TV Shows, TV Comedies, TV Sci-Fi & Fantasy"
s3239,TV Show,,Not Given,United States,2019-11-22,2019,TV-14,1 Season,TV Dramas
s3241,Movie,,Not Given,United States,2019-11-22,2008,TV-MA,56 min,Stand-Up Comedy
s3242,TV Show,,Not Given,United States,2019-11-22,2019,TV-PG,2 Seasons,Reality TV
s3243,TV Show,,Not Given,United States,2019-11-22,2019,TV-MA,1 Season,"Crime TV Shows, Docuseries"
s3244,TV Show,,Not Given,Brazil,2019-11-22,2019,TV-MA,1 Season,"International TV Shows, TV Comedies, TV Dramas"
s3246,TV Show,,Not Given,Singapore,2019-11-22,2019,TV-MA,1 Season,"International TV Shows, Reality TV"
s3247,TV Show,,Not Given,United States,2019-11-22,2019,TV-Y7,3 Seasons,"Kids' TV, TV Action & Adventure, TV Sci-Fi & Fantasy"
s3248,TV Show,,Not Given,United States,2019-11-22,2019,TV-Y7,8 Seasons,"Kids' TV, TV Comedies"
s3250,TV Show,,Not Given,Thailand,2019-11-20,2019,TV-MA,1 Season,"International TV Shows, TV Comedies, TV Dramas"
s3253,TV Show,,Not Given,Germany,2019-11-20,2019,TV-MA,1 Season,"International TV Shows, TV Dramas"
s3256,TV Show,,Not Given,France,2019-11-20,2019,TV-MA,1 Season,"Crime TV Shows, Docuseries, International TV Shows"
s3259,TV Show,,Not Given,Taiwan,2019-11-17,2019,TV-MA,1 Season,"International TV Shows, TV Dramas, Teen TV Shows"
s3264,TV Show,,Not Given,Taiwan,2019-11-15,2003,TV-14,1 Season,"International TV Shows, Romantic TV Shows"
s3270,TV Show,,Not Given,United States,2019-11-15,2019,TV-MA,1 Season,Reality TV
s3271,TV Show,,Not Given,South Korea,2019-11-15,2013,TV-14,1 Season,"International TV Shows, Korean TV Shows, Romantic TV Shows"
s3272,TV Show,,Not Given,Japan,2019-11-15,2010,TV-PG,2 Seasons,"Anime Series, Teen TV Shows"
s3258,TV Show,,Not Given,Pakistan,2019-11-19,2019,TV-14,1 Season,"International TV Shows, Romantic TV Shows, TV Comedies"
s3275,TV Show,,Not Given,Taiwan,2019-11-15,2004,TV-MA,1 Season,"International TV Shows, Romantic TV Shows"
s3276,TV Show,,Not Given,United States,2019-11-15,2019,TV-Y,2 Seasons,Kids' TV
s3277,TV Show,,Not Given,Taiwan,2019-11-15,2002,TV-PG,1 Season,"International TV Shows, Romantic TV Shows, TV Dramas"
s3278,TV Show,,Not Given,South Korea,2019-11-15,2017,TV-14,1 Season,"International TV Shows, Korean TV Shows, Romantic TV Shows"
s3280,TV Show,,Not Given,Mexico,2019-11-15,2019,TV-MA,1 Season,"Crime TV Shows, International TV Shows, Spanish-Language TV Shows"
s3282,TV Show,,Not Given,Thailand,2019-11-15,2019,TV-MA,1 Season,"International TV Shows, TV Action & Adventure, TV Dramas"
s3283,TV Show,,Not Given,United States,2019-11-15,2019,TV-14,3 Seasons,"Docuseries, Reality TV"
s3284,TV Show,,Not Given,Turkey,2019-11-15,2019,TV-MA,2 Seasons,"Crime TV Shows, International TV Shows, TV Dramas"
s3287,TV Show,,Not Given,Thailand,2019-11-14,2019,TV-14,1 Season,"International TV Shows, Romantic TV Shows, TV Comedies"
s3288,TV Show,,Not Given,Argentina,2019-11-13,2020,TV-MA,1 Season,"Docuseries, Spanish-Language TV Shows"
s3289,TV Show,,Not Given,South Korea,2019-11-12,2019,TV-14,2 Seasons,"International TV Shows, Korean TV Shows, TV Dramas"
s3292,TV Show,,Not Given,China,2019-11-11,2019,TV-14,1 Season,"International TV Shows, Romantic TV Shows, Teen TV Shows"
s3294,TV Show,,Not Given,India,2019-11-09,2019,TV-MA,3 Seasons,"International TV Shows, Romantic TV Shows, TV Comedies"
s3295,TV Show,,Not Given,United Kingdom,2019-11-08,2019,TV-14,1 Season,"British TV Shows, Docuseries, International TV Shows"
s3296,TV Show,,Not Given,United Kingdom,2019-11-08,2019,TV-Y7,1 Season,"Kids' TV, TV Action & Adventure, TV Comedies"
s3299,TV Show,,Not Given,Colombia,2019-11-08,2019,TV-MA,2 Seasons,"Crime TV Shows, International TV Shows, Spanish-Language TV Shows"
s3302,TV Show,,Not Given,Japan,2019-11-06,2019,TV-14,1 Season,"Crime TV Shows, International TV Shows, TV Dramas"
s3305,TV Show,,Not Given,United States,2019-11-05,2014,TV-PG,2 Seasons,"Kids' TV, TV Comedies"
s3307,TV Show,,Not Given,United Kingdom,2019-11-05,2019,TV-MA,2 Seasons,"British TV Shows, International TV Shows, TV Comedies"
s3311,TV Show,,Not Given,United Kingdom,2019-11-04,2016,TV-PG,3 Seasons,"British TV Shows, International TV Shows, TV Comedies"
s3314,TV Show,,Not Given,United States,2019-11-04,2019,TV-MA,1 Season,"Crime TV Shows, Docuseries"
s3315,Movie,,Not Given,United States,2019-11-02,2014,TV-Y,44 min,Movies
s3317,TV Show,,Not Given,United States,2019-11-02,2015,TV-G,1 Season,"Kids' TV, TV Comedies"
s3326,TV Show,,Not Given,United States,2019-11-02,2013,TV-G,3 Seasons,"Kids' TV, TV Comedies"
s3328,TV Show,,Not Given,United States,2019-11-01,2015,TV-PG,1 Season,"Docuseries, International TV Shows, Science & Nature TV"
s3329,TV Show,,Not Given,France,2019-11-01,2018,TV-MA,1 Season,"Crime TV Shows, International TV Shows, TV Dramas"
s3331,TV Show,,Not Given,United States,2019-11-01,2016,TV-14,4 Seasons,"International TV Shows, Reality TV, TV Comedies"
s3334,TV Show,,Not Given,Japan,2019-11-01,2008,TV-PG,2 Seasons,"Anime Series, Teen TV Shows"
s3337,TV Show,,Not Given,Japan,2019-11-01,2015,TV-14,2 Seasons,"Anime Series, International TV Shows, Teen TV Shows"
s3340,TV Show,,Not Given,Japan,2019-11-01,2014,TV-PG,2 Seasons,"Anime Series, Romantic TV Shows, Teen TV Shows"
s3341,TV Show,,Not Given,Japan,2019-11-01,2010,TV-14,1 Season,"Anime Series, Romantic TV Shows"
s3342,TV Show,,Not Given,Japan,2019-11-01,2016,TV-14,2 Seasons,"Anime Series, International TV Shows"
s3343,TV Show,,Not Given,United States,2019-11-01,2019,TV-14,1 Season,"International TV Shows, Reality TV"
s3345,TV Show,,Not Given,United States,2019-11-01,2019,TV-MA,2 Seasons,Reality TV
s3346,TV Show,,Not Given,Canada,2019-11-01,2019,TV-Y7,3 Seasons,Kids' TV
s3353,TV Show,,Not Given,Germany,2019-11-01,2019,TV-MA,1 Season,"International TV Shows, TV Dramas, TV Mysteries"
s3356,TV Show,,Not Given,United States,2019-10-31,2019,TV-MA,2 Seasons,"Anime Series, International TV Shows"
s3361,TV Show,,Not Given,South Korea,2019-10-30,2017,TV-14,1 Season,"International TV Shows, Korean TV Shows, Romantic TV Shows"
s3364,TV Show,,Not Given,United States,2019-10-29,2018,TV-MA,1 Season,"Docuseries, Stand-Up Comedy & Talk Shows"
s3365,Movie,,Not Given,United States,2019-10-29,2019,TV-14,14 min,"Documentaries, International Movies"
s3368,TV Show,,Not Given,China,2019-10-27,2019,TV-PG,1 Season,"International TV Shows, Romantic TV Shows, Teen TV Shows"
s3369,TV Show,,Not Given,China,2019-10-26,2019,TV-G,1 Season,"International TV Shows, Romantic TV Shows, Teen TV Shows"
s3370,TV Show,,Not Given,United States,2019-10-25,2020,TV-MA,6 Seasons,TV Comedies
s3371,TV Show,,Not Given,Brazil,2019-10-25,2019,TV-MA,1 Season,"Crime TV Shows, International TV Shows, TV Dramas"
s3374,TV Show,,Not Given,Spain,2019-10-25,2019,TV-MA,1 Season,"Crime TV Shows, International TV Shows, Spanish-Language TV Shows"
s3376,TV Show,,Not Given,Argentina,2019-10-25,2018,TV-MA,1 Season,"Crime TV Shows, International TV Shows, Spanish-Language TV Shows"
s3378,TV Show,,Not Given,France,2019-10-25,2019,TV-14,1 Season,"International TV Shows, Reality TV"
s3379,TV Show,,Not Given,Spain,2019-10-25,2019,TV-PG,1 Season,"International TV Shows, Reality TV, Spanish-Language TV Shows"
s3382,TV Show,,Not Given,China,2019-10-25,2019,TV-14,1 Season,"International TV Shows, TV Action & Adventure, TV Mysteries"
s3383,TV Show,,Not Given,United States,2019-10-24,2019,TV-MA,1 Season,"TV Action & Adventure, TV Comedies, TV Horror"
s3386,TV Show,,Not Given,United States,2019-10-23,2019,TV-MA,1 Season,Docuseries
s3401,TV Show,,Not Given,United Kingdom,2019-10-18,2019,TV-PG,1 Season,"British TV Shows, International TV Shows, Reality TV"
s3402,TV Show,,Not Given,United Kingdom,2019-10-18,2019,TV-Y,2 Seasons,"British TV Shows, Kids' TV"
s3404,TV Show,,Not Given,India,2019-10-18,2019,TV-Y,1 Season,"Kids' TV, TV Comedies"
s3407,TV Show,,Not Given,United States,2019-10-18,2019,TV-Y7,2 Seasons,Kids' TV
s3411,TV Show,,Not Given,Netherlands,2019-10-18,2017,TV-MA,2 Seasons,"International TV Shows, TV Comedies"
s3415,TV Show,,Not Given,China,2019-10-17,2019,TV-14,2 Seasons,"Crime TV Shows, International TV Shows, TV Action & Adventure"
s3416,TV Show,,Not Given,Australia,2019-10-17,2019,TV-PG,1 Season,"Kids' TV, TV Thrillers"
s3417,TV Show,,Not Given,South Korea,2019-10-16,2016,TV-MA,1 Season,"International TV Shows, Korean TV Shows, Romantic TV Shows"
s3421,TV Show,,Not Given,South Korea,2019-10-16,2015,TV-14,1 Season,"International TV Shows, Korean TV Shows, Romantic TV Shows"
s3427,TV Show,,Not Given,South Korea,2019-10-13,2019,TV-14,1 Season,"Crime TV Shows, International TV Shows, Korean TV Shows"
s3431,TV Show,,Not Given,United States,2019-10-11,2019,TV-MA,2 Seasons,"TV Comedies, TV Dramas, Teen TV Shows"
s3434,TV Show,,Not Given,France,2019-10-11,2020,TV-MA,2 Seasons,"International TV Shows, Romantic TV Shows, TV Comedies"
s3438,TV Show,,Not Given,Japan,2019-10-10,2019,TV-14,1 Season,"Anime Series, International TV Shows"
s3441,TV Show,,Not Given,United States,2019-10-09,2019,TV-MA,1 Season,Reality TV
s3443,Movie,,Not Given,United States,2019-10-08,2019,TV-Y7,46 min,"Children & Family Movies, Comedies"
s3445,TV Show,,Not Given,Mexico,2019-10-05,2019,TV-Y7,1 Season,"Kids' TV, Spanish-Language TV Shows"
s3446,TV Show,,Not Given,South Korea,2019-10-05,2019,TV-14,1 Season,"International TV Shows, Korean TV Shows, TV Action & Adventure"
s3448,Movie,,Not Given,United Kingdom,2019-10-04,2016,TV-14,100 min,Documentaries
s3405,TV Show,,Not Given,Pakistan,2019-10-18,2017,TV-Y7,1 Season,"Kids' TV, Korean TV Shows"
s3450,TV Show,,Not Given,United Kingdom,2019-10-04,2019,TV-PG,2 Seasons,"British TV Shows, Kids' TV, TV Thrillers"
s3453,TV Show,,Not Given,United Kingdom,2019-10-04,2019,TV-MA,5 Seasons,"British TV Shows, Crime TV Shows, International TV Shows"
s3454,TV Show,,Not Given,United States,2019-10-04,2019,TV-PG,1 Season,"Kids' TV, TV Action & Adventure, TV Dramas"
s3455,TV Show,,Not Given,United States,2019-10-04,2019,TV-MA,2 Seasons,"Docuseries, Science & Nature TV"
s3458,TV Show,,Not Given,United States,2019-10-03,2019,TV-MA,1 Season,"Anime Series, Crime TV Shows"
s3459,TV Show,,Not Given,United States,2019-10-02,2019,TV-MA,1 Season,Docuseries
s3463,TV Show,,Not Given,South Korea,2019-10-01,2017,TV-14,1 Season,"International TV Shows, Korean TV Shows, Romantic TV Shows"
s3464,TV Show,,Not Given,India,2019-10-01,2018,TV-MA,1 Season,"International TV Shows, Romantic TV Shows, TV Comedies"
s3465,TV Show,,Not Given,India,2019-10-01,2018,TV-MA,1 Season,"International TV Shows, TV Comedies"
s3467,TV Show,,Not Given,India,2019-10-01,2018,TV-MA,1 Season,"International TV Shows, TV Comedies, TV Dramas"
s3468,TV Show,,Not Given,India,2019-10-01,2017,TV-MA,1 Season,"International TV Shows, TV Comedies"
s3471,TV Show,,Not Given,South Korea,2019-10-01,2018,TV-Y7,1 Season,"Kids' TV, Korean TV Shows"
s3474,TV Show,,Not Given,South Korea,2019-10-01,2016,TV-14,1 Season,"International TV Shows, Korean TV Shows, Romantic TV Shows"
s3475,TV Show,,Not Given,South Korea,2019-10-01,2017,TV-PG,1 Season,"International TV Shows, Korean TV Shows, Romantic TV Shows"
s3482,TV Show,,Not Given,India,2019-09-27,2019,TV-MA,1 Season,"International TV Shows, TV Action & Adventure, TV Dramas"
s3484,TV Show,,Not Given,Argentina,2019-09-27,2019,TV-MA,3 Seasons,"Crime TV Shows, International TV Shows, Spanish-Language TV Shows"
s3489,TV Show,,Not Given,Mexico,2019-09-26,2018,TV-MA,1 Season,"Crime TV Shows, International TV Shows, Spanish-Language TV Shows"
s3490,TV Show,,Not Given,United States,2019-09-25,2019,TV-14,2 Seasons,Docuseries
s3492,TV Show,,Not Given,Australia,2019-09-25,2019,TV-MA,3 Seasons,"International TV Shows, TV Dramas, TV Horror"
s3500,TV Show,,Not Given,South Korea,2019-09-21,2019,TV-MA,1 Season,"International TV Shows, Korean TV Shows, TV Action & Adventure"
s3503,TV Show,,Not Given,Germany,2019-09-20,2019,TV-MA,1 Season,"British TV Shows, Crime TV Shows, International TV Shows"
s3505,TV Show,,Not Given,United States,2019-09-20,2019,TV-MA,2 Seasons,Reality TV
s3506,TV Show,,Not Given,United States,2019-09-20,2019,TV-14,1 Season,"Docuseries, Science & Nature TV"
s3516,TV Show,,Not Given,United States,2019-09-15,2019,TV-MA,1 Season,"Crime TV Shows, Docuseries"
s3520,TV Show,,Not Given,Japan,2019-09-13,2019,TV-MA,1 Season,"Anime Series, International TV Shows, TV Horror"
s3522,TV Show,,Not Given,France,2019-09-13,2019,TV-MA,1 Season,"International TV Shows, TV Dramas, TV Horror"
s3526,TV Show,,Not Given,United States,2019-09-13,2019,TV-MA,1 Season,"Crime TV Shows, TV Dramas"
s3527,TV Show,,Not Given,United States,2019-09-12,2019,TV-MA,1 Season,"TV Action & Adventure, TV Dramas, TV Sci-Fi & Fantasy"
s3528,TV Show,,Not Given,United States,2019-09-12,2019,TV-14,1 Season,"Docuseries, Science & Nature TV"
s3535,TV Show,,Not Given,France,2019-09-06,2019,TV-MA,1 Season,"International TV Shows, TV Dramas, TV Thrillers"
s3536,Movie,,Not Given,United States,2019-09-05,2019,TV-G,10 min,Documentaries
s3541,TV Show,,Not Given,United States,2019-09-01,2018,TV-G,3 Seasons,"Docuseries, Science & Nature TV"
s3544,TV Show,,Not Given,United Kingdom,2019-09-01,2018,TV-14,1 Season,"British TV Shows, Crime TV Shows, Docuseries"
s3547,TV Show,,Not Given,China,2019-08-31,2018,TV-Y,1 Season,"British TV Shows, Kids' TV"
s3502,TV Show,,Not Given,Pakistan,2019-09-20,2019,TV-MA,1 Season,"Crime TV Shows, International TV Shows, TV Dramas"
s3552,TV Show,,Not Given,United Kingdom,2019-08-30,2019,TV-PG,1 Season,"TV Action & Adventure, TV Dramas, TV Sci-Fi & Fantasy"
s3553,TV Show,,Not Given,Colombia,2019-08-30,2018,TV-MA,1 Season,"Crime TV Shows, International TV Shows, Spanish-Language TV Shows"
s3559,TV Show,,Not Given,United Kingdom,2019-08-27,2019,TV-MA,2 Seasons,"British TV Shows, International TV Shows, Reality TV"
s3562,TV Show,,Not Given,United States,2019-08-23,2019,TV-MA,3 Seasons,"Crime TV Shows, Docuseries"
s3576,TV Show,,Not Given,Spain,2019-08-16,2019,TV-MA,1 Season,"International TV Shows, Romantic TV Shows, Spanish-Language TV Shows"
s3577,TV Show,,Not Given,Argentina,2019-08-16,2019,TV-MA,1 Season,"Crime TV Shows, International TV Shows, Spanish-Language TV Shows"
s3578,TV Show,,Not Given,Russia,2019-08-16,2019,TV-MA,1 Season,"Crime TV Shows, International TV Shows, TV Dramas"
s3579,TV Show,,Not Given,United States,2019-08-16,2019,TV-14,1 Season,"Docuseries, Science & Nature TV"
s3580,TV Show,,Not Given,Colombia,2019-08-16,2019,TV-MA,1 Season,"Crime TV Shows, International TV Shows, Spanish-Language TV Shows"
s3581,Movie,,Not Given,South Korea,2019-08-16,2019,TV-Y7,72 min,"Children & Family Movies, Comedies, Sci-Fi & Fantasy"
s3582,TV Show,,Not Given,United States,2019-08-16,2019,TV-MA,2 Seasons,"Crime TV Shows, TV Dramas, TV Mysteries"
s3585,Movie,,Not Given,Canada,2019-08-16,2019,TV-Y,24 min,Children & Family Movies
s3586,TV Show,,Not Given,China,2019-08-16,2019,TV-MA,1 Season,"International TV Shows, TV Action & Adventure, TV Dramas"
s3588,TV Show,,Not Given,Spain,2019-08-16,2018,TV-MA,1 Season,"International TV Shows, Spanish-Language TV Shows, TV Action & Adventure"
s3589,TV Show,,Not Given,United States,2019-08-15,2019,TV-MA,1 Season,"Anime Series, International TV Shows"
s3598,TV Show,,Not Given,United States,2019-08-13,2019,TV-MA,2 Seasons,TV Dramas
s3599,TV Show,,Not Given,United States,2019-08-12,2019,TV-Y7,1 Season,Kids' TV
s3601,TV Show,,Not Given,United States,2019-08-09,2019,TV-MA,3 Seasons,"TV Comedies, TV Dramas"
s3602,TV Show,,Not Given,United States,2019-08-09,2019,TV-MA,5 Seasons,"TV Comedies, TV Dramas, TV Horror"
s3605,TV Show,,Not Given,Brazil,2019-08-09,2019,TV-MA,1 Season,"Crime TV Shows, International TV Shows, TV Dramas"
s3607,TV Show,,Not Given,South Korea,2019-08-08,2014,TV-MA,1 Season,"Crime TV Shows, International TV Shows, Korean TV Shows"
s3608,TV Show,,Not Given,Lebanon,2019-08-08,2019,TV-MA,1 Season,"International TV Shows, TV Dramas"
s3609,TV Show,,Not Given,United States,2019-08-08,2019,TV-14,5 Seasons,"Romantic TV Shows, TV Comedies, TV Dramas"
s3610,TV Show,,Not Given,Malaysia,2019-08-08,2015,TV-MA,1 Season,"International TV Shows, Korean TV Shows, Romantic TV Shows"
s3611,TV Show,,Not Given,South Korea,2019-08-08,2013,TV-PG,1 Season,"International TV Shows, Korean TV Shows, Romantic TV Shows"
s3612,TV Show,,Not Given,South Korea,2019-08-08,2014,TV-MA,1 Season,"International TV Shows, Korean TV Shows, TV Dramas"
s3613,TV Show,,Not Given,South Korea,2019-08-08,2015,TV-MA,1 Season,"International TV Shows, Korean TV Shows, Romantic TV Shows"
s3616,TV Show,,Not Given,United States,2019-08-08,2019,TV-MA,1 Season,"TV Action & Adventure, TV Sci-Fi & Fantasy"
s3625,TV Show,,Not Given,United States,2019-08-05,2019,TV-PG,2 Seasons,"Kids' TV, TV Comedies, TV Dramas"
s3628,TV Show,,Not Given,United States,2019-08-02,2019,TV-PG,1 Season,"Docuseries, Reality TV"
s3630,Movie,,Not Given,United Kingdom,2019-08-02,2019,R,101 min,Comedies
s3633,TV Show,,Not Given,Thailand,2019-08-01,2019,TV-MA,1 Season,"International TV Shows, TV Mysteries, TV Thrillers"
s3634,TV Show,,Not Given,Australia,2019-07-31,2019,TV-MA,2 Seasons,"International TV Shows, TV Comedies, TV Dramas"
s3637,TV Show,,Not Given,United States,2019-07-29,2019,TV-PG,1 Season,Kids' TV
s3641,TV Show,,Not Given,South Korea,2019-07-26,2019,TV-14,2 Seasons,"International TV Shows, Korean TV Shows, Romantic TV Shows"
s3643,TV Show,,Not Given,United States,2019-07-25,2019,TV-MA,1 Season,"British TV Shows, International TV Shows, TV Action & Adventure"
s3645,TV Show,,Not Given,Australia,2019-07-21,2018,TV-Y,3 Seasons,Kids' TV
s3652,TV Show,,Not Given,Hong Kong,2019-07-20,2019,TV-MA,1 Season,"International TV Shows, Romantic TV Shows, TV Dramas"
s3655,TV Show,,Not Given,United States,2019-07-19,2019,TV-Y7,3 Seasons,"Kids' TV, TV Comedies"
s3656,TV Show,,Not Given,India,2019-07-19,2019,TV-MA,1 Season,"International TV Shows, TV Horror, TV Mysteries"
s3657,TV Show,,Not Given,South Korea,2019-07-18,2019,TV-14,1 Season,"International TV Shows, Korean TV Shows, Romantic TV Shows"
s3660,TV Show,,Not Given,United States,2019-07-17,2019,TV-Y7,3 Seasons,"Kids' TV, TV Comedies"
s3661,TV Show,,Not Given,China,2019-07-17,2019,TV-14,1 Season,"International TV Shows, Romantic TV Shows, TV Dramas"
s3664,TV Show,,Not Given,Japan,2019-07-15,2010,TV-PG,1 Season,"Anime Series, International TV Shows"
s3665,TV Show,,Not Given,Japan,2019-07-15,2011,TV-14,1 Season,"Anime Series, International TV Shows, Teen TV Shows"
s3666,TV Show,,Not Given,Japan,2019-07-15,2015,TV-14,1 Season,"Anime Series, International TV Shows"
s3667,TV Show,,Not Given,Japan,2019-07-15,2017,TV-PG,1 Season,"Anime Series, International TV Shows"
s3668,TV Show,,Not Given,United States,2019-07-12,2019,TV-Y7,2 Seasons,"Kids' TV, TV Action & Adventure, TV Sci-Fi & Fantasy"
s3670,TV Show,,Not Given,Sweden,2019-07-12,2019,TV-MA,3 Seasons,"International TV Shows, TV Dramas"
s3674,TV Show,,Not Given,South Korea,2019-07-12,2019,TV-14,1 Season,"International TV Shows, Korean TV Shows, Romantic TV Shows"
s3840,TV Show,,Not Given,China,2019-05-10,2016,TV-14,1 Season,"International TV Shows, Romantic TV Shows, TV Dramas"
s3681,TV Show,,Not Given,United States,2019-07-06,2019,TV-G,3 Seasons,"British TV Shows, Kids' TV, TV Dramas"
s3683,TV Show,,Not Given,China,2019-07-05,2019,TV-14,1 Season,"International TV Shows, Romantic TV Shows, TV Dramas"
s3686,TV Show,,Not Given,United States,2019-07-04,2019,TV-14,3 Seasons,"TV Horror, TV Mysteries, TV Sci-Fi & Fantasy"
s3687,TV Show,,Not Given,United States,2019-07-03,2019,TV-MA,1 Season,"Docuseries, TV Dramas"
s3688,TV Show,,Not Given,Australia,2019-07-03,2019,TV-MA,2 Seasons,"International TV Shows, Reality TV"
s3709,TV Show,,Not Given,Spain,2019-06-28,2018,TV-MA,3 Seasons,"International TV Shows, Spanish-Language TV Shows, TV Comedies"
s3689,TV Show,,Not Given,Thailand,2019-07-02,2019,TV-14,1 Season,"International TV Shows, Romantic TV Shows, TV Dramas"
s3690,TV Show,,Not Given,Thailand,2019-07-02,2019,TV-14,1 Season,"International TV Shows, Romantic TV Shows, TV Dramas"
s3691,TV Show,,Not Given,South Korea,2019-07-02,2019,TV-14,1 Season,"International TV Shows, Korean TV Shows, TV Dramas"
s3692,TV Show,,Not Given,United States,2019-07-01,2008,TV-PG,1 Season,"Kids' TV, TV Action & Adventure, TV Comedies"
s3693,TV Show,,Not Given,United States,2019-07-01,2018,TV-Y,2 Seasons,Kids' TV
s3695,TV Show,,Not Given,France,2019-07-01,2015,TV-Y,1 Season,Kids' TV
s3696,TV Show,,Not Given,France,2019-07-01,2018,TV-Y7,1 Season,"Kids' TV, TV Comedies"
s3697,TV Show,,Not Given,Japan,2019-07-01,2018,TV-MA,1 Season,"Anime Series, International TV Shows"
s3701,TV Show,,Not Given,United States,2019-06-30,2011,TV-MA,2 Seasons,"Reality TV, TV Comedies, TV Horror"
s3703,TV Show,,Not Given,United States,2019-06-28,2019,TV-MA,3 Seasons,"Crime TV Shows, Docuseries"
s3705,TV Show,,Not Given,United States,2019-06-28,2019,TV-MA,1 Season,"Crime TV Shows, Docuseries, Science & Nature TV"
s3706,TV Show,,Not Given,Australia,2019-06-28,2019,TV-MA,2 Seasons,"International TV Shows, Reality TV"
s3708,TV Show,,Not Given,Australia,2019-06-28,2019,TV-Y,2 Seasons,"Kids' TV, TV Sci-Fi & Fantasy"
s3713,Movie,,Not Given,Japan,2019-06-26,2018,TV-PG,141 min,"International Movies, Music & Musicals"
s3717,TV Show,,Not Given,Japan,2019-06-24,2019,TV-14,2 Seasons,"Anime Series, International TV Shows"
s3722,TV Show,,Not Given,United States,2019-06-21,2019,TV-MA,2 Seasons,"Docuseries, Reality TV"
s3723,TV Show,,Not Given,Argentina,2019-06-21,2019,TV-PG,2 Seasons,"Kids' TV, Spanish-Language TV Shows, Teen TV Shows"
s3724,TV Show,,Not Given,Japan,2019-06-21,2013,TV-MA,2 Seasons,"Anime Series, International TV Shows"
s3725,TV Show,,Not Given,Japan,2019-06-21,1995,TV-MA,1 Season,"Anime Series, International TV Shows"
s3726,TV Show,,Not Given,United States,2019-06-21,2018,TV-14,3 Seasons,"Crime TV Shows, TV Action & Adventure, TV Dramas"
s3727,TV Show,,Not Given,New Zealand,2019-06-21,2019,TV-14,2 Seasons,"International TV Shows, Reality TV"
s3728,TV Show,,Not Given,United States,2019-06-21,2019,TV-MA,2 Seasons,"Crime TV Shows, Docuseries"
s3737,TV Show,,Not Given,Japan,2019-06-15,2012,TV-MA,2 Seasons,"Anime Series, International TV Shows"
s3738,TV Show,,Not Given,Japan,2019-06-15,2014,TV-MA,1 Season,"Anime Series, International TV Shows"
s3742,TV Show,,Not Given,Japan,2019-06-15,2011,TV-14,1 Season,"Anime Series, International TV Shows"
s3743,TV Show,,Not Given,China,2019-06-15,2019,TV-MA,1 Season,"International TV Shows, Romantic TV Shows, TV Comedies"
s3745,TV Show,,Not Given,Belgium,2019-06-15,2017,TV-MA,1 Season,"Crime TV Shows, International TV Shows, TV Dramas"
s3746,TV Show,,Not Given,United States,2019-06-14,2019,TV-PG,1 Season,Reality TV
s3747,TV Show,,Not Given,France,2019-06-14,2019,TV-MA,2 Seasons,"Crime TV Shows, International TV Shows, TV Dramas"
s3750,TV Show,,Not Given,United States,2019-06-14,2019,TV-MA,5 Seasons,"TV Comedies, TV Dramas"
s3711,TV Show,,Not Given,Pakistan,2019-06-27,2019,TV-MA,1 Season,"Crime TV Shows, International TV Shows, TV Comedies"
s3751,TV Show,,Not Given,India,2019-06-14,2019,TV-MA,1 Season,"British TV Shows, International TV Shows, TV Dramas"
s3752,TV Show,,Not Given,United States,2019-06-14,2018,TV-14,2 Seasons,TV Comedies
s3753,TV Show,,Not Given,United States,2019-06-14,2019,TV-MA,3 Seasons,"Crime TV Shows, TV Action & Adventure, TV Dramas"
s3755,TV Show,,Not Given,Mexico,2019-06-14,2019,TV-MA,1 Season,"Crime TV Shows, International TV Shows, Spanish-Language TV Shows"
s3756,TV Show,,Not Given,Jordan,2019-06-13,2019,TV-MA,1 Season,"International TV Shows, TV Dramas, TV Mysteries"
s3761,TV Show,,Not Given,Malaysia,2019-06-10,2011,TV-Y,1 Season,Kids' TV
s3763,TV Show,,Not Given,United States,2019-06-07,2019,TV-MA,3 Seasons,"Crime TV Shows, TV Dramas, TV Thrillers"
s3770,TV Show,,Not Given,United States,2019-06-07,2019,TV-Y,1 Season,Kids' TV
s3771,TV Show,,Not Given,United States,2019-06-07,2019,TV-MA,1 Season,TV Dramas
s3775,TV Show,,Not Given,United Kingdom,2019-06-05,2019,TV-MA,5 Seasons,"British TV Shows, International TV Shows, TV Dramas"
s3779,TV Show,,Not Given,United States,2019-06-03,2019,TV-14,3 Seasons,TV Comedies
s3780,TV Show,,Not Given,United States,2019-06-03,2019,TV-G,1 Season,"Kids' TV, TV Action & Adventure, TV Comedies"
s3781,TV Show,,Not Given,South Korea,2019-06-02,2019,TV-MA,1 Season,"International TV Shows, Korean TV Shows, TV Action & Adventure"
s3783,TV Show,,Not Given,Taiwan,2019-06-01,2019,TV-14,1 Season,"International TV Shows, TV Dramas"
s3785,TV Show,,Not Given,Japan,2019-06-01,2017,TV-14,2 Seasons,"Anime Series, International TV Shows, Teen TV Shows"
s3788,TV Show,,Not Given,Canada,2019-05-31,2019,TV-MA,2 Seasons,"Crime TV Shows, TV Dramas"
s3839,TV Show,,Not Given,Brazil,2019-05-10,2019,TV-MA,2 Seasons,"Crime TV Shows, International TV Shows, TV Dramas"
s3793,TV Show,,Not Given,United States,2019-05-31,2019,TV-MA,1 Season,"Crime TV Shows, TV Dramas"
s3795,TV Show,,Not Given,United States,2019-05-27,2019,TV-MA,1 Season,"Stand-Up Comedy & Talk Shows, TV Comedies"
s3800,TV Show,,Not Given,United States,2019-05-24,2018,TV-MA,2 Seasons,"Romantic TV Shows, TV Comedies, TV Dramas"
s3802,TV Show,,Not Given,United States,2019-05-24,2019,TV-MA,1 Season,"TV Dramas, TV Thrillers"
s3807,TV Show,,Not Given,United States,2019-05-20,2019,TV-G,2 Seasons,"Kids' TV, TV Comedies"
s3808,TV Show,,Not Given,Mexico,2019-05-20,2018,TV-MA,2 Seasons,"Crime TV Shows, International TV Shows, Spanish-Language TV Shows"
s3813,TV Show,,Not Given,United States,2019-05-17,2019,TV-MA,1 Season,TV Comedies
s3818,TV Show,,Not Given,United Kingdom,2019-05-17,2019,TV-MA,2 Seasons,"British TV Shows, International TV Shows, TV Comedies"
s3822,TV Show,,Not Given,United Kingdom,2019-05-15,2017,TV-Y,1 Season,"British TV Shows, Kids' TV, TV Comedies"
s3824,TV Show,,Not Given,Argentina,2019-05-15,2017,TV-Y,1 Season,"Kids' TV, Spanish-Language TV Shows"
s3827,TV Show,,Not Given,Japan,2019-05-14,2018,TV-14,1 Season,"Anime Series, International TV Shows"
s5495,TV Show,,Not Given,Australia,2017-05-05,2017,TV-Y,3 Seasons,Kids' TV
s3828,Movie,,Not Given,United States,2019-05-14,2019,TV-MA,61 min,Comedies
s3832,TV Show,,Not Given,China,2019-05-12,2019,TV-14,1 Season,"Crime TV Shows, International TV Shows, TV Dramas"
s3836,TV Show,,Not Given,United States,2019-05-10,2019,TV-MA,3 Seasons,"TV Comedies, TV Dramas"
s3797,TV Show,,Not Given,Pakistan,2019-05-24,2017,TV-MA,1 Season,"Docuseries, International TV Shows"
s3838,TV Show,,Not Given,Pakistan,2019-05-10,2019,TV-MA,1 Season,"Docuseries, Reality TV"
s3841,TV Show,,Not Given,United States,2019-05-10,2019,TV-MA,1 Season,"TV Dramas, Teen TV Shows"
s3853,TV Show,,Not Given,South Korea,2019-05-07,2019,TV-14,1 Season,"Crime TV Shows, International TV Shows, Korean TV Shows"
s3855,TV Show,,Not Given,Kuwait,2019-05-07,2019,TV-14,1 Season,"International TV Shows, TV Dramas"
s3856,TV Show,,Not Given,Lebanon,2019-05-07,2019,TV-14,1 Season,"Crime TV Shows, International TV Shows, TV Dramas"
s3862,TV Show,,Not Given,Canada,2019-05-03,2019,TV-Y7,2 Seasons,"Kids' TV, TV Comedies"
s3865,TV Show,,Not Given,United Kingdom,2019-05-03,2019,TV-PG,1 Season,Reality TV
s3868,TV Show,,Not Given,United States,2019-05-03,2019,TV-MA,1 Season,TV Comedies
s3871,TV Show,,Not Given,Japan,2019-05-01,2008,TV-MA,2 Seasons,"Anime Series, International TV Shows"
s3877,TV Show,,Not Given,Taiwan,2019-04-30,2014,TV-14,1 Season,"International TV Shows, TV Action & Adventure, TV Comedies"
s3879,TV Show,,Not Given,Hong Kong,2019-04-30,2018,TV-MA,1 Season,"International TV Shows, TV Comedies, TV Dramas"
s3880,TV Show,,Not Given,Japan,2019-04-30,2018,TV-MA,1 Season,"Anime Series, Crime TV Shows, International TV Shows"
s3882,TV Show,,Not Given,Taiwan,2019-04-30,2009,TV-14,1 Season,"International TV Shows, TV Comedies, TV Sci-Fi & Fantasy"
s3884,TV Show,,Not Given,Taiwan,2019-04-30,2004,TV-MA,1 Season,"Crime TV Shows, International TV Shows, Romantic TV Shows"
s3885,TV Show,,Not Given,United States,2019-04-29,2018,TV-MA,3 Seasons,"TV Action & Adventure, TV Comedies, TV Horror"
s3887,TV Show,,Not Given,Mexico,2019-04-28,2018,TV-MA,5 Seasons,"Crime TV Shows, International TV Shows, Spanish-Language TV Shows"
s3888,TV Show,,Not Given,United States,2019-04-26,2019,TV-MA,1 Season,"TV Horror, TV Mysteries, Teen TV Shows"
s3893,TV Show,,Not Given,United States,2019-04-26,2019,TV-PG,1 Season,Docuseries
s3898,TV Show,,Not Given,Taiwan,2019-04-19,2005,TV-MA,1 Season,"International TV Shows, TV Action & Adventure, TV Comedies"
s3899,TV Show,,Not Given,Australia,2019-04-19,2019,TV-MA,1 Season,"International TV Shows, TV Comedies"
s3901,TV Show,,Not Given,Taiwan,2019-04-19,2017,TV-MA,1 Season,"International TV Shows, Romantic TV Shows"
s3902,TV Show,,Not Given,Japan,2019-04-19,2019,TV-PG,1 Season,"Anime Series, International TV Shows"
s3903,TV Show,,Not Given,Brazil,2019-04-19,2019,TV-MA,2 Seasons,"International TV Shows, TV Comedies"
s3921,TV Show,,Not Given,United States,2019-04-13,2019,TV-MA,4 Seasons,"Romantic TV Shows, TV Comedies"
s3925,Movie,,Not Given,Italy,2019-04-12,2019,TV-MA,61 min,Stand-Up Comedy
s3926,TV Show,,Not Given,United States,2019-04-12,2019,TV-MA,1 Season,TV Comedies
s3932,TV Show,,Not Given,United States,2019-04-10,2019,TV-PG,1 Season,"Kids' TV, Reality TV, Science & Nature TV"
s3935,TV Show,,Not Given,United States,2019-04-07,2017,TV-MA,1 Season,Docuseries
s3881,TV Show,,Not Given,Pakistan,2019-04-30,2013,TV-14,1 Season,"International TV Shows, TV Comedies, TV Dramas"
s3883,TV Show,,Not Given,Pakistan,2019-04-30,2012,TV-MA,1 Season,"International TV Shows, TV Comedies, TV Dramas"
s3937,TV Show,,Not Given,United Kingdom,2019-04-05,2015,TV-MA,3 Seasons,"British TV Shows, International TV Shows, TV Comedies"
s3938,TV Show,,Not Given,United States,2019-04-05,2017,TV-MA,2 Seasons,"Crime TV Shows, International TV Shows, TV Comedies"
s3941,TV Show,,Not Given,Sweden,2019-04-05,2019,TV-MA,1 Season,"Crime TV Shows, International TV Shows, TV Dramas"
s3942,TV Show,,Not Given,Malaysia,2019-04-05,2017,TV-PG,1 Season,Kids' TV
s3943,TV Show,,Not Given,Canada,2019-04-05,2019,TV-MA,3 Seasons,Docuseries
s3944,TV Show,,Not Given,United States,2019-04-05,2019,TV-Y7,8 Seasons,Kids' TV
s3945,TV Show,,Not Given,Mexico,2019-04-05,2019,TV-MA,1 Season,"Crime TV Shows, International TV Shows, Spanish-Language TV Shows"
s3947,TV Show,,Not Given,South Korea,2019-04-04,2019,TV-MA,1 Season,"Crime TV Shows, International TV Shows, Korean TV Shows"
s3950,TV Show,,Not Given,Lebanon,2019-04-03,2018,TV-14,1 Season,"International TV Shows, Romantic TV Shows, TV Dramas"
s3957,TV Show,,Not Given,South Korea,2019-04-01,2013,TV-MA,1 Season,"International TV Shows, Korean TV Shows, Romantic TV Shows"
s3959,TV Show,,Not Given,United States,2019-04-01,2019,TV-14,1 Season,"Anime Series, International TV Shows"
s3962,TV Show,,Not Given,United Kingdom,2019-03-30,2017,TV-Y,1 Season,"British TV Shows, Kids' TV"
s3965,TV Show,,Not Given,France,2019-03-29,2019,TV-MA,1 Season,"International TV Shows, TV Dramas, TV Mysteries"
s3966,TV Show,,Not Given,United States,2019-03-29,2019,TV-MA,3 Seasons,"TV Comedies, TV Horror, TV Thrillers"
s3970,TV Show,,Not Given,United Kingdom,2019-03-29,2019,TV-MA,1 Season,"British TV Shows, International TV Shows, TV Dramas"
s3971,TV Show,,Not Given,France,2019-03-29,2018,TV-MA,3 Seasons,"International TV Shows, TV Dramas"
s3972,TV Show,,Not Given,Japan,2019-03-28,2018,TV-MA,2 Seasons,"International TV Shows, Reality TV, Romantic TV Shows"
s3980,TV Show,,Not Given,United States,2019-03-22,2019,TV-Y,1 Season,Kids' TV
s3981,TV Show,,Not Given,Mexico,2019-03-22,2019,TV-MA,1 Season,"Crime TV Shows, International TV Shows, Spanish-Language TV Shows"
s3982,TV Show,,Not Given,India,2019-03-22,2019,TV-MA,1 Season,"Crime TV Shows, International TV Shows, TV Dramas"
s3987,TV Show,,Not Given,United States,2019-03-22,2019,TV-MA,2 Seasons,"TV Dramas, TV Mysteries, TV Sci-Fi & Fantasy"
s3989,TV Show,,Not Given,Canada,2019-03-21,2007,TV-Y,1 Season,Kids' TV
s3990,TV Show,,Not Given,Japan,2019-03-21,2019,TV-14,1 Season,"International TV Shows, TV Comedies, TV Dramas"
s3999,TV Show,,Not Given,Japan,2019-03-20,2019,TV-MA,1 Season,"International TV Shows, Romantic TV Shows, TV Dramas"
s4002,TV Show,,Not Given,Taiwan,2019-03-17,2019,TV-MA,1 Season,"International TV Shows, Romantic TV Shows, TV Comedies"
s4007,TV Show,,Not Given,Spain,2019-03-15,2018,TV-MA,1 Season,"International TV Shows, Romantic TV Shows, TV Dramas"
s4015,TV Show,,Not Given,United Kingdom,2019-03-15,2018,TV-Y7,2 Seasons,"British TV Shows, Kids' TV"
s4017,TV Show,,Not Given,United Kingdom,2019-03-15,2019,TV-MA,1 Season,"British TV Shows, International TV Shows, TV Comedies"
s4023,TV Show,,Not Given,Egypt,2019-03-13,2018,TV-14,1 Season,"International TV Shows, TV Dramas, TV Mysteries"
s4024,TV Show,,Not Given,Egypt,2019-03-13,2018,TV-14,1 Season,"International TV Shows, TV Comedies, TV Sci-Fi & Fantasy"
s4027,TV Show,,Not Given,Egypt,2019-03-11,2018,TV-14,1 Season,"International TV Shows, Romantic TV Shows, TV Dramas"
s4028,TV Show,,Not Given,Egypt,2019-03-11,2017,TV-14,1 Season,"International TV Shows, TV Dramas"
s4029,TV Show,,Not Given,United States,2019-03-10,2018,TV-MA,3 Seasons,TV Action & Adventure
s4031,TV Show,,Not Given,Egypt,2019-03-08,2018,TV-MA,1 Season,"International TV Shows, TV Dramas, TV Mysteries"
s4033,TV Show,,Not Given,Turkey,2019-03-08,2018,TV-MA,1 Season,"International TV Shows, TV Dramas, TV Horror"
s4043,TV Show,,Not Given,United States,2019-03-06,2016,TV-MA,1 Season,"Crime TV Shows, TV Dramas"
s4044,TV Show,,Not Given,Australia,2019-03-06,2016,TV-MA,2 Seasons,"International TV Shows, TV Dramas, TV Mysteries"
s4045,TV Show,,Not Given,South Korea,2019-03-05,2017,TV-MA,1 Season,"International TV Shows, Korean TV Shows, Romantic TV Shows"
s4055,TV Show,,Not Given,India,2019-03-01,2019,TV-MA,1 Season,"Docuseries, International TV Shows"
s4058,TV Show,,Not Given,Canada,2019-03-01,2019,TV-14,1 Season,TV Dramas
s4064,TV Show,,Not Given,Japan,2019-03-01,2018,TV-14,3 Seasons,"Anime Series, International TV Shows, Teen TV Shows"
s4085,TV Show,,Not Given,United States,2019-02-22,2019,TV-MA,6 Seasons,"Docuseries, Reality TV"
s4080,TV Show,,Not Given,United States,2019-02-27,2018,TV-MA,1 Season,"Crime TV Shows, TV Dramas"
s4090,TV Show,,Not Given,United Kingdom,2019-02-22,2018,TV-PG,2 Seasons,"British TV Shows, International TV Shows, Reality TV"
s4091,TV Show,,Not Given,Brazil,2019-02-22,2018,TV-PG,2 Seasons,Kids' TV
s4030,TV Show,,Not Given,Pakistan,2019-03-08,2018,TV-14,1 Season,"International TV Shows, Romantic TV Shows, TV Dramas"
s4112,TV Show,,Not Given,Argentina,2019-02-15,2017,TV-14,1 Season,"International TV Shows, Spanish-Language TV Shows, TV Horror"
s4115,TV Show,,Not Given,United States,2019-02-14,2018,TV-Y,3 Seasons,Kids' TV
s4117,TV Show,,Not Given,Spain,2019-02-14,2018,TV-14,2 Seasons,"International TV Shows, Romantic TV Shows, Spanish-Language TV Shows"
s4119,TV Show,,Not Given,Taiwan,2019-02-09,2018,TV-14,1 Season,"International TV Shows, Romantic TV Shows, TV Dramas"
s4120,TV Show,,Not Given,Belgium,2019-02-09,2018,TV-MA,2 Seasons,"Crime TV Shows, International TV Shows, TV Dramas"
s4123,TV Show,,Not Given,United States,2019-02-08,2019,TV-PG,3 Seasons,TV Comedies
s4126,TV Show,,Not Given,Egypt,2019-02-07,2017,TV-MA,1 Season,"International TV Shows, TV Comedies"
s4127,TV Show,,Not Given,Egypt,2019-02-05,2018,TV-14,1 Season,"Crime TV Shows, International TV Shows, TV Dramas"
s4128,TV Show,,Not Given,South Korea,2019-02-05,2018,TV-MA,1 Season,"Crime TV Shows, International TV Shows, Korean TV Shows"
s4130,TV Show,,Not Given,United Kingdom,2019-02-05,2018,TV-MA,1 Season,"British TV Shows, Crime TV Shows, International TV Shows"
s4131,TV Show,,Not Given,Egypt,2019-02-05,2018,TV-MA,1 Season,"International TV Shows, TV Dramas"
s4132,TV Show,,Not Given,Japan,2019-02-05,2018,TV-14,1 Season,"Anime Series, International TV Shows, Romantic TV Shows"
s4133,TV Show,,Not Given,South Korea,2019-02-03,2019,TV-14,1 Season,"International TV Shows, Korean TV Shows, Romantic TV Shows"
s4138,Movie,,Not Given,United States,2019-02-01,2019,TV-G,51 min,"Children & Family Movies, Dramas"
s4141,Movie,,Not Given,United States,2019-02-01,2017,TV-Y,22 min,Children & Family Movies
s4142,TV Show,,Not Given,United States,2019-02-01,2018,TV-Y7,2 Seasons,Kids' TV
s4143,TV Show,,Not Given,United States,2019-02-01,2019,TV-MA,1 Season,"TV Comedies, TV Dramas"
s4144,TV Show,,Not Given,Russia,2019-02-01,2018,TV-MA,1 Season,"Crime TV Shows, International TV Shows, TV Dramas"
s4145,TV Show,,Not Given,Japan,2019-02-01,2018,TV-MA,1 Season,"Anime Series, International TV Shows"
s4146,Movie,,Not Given,United States,2019-02-01,2019,TV-Y,24 min,Children & Family Movies
s4163,TV Show,,Not Given,Taiwan,2019-01-27,2018,TV-MA,1 Season,"International TV Shows, TV Dramas"
s4164,TV Show,,Not Given,United States,2019-01-27,2018,TV-MA,5 Seasons,"TV Action & Adventure, TV Comedies, TV Horror"
s4167,TV Show,,Not Given,United Kingdom,2019-01-25,2018,TV-MA,1 Season,"British TV Shows, International TV Shows, TV Dramas"
s4168,TV Show,,Not Given,Mexico,2019-01-25,2019,TV-MA,4 Seasons,"International TV Shows, Spanish-Language TV Shows, TV Comedies"
s4169,TV Show,,Not Given,Spain,2019-01-25,2019,TV-MA,1 Season,"Crime TV Shows, Docuseries, International TV Shows"
s4171,Movie,,Not Given,United States,2019-01-25,2019,TV-MA,119 min,"Action & Adventure, International Movies"
s4173,TV Show,,Not Given,United States,2019-01-24,2019,TV-MA,1 Season,"Crime TV Shows, Docuseries"
s4176,Movie,,Not Given,United Kingdom,2019-01-18,2019,TV-MA,95 min,"Action & Adventure, International Movies"
s4179,TV Show,,Not Given,United States,2019-01-18,2019,TV-MA,2 Seasons,"Crime TV Shows, TV Action & Adventure, TV Thrillers"
s4184,TV Show,,Not Given,United Kingdom,2019-01-18,2019,TV-G,3 Seasons,"British TV Shows, Docuseries, International TV Shows"
s4188,Movie,,Not Given,India,2019-01-15,2018,TV-14,105 min,"Comedies, Independent Movies, International Movies"
s4190,TV Show,,Not Given,Taiwan,2019-01-15,2002,TV-14,1 Season,"International TV Shows, Romantic TV Shows, TV Dramas"
s4197,TV Show,,Not Given,Taiwan,2019-01-14,2016,TV-14,1 Season,"International TV Shows, TV Dramas"
s4201,TV Show,,Not Given,United States,2019-01-11,2019,TV-MA,2 Seasons,"Romantic TV Shows, TV Comedies"
s4202,TV Show,,Not Given,Ireland,2019-01-11,2018,TV-MA,4 Seasons,TV Comedies
s4203,TV Show,,Not Given,United Kingdom,2019-01-11,2019,TV-Y7,2 Seasons,"British TV Shows, Kids' TV, TV Comedies"
s4207,TV Show,,Not Given,Spain,2019-01-10,2017,TV-Y,4 Seasons,"Kids' TV, Spanish-Language TV Shows"
s4208,TV Show,,Not Given,Israel,2019-01-10,2018,TV-MA,1 Season,"International TV Shows, TV Action & Adventure, TV Dramas"
s4219,TV Show,,Not Given,United States,2019-01-01,2019,TV-PG,3 Seasons,"Kids' TV, TV Action & Adventure, TV Comedies"
s4221,TV Show,,Not Given,United States,2019-01-01,2019,TV-MA,13 Seasons,"Stand-Up Comedy & Talk Shows, TV Comedies"
s4227,TV Show,,Not Given,Croatia,2019-01-01,2018,TV-MA,2 Seasons,"International TV Shows, TV Dramas"
s4236,Movie,,Not Given,United Kingdom,2018-12-31,2008,TV-MA,58 min,Stand-Up Comedy
s4242,Movie,,Not Given,Taiwan,2018-12-31,2018,TV-14,108 min,"Comedies, Horror Movies, International Movies"
s4246,Movie,,Not Given,United States,2018-12-31,1991,TV-MA,30 min,Stand-Up Comedy
s4252,TV Show,,Not Given,Thailand,2018-12-29,2018,TV-MA,1 Season,"Crime TV Shows, International TV Shows, TV Dramas"
s4254,Movie,,Not Given,United States,2018-12-28,2018,TV-MA,312 min,"Dramas, International Movies, Sci-Fi & Fantasy"
s4255,TV Show,,Not Given,Israel,2018-12-28,2015,TV-MA,1 Season,"Crime TV Shows, International TV Shows, TV Comedies"
s4257,TV Show,,Not Given,United States,2018-12-28,2018,TV-MA,1 Season,"Crime TV Shows, Docuseries"
s4739,TV Show,,Not Given,Mexico,2018-08-01,2018,TV-G,1 Season,"Docuseries, International TV Shows"
s4217,TV Show,,Not Given,Pakistan,2019-01-02,2013,TV-14,1 Season,"International TV Shows, Romantic TV Shows, TV Dramas"
s4258,TV Show,,Not Given,India,2018-12-28,2018,TV-14,1 Season,"International TV Shows, TV Dramas, Teen TV Shows"
s4261,TV Show,,Not Given,United States,2018-12-24,2018,TV-PG,1 Season,"Stand-Up Comedy & Talk Shows, TV Comedies"
s4262,TV Show,,Not Given,Taiwan,2018-12-24,2011,TV-14,1 Season,"International TV Shows, Romantic TV Shows, TV Comedies"
s4265,TV Show,,Not Given,United Kingdom,2018-12-22,2018,TV-MA,5 Seasons,"British TV Shows, TV Comedies"
s4267,TV Show,,Not Given,United States,2018-12-21,2018,TV-PG,1 Season,Docuseries
s4270,TV Show,,Not Given,Taiwan,2018-12-21,2017,TV-14,1 Season,"International TV Shows, Romantic TV Shows, TV Comedies"
s4271,TV Show,,Not Given,Japan,2018-12-21,2018,TV-14,2 Seasons,"Anime Series, International TV Shows"
s4272,TV Show,,Not Given,Taiwan,2018-12-21,2017,TV-MA,1 Season,"International TV Shows, Romantic TV Shows, TV Comedies"
s4273,TV Show,,Not Given,Taiwan,2018-12-21,2016,TV-14,1 Season,"International TV Shows, Romantic TV Shows, TV Dramas"
s4274,TV Show,,Not Given,Germany,2018-12-21,2018,TV-MA,1 Season,"Crime TV Shows, International TV Shows, TV Dramas"
s4275,TV Show,,Not Given,Japan,2018-12-21,2018,TV-MA,1 Season,"Anime Series, International TV Shows, TV Thrillers"
s4277,TV Show,,Not Given,Turkey,2018-12-21,2018,TV-MA,1 Season,"International TV Shows, TV Action & Adventure, TV Dramas"
s4280,TV Show,,Not Given,Japan,2018-12-20,2015,TV-14,2 Seasons,"Anime Series, International TV Shows"
s4289,TV Show,,Not Given,China,2018-12-16,2018,TV-14,1 Season,"International TV Shows, Romantic TV Shows, TV Comedies"
s4291,TV Show,,Not Given,United States,2018-12-16,2011,TV-PG,1 Season,"Kids' TV, TV Comedies"
s4297,TV Show,,Not Given,United Kingdom,2018-12-15,2018,TV-MA,2 Seasons,"British TV Shows, International TV Shows, TV Comedies"
s4299,Movie,,Not Given,United States,2018-12-15,2018,TV-MA,78 min,"Documentaries, Music & Musicals"
s4301,Movie,,Not Given,United States,2018-12-15,2018,TV-PG,73 min,"Documentaries, Music & Musicals"
s4264,TV Show,,Not Given,Pakistan,2018-12-22,2018,TV-14,1 Season,"Crime TV Shows, International TV Shows, TV Dramas"
s4305,TV Show,,Not Given,South Korea,2018-12-14,2018,TV-14,1 Season,"International TV Shows, Korean TV Shows, Romantic TV Shows"
s4308,TV Show,,Not Given,United States,2018-12-14,2018,TV-MA,1 Season,TV Comedies
s4309,TV Show,,Not Given,United States,2018-12-14,2018,TV-MA,1 Season,"Crime TV Shows, Docuseries"
s4310,TV Show,,Not Given,Australia,2018-12-14,2018,TV-MA,1 Season,"Crime TV Shows, International TV Shows, TV Dramas"
s4311,TV Show,,Not Given,Canada,2018-12-14,2018,TV-MA,3 Seasons,"Crime TV Shows, International TV Shows, TV Dramas"
s4312,TV Show,,Not Given,United States,2018-12-14,2018,TV-Y7,8 Seasons,Kids' TV
s4313,TV Show,,Not Given,Japan,2018-12-12,2018,TV-MA,1 Season,"Anime Series, International TV Shows"
s4317,TV Show,,Not Given,Germany,2018-12-07,2018,TV-MA,1 Season,"Crime TV Shows, International TV Shows, TV Dramas"
s4321,TV Show,,Not Given,United States,2018-12-07,2018,TV-MA,2 Seasons,"TV Comedies, TV Sci-Fi & Fantasy, Teen TV Shows"
s4327,TV Show,,Not Given,South Korea,2018-12-03,2018,TV-14,2 Seasons,"International TV Shows, Korean TV Shows, TV Comedies"
s4328,TV Show,,Not Given,South Korea,2018-12-02,2018,TV-MA,1 Season,"Crime TV Shows, International TV Shows, Korean TV Shows"
s4348,Movie,,Not Given,United States,2018-12-01,2017,TV-MA,90 min,"Documentaries, Sports Movies"
s4351,TV Show,,Not Given,Poland,2018-11-30,2018,TV-MA,1 Season,"Crime TV Shows, International TV Shows, TV Dramas"
s4354,TV Show,,Not Given,United States,2018-11-30,2018,TV-PG,1 Season,Reality TV
s4357,TV Show,,Not Given,Japan,2018-11-30,2018,TV-MA,1 Season,"International TV Shows, Romantic TV Shows, TV Dramas"
s4360,TV Show,,Not Given,United States,2018-11-30,2018,TV-Y7,2 Seasons,Kids' TV
s4363,TV Show,,Not Given,United States,2018-11-27,2018,TV-MA,1 Season,"Stand-Up Comedy & Talk Shows, TV Comedies"
s4364,TV Show,,Not Given,United States,2018-11-27,2015,TV-PG,1 Season,Kids' TV
s4366,TV Show,,Not Given,Canada,2018-11-23,2018,TV-MA,3 Seasons,"International TV Shows, TV Action & Adventure, TV Dramas"
s4367,TV Show,,Not Given,Spain,2018-11-23,2018,TV-MA,1 Season,"Crime TV Shows, International TV Shows, Spanish-Language TV Shows"
s4368,TV Show,,Not Given,United Kingdom,2018-11-23,2018,TV-MA,2 Seasons,"British TV Shows, International TV Shows, TV Comedies"
s4369,TV Show,,Not Given,United States,2018-11-22,2018,TV-14,2 Seasons,"TV Comedies, TV Sci-Fi & Fantasy"
s4377,TV Show,,Not Given,United States,2018-11-20,2018,TV-PG,1 Season,Reality TV
s4380,TV Show,,Not Given,China,2018-11-17,2017,TV-14,1 Season,"International TV Shows, Romantic TV Shows, TV Dramas"
s4381,TV Show,,Not Given,United States,2018-11-17,2016,TV-14,1 Season,"Spanish-Language TV Shows, TV Dramas"
s4382,TV Show,,Not Given,United States,2018-11-17,2016,TV-14,1 Season,"Romantic TV Shows, Spanish-Language TV Shows, TV Comedies"
s4385,TV Show,,Not Given,Canada,2018-11-16,2018,TV-G,2 Seasons,"Kids' TV, TV Dramas"
s4387,Movie,,Not Given,United States,2018-11-16,2018,TV-G,102 min,"Children & Family Movies, Dramas, Romantic Movies"
s4388,TV Show,,Not Given,Brazil,2018-11-16,2018,TV-MA,1 Season,"Docuseries, International TV Shows, Reality TV"
s4400,TV Show,,Not Given,Denmark,2018-11-13,2018,TV-MA,1 Season,"Crime TV Shows, International TV Shows, TV Dramas"
s4401,TV Show,,Not Given,Germany,2018-11-10,2017,TV-PG,1 Season,"Docuseries, International TV Shows, Science & Nature TV"
s4404,TV Show,,Not Given,United States,2018-11-09,2018,TV-MA,1 Season,"Docuseries, TV Dramas"
s4406,TV Show,,Not Given,Brazil,2018-11-09,2018,TV-MA,1 Season,"International TV Shows, TV Comedies"
s4778,TV Show,,Not Given,United Kingdom,2018-07-10,2018,TV-MA,2 Seasons,"British TV Shows, International TV Shows, Reality TV"
s4407,TV Show,,Not Given,Colombia,2018-11-09,2018,TV-MA,1 Season,"Crime TV Shows, International TV Shows, Spanish-Language TV Shows"
s4408,TV Show,,Not Given,South Korea,2018-11-09,2018,TV-Y,2 Seasons,"Kids' TV, TV Thrillers"
s4409,TV Show,,Not Given,United States,2018-11-09,2018,TV-MA,1 Season,Reality TV
s4410,TV Show,,Not Given,France,2018-11-08,2017,TV-MA,1 Season,"Crime TV Shows, International TV Shows, TV Sci-Fi & Fantasy"
s4411,TV Show,,Not Given,United States,2018-11-07,2017,TV-MA,1 Season,"Crime TV Shows, TV Dramas"
s4413,Movie,,Not Given,United States,2018-11-05,2018,TV-MA,90 min,Stand-Up Comedy
s4414,TV Show,,Not Given,Malaysia,2018-11-03,2003,TV-14,7 Seasons,"International TV Shows, TV Comedies"
s4431,TV Show,,Not Given,Argentina,2018-11-01,2015,TV-Y,2 Seasons,"Kids' TV, Spanish-Language TV Shows"
s4437,TV Show,,Not Given,United States,2018-11-01,2018,TV-MA,3 Seasons,Docuseries
s4531,TV Show,,Not Given,Czech Republic,2018-10-05,2018,TV-14,1 Season,Docuseries
s4466,Movie,,Not Given,India,2018-11-01,2014,TV-PG,95 min,"Comedies, Dramas, Independent Movies"
s4470,TV Show,,Not Given,Japan,2018-10-30,2018,TV-MA,2 Seasons,"Anime Series, International TV Shows"
s4475,Movie,,Not Given,Colombia,2018-10-26,2018,TV-14,87 min,"Comedies, International Movies, Romantic Movies"
s4477,TV Show,,Not Given,United States,2018-10-26,2018,TV-MA,1 Season,"Crime TV Shows, Docuseries, International TV Shows"
s4479,TV Show,,Not Given,United States,2018-10-25,2009,TV-PG,1 Season,"Kids' TV, TV Comedies"
s4480,TV Show,,Not Given,United States,2018-10-25,2017,TV-14,2 Seasons,TV Comedies
s4484,TV Show,,Not Given,China,2018-10-23,2018,TV-14,1 Season,"International TV Shows, Romantic TV Shows, TV Dramas"
s4486,TV Show,,Not Given,United States,2018-10-23,2017,TV-MA,3 Seasons,Stand-Up Comedy & Talk Shows
s4488,TV Show,,Not Given,China,2018-10-19,2018,TV-14,1 Season,"International TV Shows, Romantic TV Shows, TV Comedies"
s4489,TV Show,,Not Given,Australia,2018-10-19,2017,TV-PG,1 Season,"Docuseries, International TV Shows, Science & Nature TV"
s4416,TV Show,,Not Given,Pakistan,2018-11-02,2018,TV-G,1 Season,Kids' TV
s4490,TV Show,,Not Given,United States,2018-10-19,2018,TV-PG,1 Season,"Kids' TV, TV Comedies"
s4495,TV Show,,Not Given,United States,2018-10-19,2018,TV-14,2 Seasons,"Crime TV Shows, Docuseries"
s4496,TV Show,,Not Given,United States,2018-10-19,2018,TV-MA,3 Seasons,"Crime TV Shows, TV Action & Adventure"
s4499,TV Show,,Not Given,Thailand,2018-10-19,2017,TV-MA,4 Seasons,"International TV Shows, TV Dramas, Teen TV Shows"
s4502,TV Show,,Not Given,United Kingdom,2018-10-19,2018,TV-MA,1 Season,"British TV Shows, International TV Shows, Romantic TV Shows"
s4504,TV Show,,Not Given,Canada,2018-10-17,2012,TV-PG,2 Seasons,"Kids' TV, TV Comedies"
s4505,TV Show,,Not Given,Australia,2018-10-16,2018,TV-MA,5 Seasons,"Crime TV Shows, International TV Shows, TV Comedies"
s4509,TV Show,,Not Given,United Kingdom,2018-10-15,2018,TV-MA,1 Season,"British TV Shows, International TV Shows, Reality TV"
s4518,TV Show,,Not Given,United States,2018-10-12,2018,TV-PG,1 Season,"TV Comedies, TV Mysteries"
s4519,TV Show,,Not Given,United States,2018-10-12,2018,TV-MA,1 Season,"TV Dramas, TV Horror, TV Mysteries"
s4524,TV Show,,Not Given,Brazil,2018-10-10,2018,TV-MA,1 Season,"Crime TV Shows, International TV Shows, TV Dramas"
s4528,TV Show,,Not Given,United States,2018-10-08,2017,TV-Y,4 Seasons,Kids' TV
s4532,TV Show,,Not Given,Japan,2018-10-05,2018,TV-14,1 Season,"Anime Series, International TV Shows"
s4492,Movie,,Not Given,Pakistan,2018-10-19,2018,TV-MA,50 min,Movies
s4536,TV Show,,Not Given,South Korea,2018-10-05,2018,TV-MA,1 Season,"International TV Shows, Korean TV Shows, TV Comedies"
s4543,TV Show,,Not Given,United Kingdom,2018-10-02,2014,TV-MA,1 Season,"British TV Shows, Docuseries, TV Comedies"
s4547,Movie,,Not Given,United States,2018-10-02,1998,TV-MA,58 min,"Comedies, Documentaries"
s4550,TV Show,,Not Given,United Kingdom,2018-10-02,2009,TV-MA,1 Season,"British TV Shows, Docuseries"
s4551,TV Show,,Not Given,United Kingdom,2018-10-02,1972,TV-MA,1 Season,"International TV Shows, TV Comedies"
s4552,TV Show,,Not Given,United Kingdom,2018-10-02,1974,TV-14,4 Seasons,"British TV Shows, Classic & Cult TV, International TV Shows"
s4554,TV Show,,Not Given,United States,2018-10-02,2005,TV-MA,1 Season,"British TV Shows, TV Comedies"
s4605,TV Show,,Not Given,United States,2018-10-01,2016,TV-14,1 Season,Reality TV
s4609,TV Show,,Not Given,United Kingdom,2018-10-01,2018,TV-14,1 Season,"British TV Shows, International TV Shows, Reality TV"
s4633,TV Show,,Not Given,United States,2018-09-21,2018,TV-14,1 Season,"Crime TV Shows, TV Comedies, TV Dramas"
s4622,TV Show,,Not Given,United States,2018-09-28,2018,TV-MA,1 Season,"International TV Shows, Reality TV, Spanish-Language TV Shows"
s4623,TV Show,,Not Given,Canada,2018-09-28,2018,TV-Y7,2 Seasons,Kids' TV
s4624,TV Show,,Not Given,South Korea,2018-09-28,2018,TV-Y7,3 Seasons,"Kids' TV, TV Comedies"
s4629,TV Show,,Not Given,Japan,2018-09-21,2018,TV-14,1 Season,"Anime Series, International TV Shows"
s4630,TV Show,,Not Given,United States,2018-09-21,2018,TV-MA,1 Season,"TV Comedies, TV Dramas, TV Mysteries"
s4632,Movie,,Not Given,Brazil,2018-09-21,2018,TV-MA,63 min,Stand-Up Comedy
s4634,TV Show,,Not Given,Japan,2018-09-20,2014,TV-PG,1 Season,"Anime Series, International TV Shows"
s4535,Movie,,Not Given,Pakistan,2018-10-05,2018,TV-Y,25 min,Children & Family Movies
s4635,TV Show,,Not Given,Canada,2018-09-19,2016,TV-Y7,1 Season,Kids' TV
s4636,TV Show,,Not Given,Lebanon,2018-09-15,2017,TV-14,1 Season,"Crime TV Shows, International TV Shows, TV Dramas"
s4637,TV Show,,Not Given,United States,2018-09-14,2018,TV-MA,2 Seasons,"Crime TV Shows, TV Comedies, Teen TV Shows"
s4639,TV Show,,Not Given,Mexico,2018-09-14,2018,TV-MA,2 Seasons,"Crime TV Shows, International TV Shows, Spanish-Language TV Shows"
s4640,TV Show,,Not Given,United States,2018-09-14,2018,TV-MA,1 Season,"Stand-Up Comedy & Talk Shows, TV Comedies"
s4644,TV Show,,Not Given,China,2018-09-14,2018,TV-14,1 Season,"International TV Shows, Romantic TV Shows, TV Action & Adventure"
s4645,Movie,,Not Given,United States,2018-09-13,2018,TV-14,100 min,Documentaries
s4646,TV Show,,Not Given,South Korea,2018-09-12,2018,TV-MA,1 Season,"International TV Shows, Korean TV Shows, TV Dramas"
s4648,TV Show,,Not Given,United States,2018-09-11,2018,TV-MA,1 Season,"Stand-Up Comedy & Talk Shows, TV Comedies"
s4652,TV Show,,Not Given,United States,2018-09-08,2013,TV-Y7,1 Season,Kids' TV
s4653,TV Show,,Not Given,United States,2018-09-08,2016,TV-Y7,1 Season,Kids' TV
s4656,TV Show,,Not Given,United States,2018-09-07,2018,TV-MA,2 Seasons,"Crime TV Shows, TV Action & Adventure, TV Dramas"
s4659,TV Show,,Not Given,United States,2018-09-07,2018,TV-Y7,2 Seasons,Kids' TV
s4663,TV Show,,Not Given,Thailand,2018-09-02,2018,TV-MA,1 Season,"Crime TV Shows, International TV Shows, TV Action & Adventure"
s4664,TV Show,,Not Given,United States,2018-09-02,2018,TV-14,3 Seasons,"Crime TV Shows, TV Dramas, TV Mysteries"
s4638,TV Show,,Not Given,Pakistan,2018-09-14,2018,TV-PG,1 Season,"Docuseries, International TV Shows, Spanish-Language TV Shows"
s4671,TV Show,,Not Given,Australia,2018-09-01,2018,TV-MA,1 Season,"International TV Shows, TV Comedies, TV Dramas"
s4673,TV Show,,Not Given,Spain,2018-08-31,2017,TV-MA,1 Season,"International TV Shows, Spanish-Language TV Shows, TV Dramas"
s4674,TV Show,,Not Given,United States,2018-08-31,2018,TV-MA,1 Season,"Crime TV Shows, Docuseries, International TV Shows"
s4675,TV Show,,Not Given,United States,2018-08-31,2018,TV-MA,2 Seasons,"Stand-Up Comedy & Talk Shows, TV Comedies"
s4677,TV Show,,Not Given,United States,2018-08-31,2018,TV-PG,3 Seasons,Reality TV
s4679,TV Show,,Not Given,Colombia,2018-08-31,2017,TV-MA,1 Season,"Crime TV Shows, International TV Shows, Spanish-Language TV Shows"
s4683,TV Show,,Not Given,United States,2018-08-27,2018,TV-MA,1 Season,Docuseries
s4690,TV Show,,Not Given,United Kingdom,2018-08-24,2018,TV-MA,1 Season,"British TV Shows, International TV Shows, Romantic TV Shows"
s4696,Movie,,Not Given,United States,2018-08-17,2018,TV-14,33 min,Comedies
s4697,TV Show,,Not Given,United States,2018-08-17,2018,TV-PG,1 Season,Reality TV
s4703,TV Show,,Not Given,Australia,2018-08-10,2018,TV-14,1 Season,"Docuseries, International TV Shows, Science & Nature TV"
s4704,TV Show,,Not Given,United States,2018-08-10,2018,TV-MA,1 Season,"Docuseries, Reality TV, Science & Nature TV"
s4705,TV Show,,Not Given,United States,2018-08-10,2018,TV-PG,1 Season,TV Comedies
s4710,TV Show,,Not Given,United States,2018-08-09,2018,TV-14,5 Seasons,"TV Dramas, TV Horror, TV Mysteries"
s4712,TV Show,,Not Given,Taiwan,2018-08-05,2018,TV-14,1 Season,"International TV Shows, TV Dramas, TV Mysteries"
s4717,TV Show,,Not Given,Spain,2018-08-03,2018,TV-MA,1 Season,"Crime TV Shows, International TV Shows, Spanish-Language TV Shows"
s4678,TV Show,,Not Given,Pakistan,2018-08-31,2018,TV-PG,3 Seasons,"Reality TV, Spanish-Language TV Shows"
s4742,TV Show,,Not Given,Japan,2018-08-01,2018,TV-MA,1 Season,"International TV Shows, TV Dramas, TV Mysteries"
s4743,TV Show,,Not Given,Japan,2018-08-01,2018,TV-14,1 Season,"International TV Shows, Romantic TV Shows, TV Dramas"
s4744,TV Show,,Not Given,France,2018-07-30,2018,TV-MA,2 Seasons,"International TV Shows, TV Comedies"
s4745,TV Show,,Not Given,Japan,2018-07-30,2018,TV-MA,2 Seasons,"Anime Series, International TV Shows"
s4748,TV Show,,Not Given,Australia,2018-07-28,2007,TV-MA,6 Seasons,TV Comedies
s4751,TV Show,,Not Given,Mexico,2018-07-27,2018,TV-MA,3 Seasons,"Crime TV Shows, Spanish-Language TV Shows, TV Action & Adventure"
s4753,TV Show,,Not Given,Japan,2018-07-27,2018,TV-MA,1 Season,"Crime TV Shows, International TV Shows, TV Action & Adventure"
s4755,TV Show,,Not Given,Spain,2018-07-27,2018,TV-MA,1 Season,"International TV Shows, TV Comedies, TV Dramas"
s4759,TV Show,,Not Given,United Kingdom,2018-07-20,2018,TV-PG,1 Season,"British TV Shows, International TV Shows, Reality TV"
s4760,TV Show,,Not Given,New Zealand,2018-07-20,2018,TV-MA,1 Season,"Docuseries, International TV Shows"
s4762,Movie,,Not Given,United States,2018-07-20,2018,TV-MA,95 min,Comedies
s4763,TV Show,,Not Given,United States,2018-07-20,2018,TV-Y7,4 Seasons,"Kids' TV, TV Comedies"
s4764,TV Show,,Not Given,Japan,2018-07-20,2018,TV-MA,1 Season,"International TV Shows, TV Comedies, TV Dramas"
s4765,TV Show,,Not Given,Canada,2018-07-20,2018,TV-Y,2 Seasons,Kids' TV
s4767,Movie,,Not Given,Spain,2018-07-19,2018,TV-MA,85 min,"Comedies, International Movies"
s4772,TV Show,,Not Given,United States,2018-07-15,2018,TV-MA,2 Seasons,"Stand-Up Comedy & Talk Shows, TV Comedies"
s4773,TV Show,,Not Given,China,2018-07-14,2018,TV-14,1 Season,"International TV Shows, Romantic TV Shows, TV Dramas"
s4777,TV Show,,Not Given,Israel,2018-07-11,2017,TV-MA,2 Seasons,"International TV Shows, TV Action & Adventure, TV Dramas"
s4779,TV Show,,Not Given,United States,2018-07-10,2018,TV-MA,2 Seasons,"Crime TV Shows, Docuseries"
s4781,TV Show,,Not Given,United States,2018-07-06,2018,TV-PG,2 Seasons,"Docuseries, International TV Shows"
s4816,TV Show,,Not Given,Brazil,2018-06-25,2018,TV-MA,1 Season,"International TV Shows, TV Comedies"
s4799,TV Show,,Not Given,United States,2018-07-01,2017,TV-14,15 Seasons,"Crime TV Shows, TV Dramas, TV Mysteries"
s4805,TV Show,,Not Given,United States,2018-06-30,2017,TV-14,1 Season,"Crime TV Shows, TV Dramas, TV Mysteries"
s4808,TV Show,,Not Given,United Kingdom,2018-06-29,2018,TV-MA,1 Season,"British TV Shows, International TV Shows, Reality TV"
s4810,TV Show,,Not Given,United Kingdom,2018-06-29,2018,TV-MA,1 Season,"British TV Shows, Crime TV Shows, International TV Shows"
s4814,TV Show,,Not Given,United States,2018-06-26,2017,TV-Y7,1 Season,"Kids' TV, TV Comedies"
s4822,TV Show,,Not Given,United States,2018-06-22,2018,TV-MA,2 Seasons,"Crime TV Shows, TV Action & Adventure, TV Dramas"
s4825,TV Show,,Not Given,United States,2018-06-18,2018,TV-MA,1 Season,"International TV Shows, Spanish-Language TV Shows, TV Comedies"
s4839,TV Show,,Not Given,Japan,2018-06-02,2008,TV-Y7,2 Seasons,"Anime Series, Kids' TV"
s4842,TV Show,,Not Given,France,2018-06-01,2018,TV-MA,1 Season,"Crime TV Shows, Docuseries, International TV Shows"
s4845,TV Show,,Not Given,United States,2018-05-30,2019,TV-14,4 Seasons,TV Comedies
s4846,TV Show,,Not Given,United States,2018-05-29,2019,TV-MA,5 Seasons,TV Comedies
s4847,TV Show,,Not Given,United States,2018-05-27,2018,TV-MA,1 Season,"Stand-Up Comedy & Talk Shows, TV Comedies"
s4849,TV Show,,Not Given,South Korea,2018-05-26,2018,TV-MA,1 Season,"International TV Shows, Korean TV Shows, Romantic TV Shows"
s4853,TV Show,,Not Given,United States,2018-05-25,2018,TV-Y7,3 Seasons,"Kids' TV, TV Action & Adventure, TV Sci-Fi & Fantasy"
s4854,TV Show,,Not Given,Japan,2018-05-22,2018,TV-MA,1 Season,"International TV Shows, TV Action & Adventure, TV Comedies"
s4858,TV Show,,Not Given,Canada,2018-05-18,2017,TV-Y7,4 Seasons,"Crime TV Shows, Kids' TV, TV Comedies"
s4863,TV Show,,Not Given,Japan,2018-05-15,2009,TV-MA,1 Season,"Anime Series, International TV Shows"
s5001,TV Show,,Not Given,United States,2018-03-02,2018,TV-MA,1 Season,"Docuseries, Science & Nature TV"
s4866,TV Show,,Not Given,United States,2018-05-11,2018,TV-14,3 Seasons,Stand-Up Comedy & Talk Shows
s4870,TV Show,,Not Given,United States,2018-05-11,2018,TV-PG,1 Season,"Kids' TV, TV Comedies"
s4875,TV Show,,Not Given,United States,2018-05-04,2018,TV-G,1 Season,"Stand-Up Comedy & Talk Shows, TV Comedies"
s4880,TV Show,,Not Given,United States,2018-05-04,2018,TV-Y7,2 Seasons,Kids' TV
s4896,Movie,,Not Given,United States,2018-05-01,2015,TV-Y,40 min,Movies
s4899,TV Show,,Not Given,France,2018-05-01,2016,TV-Y,1 Season,Kids' TV
s4904,TV Show,,Not Given,Saudi Arabia,2018-04-30,2017,TV-14,1 Season,"International TV Shows, TV Dramas"
s4925,TV Show,,Not Given,Germany,2018-04-19,2017,TV-MA,1 Season,"International TV Shows, TV Dramas"
s4926,TV Show,,Not Given,France,2018-04-17,2018,TV-MA,1 Season,"Crime TV Shows, International TV Shows, TV Dramas"
s4927,TV Show,,Not Given,United States,2018-04-17,2018,TV-MA,1 Season,"Stand-Up Comedy & Talk Shows, TV Comedies"
s4931,TV Show,,Not Given,United States,2018-04-13,2018,TV-Y,2 Seasons,Kids' TV
s4934,TV Show,,Not Given,Philippines,2018-04-09,2017,TV-MA,1 Season,"International TV Shows, TV Dramas"
s4942,TV Show,,Not Given,United Kingdom,2018-04-06,2018,TV-MA,1 Season,"British TV Shows, International TV Shows, Romantic TV Shows"
s4943,TV Show,,Not Given,France,2018-04-06,2017,TV-PG,3 Seasons,Kids' TV
s4947,TV Show,,Not Given,United States,2018-04-02,1993,TV-PG,7 Seasons,"TV Action & Adventure, TV Sci-Fi & Fantasy"
s4950,TV Show,,Not Given,Sweden,2018-04-01,2017,TV-MA,1 Season,"Crime TV Shows, International TV Shows, TV Comedies"
s4952,TV Show,,Not Given,United Kingdom,2018-04-01,2017,TV-MA,1 Season,"British TV Shows, International TV Shows, TV Comedies"
s4958,TV Show,,Not Given,United Kingdom,2018-03-31,2017,TV-MA,2 Seasons,"British TV Shows, International TV Shows, Romantic TV Shows"
s4962,TV Show,,Not Given,United States,2018-03-30,2018,TV-MA,1 Season,Docuseries
s4965,TV Show,,Not Given,Canada,2018-03-30,2018,TV-MA,12 Seasons,"Classic & Cult TV, Crime TV Shows, International TV Shows"
s4968,TV Show,,Not Given,United Kingdom,2018-03-30,2018,TV-14,1 Season,Docuseries
s4974,TV Show,,Not Given,United Kingdom,2018-03-23,2018,TV-MA,1 Season,"British TV Shows, International TV Shows, TV Dramas"
s4977,TV Show,,Not Given,United States,2018-03-20,2018,TV-MA,2 Seasons,"Stand-Up Comedy & Talk Shows, TV Comedies"
s4979,TV Show,,Not Given,Argentina,2018-03-16,2018,TV-MA,1 Season,"International TV Shows, Spanish-Language TV Shows, TV Dramas"
s4981,TV Show,,Not Given,United States,2018-03-16,2018,TV-MA,1 Season,"Crime TV Shows, Docuseries"
s4985,TV Show,,Not Given,Egypt,2018-03-15,2016,TV-14,1 Season,"International TV Shows, Romantic TV Shows, TV Dramas"
s4986,TV Show,,Not Given,Belgium,2018-03-15,2017,TV-MA,1 Season,"International TV Shows, TV Dramas, TV Mysteries"
s4989,TV Show,,Not Given,Japan,2018-03-13,2017,TV-14,1 Season,"Anime Series, International TV Shows"
s4993,TV Show,,Not Given,United Kingdom,2018-03-09,2018,TV-MA,1 Season,"British TV Shows, Crime TV Shows, International TV Shows"
s4995,TV Show,,Not Given,South Korea,2018-03-08,2018,TV-MA,1 Season,"Crime TV Shows, International TV Shows, Korean TV Shows"
s4998,TV Show,,Not Given,Norway,2018-03-06,2017,TV-MA,1 Season,"Crime TV Shows, International TV Shows, TV Dramas"
s5005,TV Show,,Not Given,Canada,2018-03-01,2017,TV-MA,1 Season,"Crime TV Shows, International TV Shows, TV Dramas"
s5006,Movie,,Not Given,United States,2018-03-01,2018,TV-MA,59 min,Stand-Up Comedy
s5024,Movie,,Not Given,United Kingdom,2018-02-27,2018,TV-MA,69 min,Movies
s5027,TV Show,,Not Given,South Korea,2018-02-23,2016,TV-14,1 Season,"International TV Shows, Romantic TV Shows, TV Comedies"
s5028,TV Show,,Not Given,France,2018-02-23,2018,TV-MA,2 Seasons,"International TV Shows, TV Dramas, TV Thrillers"
s5030,TV Show,,Not Given,United States,2018-02-23,2018,TV-MA,1 Season,"Crime TV Shows, TV Dramas"
s5031,TV Show,,Not Given,United Kingdom,2018-02-22,2017,TV-14,1 Season,"British TV Shows, Docuseries, International TV Shows"
s5033,TV Show,,Not Given,United Kingdom,2018-02-20,2017,TV-MA,2 Seasons,"British TV Shows, Crime TV Shows, International TV Shows"
s5036,TV Show,,Not Given,United States,2018-02-16,2018,TV-Y7,6 Seasons,"Kids' TV, TV Action & Adventure"
s5037,TV Show,,Not Given,United States,2018-02-16,2018,TV-14,1 Season,"TV Comedies, TV Dramas, Teen TV Shows"
s5039,TV Show,,Not Given,Japan,2018-02-15,2017,TV-MA,1 Season,"International TV Shows, TV Dramas, TV Mysteries"
s5047,TV Show,,Not Given,United States,2018-02-06,2017,TV-14,1 Season,"TV Action & Adventure, TV Dramas"
s5049,TV Show,,Not Given,United States,2018-02-02,2018,TV-MA,1 Season,"Docuseries, Reality TV"
s5053,Movie,,Not Given,United States,2018-02-01,2017,TV-MA,86 min,Documentaries
s5058,TV Show,,Not Given,United Kingdom,2018-01-30,2016,TV-MA,1 Season,"British TV Shows, Crime TV Shows, International TV Shows"
s5062,Movie,,Not Given,Mexico,2018-01-26,2018,TV-MA,57 min,Stand-Up Comedy
s5064,TV Show,,Not Given,United States,2018-01-26,2018,TV-Y7,6 Seasons,"Kids' TV, TV Comedies"
s5066,TV Show,,Not Given,South Korea,2018-01-24,2017,TV-MA,1 Season,"International TV Shows, Korean TV Shows, TV Comedies"
s5070,TV Show,,Not Given,United States,2018-01-22,2018,TV-MA,2 Seasons,"TV Action & Adventure, TV Dramas, TV Sci-Fi & Fantasy"
s5071,TV Show,,Not Given,Japan,2018-01-20,2017,TV-PG,1 Season,"International TV Shows, Romantic TV Shows, TV Dramas"
s5076,TV Show,,Not Given,Spain,2018-01-18,2017,TV-MA,1 Season,"International TV Shows, Romantic TV Shows, Spanish-Language TV Shows"
s5079,Movie,,Not Given,United States,2018-01-16,2018,TV-MA,60 min,Stand-Up Comedy
s5083,TV Show,,Not Given,United States,2018-01-12,2018,TV-MA,2 Seasons,TV Comedies
s5088,Movie,,Not Given,Colombia,2018-01-10,2018,TV-MA,60 min,Stand-Up Comedy
s5091,TV Show,,Not Given,United Kingdom,2018-01-06,2017,TV-MA,5 Seasons,"Classic & Cult TV, TV Comedies"
s5096,TV Show,,Not Given,Japan,2018-01-01,2003,TV-14,1 Season,"Anime Series, International TV Shows"
s5098,TV Show,,Not Given,United Kingdom,2018-01-01,2018,TV-MA,3 Seasons,"British TV Shows, International TV Shows, Romantic TV Shows"
s5099,TV Show,,Not Given,Japan,2018-01-01,2000,TV-Y7,1 Season,"Anime Series, Kids' TV"
s5100,TV Show,,Not Given,France,2018-01-01,2017,TV-MA,1 Season,"Crime TV Shows, International TV Shows, TV Dramas"
s5104,TV Show,,Not Given,France,2017-12-29,2017,TV-MA,1 Season,"Crime TV Shows, International TV Shows, TV Dramas"
s5113,TV Show,,Not Given,Australia,2017-12-22,2017,TV-14,1 Season,"Docuseries, International TV Shows, Science & Nature TV"
s5119,TV Show,,Not Given,Canada,2017-12-19,2017,TV-14,1 Season,"Crime TV Shows, International TV Shows, TV Comedies"
s5120,TV Show,,Not Given,South Korea,2017-12-18,2017,TV-MA,2 Seasons,"International TV Shows, Korean TV Shows, Romantic TV Shows"
s5126,TV Show,,Not Given,United States,2017-12-15,2017,TV-14,1 Season,"Crime TV Shows, Docuseries"
s5127,TV Show,,Not Given,United States,2017-12-14,2017,TV-14,4 Seasons,TV Dramas
s5139,TV Show,,Not Given,United States,2017-12-01,2017,TV-Y7,5 Seasons,"Kids' TV, TV Comedies"
s5140,TV Show,,Not Given,Malaysia,2017-12-01,2015,TV-14,1 Season,"International TV Shows, TV Dramas"
s5141,Movie,,Not Given,United States,2017-12-01,2017,TV-Y,46 min,"Children & Family Movies, Comedies, Music & Musicals"
s5142,TV Show,,Not Given,Japan,2017-12-01,2017,TV-PG,1 Season,"International TV Shows, TV Comedies"
s5148,TV Show,,Not Given,United States,2017-12-01,2017,TV-14,4 Seasons,TV Dramas
s5150,TV Show,,Not Given,United Kingdom,2017-11-30,2017,TV-MA,4 Seasons,"British TV Shows, International TV Shows, TV Comedies"
s5151,TV Show,,Not Given,United Kingdom,2017-11-27,2017,TV-MA,3 Seasons,"British TV Shows, Crime TV Shows, International TV Shows"
s5155,TV Show,,Not Given,Japan,2017-11-24,2017,TV-14,1 Season,"International TV Shows, Romantic TV Shows, TV Dramas"
s5158,TV Show,,Not Given,South Korea,2017-11-22,2017,TV-MA,1 Season,"International TV Shows, Korean TV Shows, TV Dramas"
s5160,TV Show,,Not Given,United States,2017-11-22,2017,TV-MA,1 Season,TV Dramas
s5166,TV Show,,Not Given,United States,2017-11-17,2017,TV-MA,6 Seasons,"Crime TV Shows, TV Dramas"
s5167,TV Show,,Not Given,United States,2017-11-17,2017,TV-Y,3 Seasons,Kids' TV
s5169,TV Show,,Not Given,United States,2017-11-17,2017,TV-MA,1 Season,Reality TV
s5170,TV Show,,Not Given,Japan,2017-11-15,2014,TV-14,1 Season,"Anime Series, International TV Shows, Teen TV Shows"
s5171,TV Show,,Not Given,Russia,2017-11-15,2015,TV-MA,1 Season,"Crime TV Shows, International TV Shows, TV Dramas"
s5174,TV Show,,Not Given,Japan,2017-11-10,2017,TV-MA,1 Season,"International TV Shows, TV Action & Adventure, TV Comedies"
s5176,TV Show,,Not Given,United States,2017-11-10,2017,TV-MA,2 Seasons,TV Comedies
s5179,TV Show,,Not Given,Japan,2017-11-07,2017,TV-MA,2 Seasons,"Anime Series, International TV Shows"
s5181,TV Show,,Not Given,United States,2017-11-07,2017,TV-G,6 Seasons,Kids' TV
s5186,TV Show,,Not Given,Canada,2017-11-03,2017,TV-MA,1 Season,"Crime TV Shows, International TV Shows, TV Dramas"
s5196,TV Show,,Not Given,Singapore,2017-11-01,2009,TV-14,1 Season,"International TV Shows, TV Dramas"
s5201,TV Show,,Not Given,United States,2017-10-27,2017,TV-14,1 Season,"Stand-Up Comedy & Talk Shows, TV Mysteries, TV Sci-Fi & Fantasy"
s5206,TV Show,,Not Given,Canada,2017-10-24,2017,TV-MA,1 Season,"TV Dramas, TV Horror, TV Mysteries"
s5207,TV Show,,Not Given,United Kingdom,2017-10-24,2017,TV-MA,3 Seasons,"British TV Shows, TV Comedies"
s5209,TV Show,,Not Given,United States,2017-10-20,2017,TV-PG,2 Seasons,"TV Comedies, Teen TV Shows"
s5211,TV Show,,Not Given,United States,2017-10-20,2017,TV-MA,1 Season,"Crime TV Shows, Docuseries, International TV Shows"
s5220,TV Show,,Not Given,France,2017-10-15,2017,TV-Y,1 Season,Kids' TV
s5222,TV Show,,Not Given,United States,2017-10-15,2015,TV-G,6 Seasons,"Docuseries, Reality TV"
s5232,TV Show,,Not Given,Japan,2017-10-06,2017,TV-PG,1 Season,"Anime Series, International TV Shows"
s5233,TV Show,,Not Given,China,2017-10-06,2017,TV-Y7,2 Seasons,Kids' TV
s5237,TV Show,,Not Given,Japan,2017-10-01,2016,TV-Y7,1 Season,"Anime Series, Kids' TV"
s5238,TV Show,,Not Given,United States,2017-10-01,2017,TV-Y7,1 Season,"Kids' TV, TV Comedies"
s5244,TV Show,,Not Given,France,2017-10-01,2016,TV-Y,2 Seasons,Kids' TV
s5245,TV Show,,Not Given,United States,2017-10-01,2004,TV-14,4 Seasons,"Classic & Cult TV, TV Action & Adventure, TV Sci-Fi & Fantasy"
s5246,TV Show,,Not Given,United States,2017-10-01,2000,TV-PG,7 Seasons,"TV Action & Adventure, TV Sci-Fi & Fantasy"
s5247,TV Show,,Not Given,Singapore,2017-10-01,2013,TV-14,1 Season,"International TV Shows, Romantic TV Shows, TV Dramas"
s5248,TV Show,,Not Given,Singapore,2017-10-01,2009,TV-14,1 Season,"International TV Shows, Romantic TV Shows, TV Dramas"
s5251,TV Show,,Not Given,Taiwan,2017-10-01,2017,TV-14,1 Season,"International TV Shows, TV Dramas"
s5252,TV Show,,Not Given,United Kingdom,2017-09-30,2017,TV-MA,1 Season,"British TV Shows, Docuseries, International TV Shows"
s5258,TV Show,,Not Given,United Kingdom,2017-09-29,2017,TV-14,1 Season,"British TV Shows, Docuseries, International TV Shows"
s5259,TV Show,,Not Given,United States,2017-09-29,2017,TV-MA,2 Seasons,TV Comedies
s5263,TV Show,,Not Given,United States,2017-09-26,2017,TV-14,4 Seasons,"International TV Shows, Reality TV"
s5264,TV Show,,Not Given,Canada,2017-09-25,2017,TV-14,3 Seasons,"TV Sci-Fi & Fantasy, TV Thrillers"
s5273,TV Show,,Not Given,United States,2017-09-15,2017,TV-Y,2 Seasons,Kids' TV
s5275,TV Show,,Not Given,Australia,2017-09-13,2017,TV-MA,7 Seasons,"TV Comedies, TV Dramas"
s5279,TV Show,,Not Given,Spain,2017-09-08,2016,TV-MA,1 Season,"Crime TV Shows, International TV Shows, Spanish-Language TV Shows"
s5281,TV Show,,Not Given,United States,2017-09-08,2017,TV-MA,1 Season,"Docuseries, Science & Nature TV"
s5243,TV Show,,Not Given,Pakistan,2017-10-01,2012,TV-14,1 Season,"International TV Shows, TV Dramas"
s5285,TV Show,,Not Given,United States,2017-09-05,2016,TV-PG,1 Season,"Romantic TV Shows, TV Comedies, TV Dramas"
s5286,TV Show,,Not Given,United States,2017-09-05,2017,TV-14,4 Seasons,TV Dramas
s5287,TV Show,,Not Given,United States,2017-09-04,2016,TV-14,1 Season,"Crime TV Shows, TV Dramas, TV Mysteries"
s5288,TV Show,,Not Given,United States,2017-09-04,2016,TV-14,8 Seasons,"TV Dramas, TV Mysteries, TV Sci-Fi & Fantasy"
s5289,TV Show,,Not Given,Taiwan,2017-09-01,2017,TV-MA,1 Season,"International TV Shows, TV Comedies, TV Dramas"
s5290,TV Show,,Not Given,Taiwan,2017-09-01,2017,TV-PG,1 Season,"International TV Shows, TV Dramas, TV Horror"
s5296,Movie,,Not Given,India,2017-09-01,1976,TV-PG,135 min,"Comedies, International Movies, Romantic Movies"
s5298,TV Show,,Not Given,Japan,2017-09-01,2017,TV-PG,1 Season,"International TV Shows, TV Dramas"
s5299,TV Show,,Not Given,Japan,2017-09-01,2007,TV-14,1 Season,"Anime Series, International TV Shows"
s5300,TV Show,,Not Given,United States,2017-09-01,1988,TV-PG,1 Season,"Docuseries, Reality TV"
s5302,TV Show,,Not Given,United States,2017-09-01,2017,TV-Y7,1 Season,Kids' TV
s5306,TV Show,,Not Given,United States,2017-09-01,2017,TV-MA,3 Seasons,"Crime TV Shows, TV Action & Adventure, TV Dramas"
s5321,TV Show,,Not Given,United States,2017-08-18,2017,TV-Y7,5 Seasons,Kids' TV
s5322,TV Show,,Not Given,United States,2017-08-18,2017,TV-MA,1 Season,"Crime TV Shows, TV Action & Adventure, TV Dramas"
s5325,TV Show,,Not Given,Turkey,2017-08-15,2013,TV-MA,1 Season,"Crime TV Shows, International TV Shows, TV Dramas"
s5328,TV Show,,Not Given,Japan,2017-08-15,2017,TV-MA,1 Season,"Crime TV Shows, International TV Shows, TV Dramas"
s5346,TV Show,,Not Given,United States,2017-08-04,2017,TV-MA,1 Season,TV Comedies
s5348,TV Show,,Not Given,Singapore,2017-08-01,2011,TV-14,1 Season,"International TV Shows, TV Dramas, TV Sci-Fi & Fantasy"
s5349,TV Show,,Not Given,Taiwan,2017-08-01,2016,TV-14,1 Season,"Crime TV Shows, International TV Shows, TV Dramas"
s5350,TV Show,,Not Given,South Korea,2017-08-01,2014,TV-14,1 Season,"International TV Shows, TV Dramas"
s5351,TV Show,,Not Given,Russia,2017-08-01,2015,TV-14,1 Season,"Crime TV Shows, International TV Shows, TV Dramas"
s5355,TV Show,,Not Given,Taiwan,2017-08-01,2016,TV-PG,1 Season,"International TV Shows, Romantic TV Shows, TV Dramas"
s5356,TV Show,,Not Given,Russia,2017-08-01,2014,TV-MA,1 Season,"Crime TV Shows, International TV Shows, Romantic TV Shows"
s5363,TV Show,,Not Given,Singapore,2017-08-01,2011,TV-14,1 Season,"International TV Shows, TV Dramas"
s5364,TV Show,,Not Given,United Kingdom,2017-08-01,2013,TV-MA,5 Seasons,"British TV Shows, Classic & Cult TV, International TV Shows"
s5366,TV Show,,Not Given,United Kingdom,2017-08-01,2012,TV-MA,2 Seasons,"British TV Shows, Crime TV Shows, International TV Shows"
s5367,TV Show,,Not Given,United Kingdom,2017-08-01,2009,TV-MA,1 Season,"British TV Shows, Docuseries, International TV Shows"
s5381,TV Show,,Not Given,United States,2017-07-07,2017,TV-Y7,4 Seasons,Kids' TV
s5383,TV Show,,Not Given,China,2017-07-07,2015,TV-PG,1 Season,"International TV Shows, Romantic TV Shows, TV Dramas"
s5384,TV Show,,Not Given,China,2017-07-07,2012,TV-14,1 Season,"International TV Shows, TV Dramas"
s5385,TV Show,,Not Given,China,2017-07-07,2012,TV-14,1 Season,"International TV Shows, TV Dramas"
s5387,TV Show,,Not Given,China,2017-07-07,2008,TV-14,1 Season,"International TV Shows, TV Action & Adventure, TV Dramas"
s5391,TV Show,,Not Given,Singapore,2017-07-01,2014,TV-14,1 Season,"Crime TV Shows, International TV Shows, TV Dramas"
s5393,TV Show,,Not Given,United States,2017-07-01,2012,TV-Y,1 Season,"Kids' TV, TV Comedies"
s5353,TV Show,,Not Given,Pakistan,2017-08-01,2016,TV-14,1 Season,"Crime TV Shows, International TV Shows, TV Dramas"
s5396,TV Show,,Not Given,Turkey,2017-07-01,2016,TV-MA,3 Seasons,"International TV Shows, Romantic TV Shows, TV Dramas"
s5398,TV Show,,Not Given,United Kingdom,2017-07-01,2015,TV-Y,1 Season,"British TV Shows, Kids' TV"
s5400,TV Show,,Not Given,Singapore,2017-07-01,2014,TV-14,1 Season,"International TV Shows, TV Dramas, TV Horror"
s5404,TV Show,,Not Given,Singapore,2017-07-01,2011,TV-14,1 Season,"International TV Shows, Romantic TV Shows, TV Dramas"
s5405,TV Show,,Not Given,Singapore,2017-07-01,2016,TV-MA,1 Season,"Crime TV Shows, International TV Shows, TV Dramas"
s5406,TV Show,,Not Given,Singapore,2017-07-01,2009,TV-14,1 Season,"International TV Shows, TV Dramas"
s5407,TV Show,,Not Given,Singapore,2017-07-01,2012,TV-14,2 Seasons,"Crime TV Shows, International TV Shows, TV Dramas"
s5408,TV Show,,Not Given,Singapore,2017-07-01,2014,TV-14,1 Season,"International TV Shows, TV Dramas"
s5410,TV Show,,Not Given,Singapore,2017-07-01,2014,TV-14,1 Season,"International TV Shows, TV Dramas"
s5411,TV Show,,Not Given,Singapore,2017-07-01,2012,TV-14,1 Season,"International TV Shows, Romantic TV Shows, TV Comedies"
s5413,TV Show,,Not Given,United States,2017-06-30,2017,TV-14,12 Seasons,"Crime TV Shows, TV Dramas, TV Mysteries"
s5414,TV Show,,Not Given,United States,2017-06-30,2017,TV-MA,1 Season,TV Dramas
s5415,TV Show,,Not Given,Japan,2017-06-30,2017,TV-Y7,2 Seasons,"Anime Series, International TV Shows"
s5422,TV Show,,Not Given,United States,2017-06-21,2017,TV-14,5 Seasons,TV Comedies
s5423,TV Show,,Not Given,United States,2017-06-20,2014,TV-Y7,2 Seasons,"Kids' TV, TV Comedies"
s5426,TV Show,,Not Given,United States,2017-06-16,2016,TV-MA,2 Seasons,"Crime TV Shows, TV Dramas"
s5434,TV Show,,Not Given,South Korea,2017-06-10,2016,TV-PG,1 Season,"International TV Shows, Korean TV Shows, Romantic TV Shows"
s5435,TV Show,,Not Given,South Korea,2017-06-10,2016,TV-PG,1 Season,"International TV Shows, Korean TV Shows, Romantic TV Shows"
s5437,TV Show,,Not Given,South Korea,2017-06-10,2016,TV-PG,1 Season,"Crime TV Shows, International TV Shows, Korean TV Shows"
s5402,TV Show,,Not Given,Pakistan,2017-07-01,2014,TV-14,1 Season,"International TV Shows, Romantic TV Shows, TV Dramas"
s5438,TV Show,,Not Given,China,2017-06-10,2015,TV-14,1 Season,"International TV Shows, Romantic TV Shows, TV Dramas"
s5439,TV Show,,Not Given,South Korea,2017-06-10,2016,TV-14,1 Season,"International TV Shows, Korean TV Shows, TV Dramas"
s5440,TV Show,,Not Given,South Korea,2017-06-09,2017,TV-MA,1 Season,"International TV Shows, Korean TV Shows, Romantic TV Shows"
s5445,TV Show,,Not Given,United Kingdom,2017-06-02,2016,TV-MA,1 Season,"British TV Shows, International TV Shows, Romantic TV Shows"
s5446,TV Show,,Not Given,United States,2017-06-02,2017,TV-MA,2 Seasons,"TV Comedies, TV Dramas"
s5458,TV Show,,Not Given,Singapore,2017-06-01,2015,TV-14,1 Season,"Crime TV Shows, International TV Shows, TV Dramas"
s5460,TV Show,,Not Given,United States,2017-06-01,2015,TV-MA,3 Seasons,Stand-Up Comedy & Talk Shows
s5465,TV Show,,Not Given,Denmark,2017-06-01,2016,TV-14,1 Season,"International TV Shows, TV Dramas"
s5466,TV Show,,Not Given,Singapore,2017-06-01,2016,TV-14,1 Season,"International TV Shows, TV Dramas"
s5471,TV Show,,Not Given,United States,2017-05-26,2017,TV-MA,3 Seasons,"TV Dramas, TV Mysteries, TV Thrillers"
s5478,TV Show,,Not Given,Thailand,2017-05-19,2017,TV-MA,1 Season,"Docuseries, International TV Shows"
s5480,TV Show,,Not Given,United States,2017-05-19,2017,TV-MA,1 Season,"Crime TV Shows, Docuseries, TV Mysteries"
s5510,TV Show,,Not Given,South Korea,2017-04-28,2015,TV-14,1 Season,"International TV Shows, Korean TV Shows, Romantic TV Shows"
s5511,TV Show,,Not Given,South Korea,2017-04-28,2010,TV-14,1 Season,"International TV Shows, Korean TV Shows, TV Dramas"
s5514,TV Show,,Not Given,South Korea,2017-04-28,2015,TV-14,1 Season,"International TV Shows, Korean TV Shows, Romantic TV Shows"
s5515,TV Show,,Not Given,Spain,2017-04-27,2017,TV-MA,2 Seasons,"Crime TV Shows, International TV Shows, Spanish-Language TV Shows"
s5520,TV Show,,Not Given,Canada,2017-04-22,2016,TV-Y7,1 Season,"Kids' TV, TV Comedies"
s5521,TV Show,,Not Given,United States,2017-04-21,2017,TV-MA,1 Season,TV Comedies
s5459,TV Show,,Not Given,Pakistan,2017-06-01,2016,TV-Y7,1 Season,"Kids' TV, Korean TV Shows"
s5489,TV Show,,Not Given,Pakistan,2017-05-12,2017,TV-Y7,1 Season,"Kids' TV, TV Action & Adventure, TV Comedies"
s5524,TV Show,,Not Given,United States,2017-04-21,2017,TV-Y7,4 Seasons,"Kids' TV, TV Comedies"
s5538,TV Show,,Not Given,South Korea,2017-04-10,2016,TV-14,1 Season,"International TV Shows, Korean TV Shows, TV Dramas"
s5539,TV Show,,Not Given,United States,2017-04-07,2017,TV-MA,2 Seasons,TV Dramas
s5543,TV Show,,Not Given,Turkey,2017-04-01,2005,TV-MA,1 Season,"International TV Shows, TV Dramas"
s5554,Movie,,Not Given,United Kingdom,2017-03-31,2016,TV-MA,51 min,Stand-Up Comedy
s5559,TV Show,,Not Given,United States,2017-03-24,2017,TV-Y7,2 Seasons,"British TV Shows, Kids' TV"
s5564,TV Show,,Not Given,Japan,2017-03-20,2015,TV-14,1 Season,"Anime Series, Crime TV Shows, International TV Shows"
s5567,TV Show,,Not Given,United States,2017-03-17,2017,TV-Y,1 Season,Kids' TV
s5568,TV Show,,Not Given,Australia,2017-03-17,2015,TV-MA,3 Seasons,Reality TV
s5570,TV Show,,Not Given,Japan,2017-03-17,2017,TV-PG,1 Season,"International TV Shows, TV Dramas"
s5576,TV Show,,Not Given,United States,2017-03-14,2016,TV-PG,1 Season,"Reality TV, Teen TV Shows"
s5579,TV Show,,Not Given,United States,2017-03-10,2017,TV-Y7,1 Season,"Kids' TV, TV Comedies"
s5581,TV Show,,Not Given,South Korea,2017-03-10,2016,TV-14,1 Season,"International TV Shows, Korean TV Shows, Romantic TV Shows"
s5584,TV Show,,Not Given,United Kingdom,2017-03-01,2010,TV-14,1 Season,"International TV Shows, TV Dramas"
s5586,TV Show,,Not Given,South Korea,2017-03-01,2016,TV-MA,1 Season,"International TV Shows, Korean TV Shows, TV Action & Adventure"
s5592,TV Show,,Not Given,Mexico,2017-02-24,2017,TV-Y7,1 Season,Kids' TV
s5593,TV Show,,Not Given,South Korea,2017-02-24,2016,TV-14,1 Season,"International TV Shows, Korean TV Shows, TV Comedies"
s5594,TV Show,,Not Given,Turkey,2017-02-22,2015,TV-PG,3 Seasons,"International TV Shows, Romantic TV Shows, TV Comedies"
s5599,TV Show,,Not Given,South Korea,2017-02-17,2013,TV-14,1 Season,"International TV Shows, Korean TV Shows, Romantic TV Shows"
s5602,TV Show,,Not Given,South Korea,2017-02-15,2016,TV-14,1 Season,"International TV Shows, Korean TV Shows, TV Dramas"
s5604,TV Show,,Not Given,South Korea,2017-02-15,2016,TV-PG,1 Season,"International TV Shows, Korean TV Shows, Romantic TV Shows"
s5609,TV Show,,Not Given,South Korea,2017-02-14,2016,TV-14,1 Season,"International TV Shows, Korean TV Shows, TV Dramas"
s5610,TV Show,,Not Given,Japan,2017-02-10,2017,TV-14,1 Season,"Anime Series, International TV Shows"
s5612,Movie,,Not Given,Italy,2017-02-10,2017,TV-MA,96 min,Stand-Up Comedy
s5641,TV Show,,Not Given,United States,2017-01-10,2017,TV-Y,1 Season,"Kids' TV, TV Comedies"
s5651,TV Show,,Not Given,United States,2017-01-01,1999,TV-14,7 Seasons,"TV Action & Adventure, TV Sci-Fi & Fantasy"
s5654,TV Show,,Not Given,South Korea,2016-12-30,2016,TV-14,1 Season,"International TV Shows, Korean TV Shows, Romantic TV Shows"
s5655,TV Show,,Not Given,Japan,2016-12-27,2016,TV-MA,2 Seasons,"Anime Series, International TV Shows"
s5656,TV Show,,Not Given,United States,2016-12-27,2016,TV-14,1 Season,"Reality TV, Teen TV Shows"
s5659,TV Show,,Not Given,United States,2016-12-23,2018,TV-MA,2 Seasons,"Crime TV Shows, TV Dramas, TV Mysteries"
s5663,TV Show,,Not Given,United Kingdom,2016-12-16,2016,TV-MA,1 Season,"British TV Shows, International TV Shows, TV Comedies"
s5666,TV Show,,Not Given,South Korea,2016-12-15,2012,TV-PG,1 Season,"International TV Shows, Korean TV Shows, Romantic TV Shows"
s5668,TV Show,,Not Given,South Korea,2016-12-15,2012,TV-14,1 Season,"International TV Shows, Korean TV Shows, Romantic TV Shows"
s5669,TV Show,,Not Given,South Korea,2016-12-15,2012,TV-14,1 Season,"International TV Shows, Korean TV Shows, TV Dramas"
s5670,TV Show,,Not Given,South Korea,2016-12-15,2011,TV-MA,1 Season,"International TV Shows, Korean TV Shows, TV Dramas"
s5671,TV Show,,Not Given,China,2016-12-15,2016,TV-14,1 Season,"International TV Shows, TV Action & Adventure, TV Sci-Fi & Fantasy"
s5672,TV Show,,Not Given,South Korea,2016-12-15,2012,TV-14,1 Season,"International TV Shows, Korean TV Shows, TV Dramas"
s5673,TV Show,,Not Given,Japan,2016-12-15,2001,TV-14,2 Seasons,"Anime Series, International TV Shows"
s5674,TV Show,,Not Given,South Korea,2016-12-15,2012,TV-14,1 Season,"International TV Shows, Korean TV Shows, Romantic TV Shows"
s6090,TV Show,,Not Given,United States,2018-09-30,2018,TV-14,1 Season,TV Comedies
s5676,TV Show,,Not Given,South Korea,2016-12-15,2012,TV-PG,1 Season,"International TV Shows, Korean TV Shows, Romantic TV Shows"
s5678,TV Show,,Not Given,Canada,2016-12-13,2017,TV-MA,1 Season,"International TV Shows, TV Dramas"
s5681,TV Show,,Not Given,United Kingdom,2016-12-09,2016,TV-MA,1 Season,"Crime TV Shows, Docuseries"
s5684,TV Show,,Not Given,United States,2016-12-09,2016,TV-14,1 Season,"Docuseries, International TV Shows, Reality TV"
s5685,TV Show,,Not Given,Taiwan,2016-12-08,2016,TV-14,1 Season,"International TV Shows, Romantic TV Shows, TV Comedies"
s5687,TV Show,,Not Given,France,2016-12-08,2015,TV-14,1 Season,"Docuseries, International TV Shows"
s5691,TV Show,,Not Given,United States,2016-12-05,2016,TV-MA,3 Seasons,"Classic & Cult TV, TV Action & Adventure, TV Horror"
s5693,TV Show,,Not Given,Canada,2016-12-03,2016,TV-G,2 Seasons,"Kids' TV, TV Comedies, TV Dramas"
s5867,TV Show,,Not Given,United States,2016-02-19,2016,TV-14,1 Season,Docuseries
s5700,TV Show,,Not Given,Taiwan,2016-12-01,2016,TV-PG,1 Season,"International TV Shows, Romantic TV Shows, TV Comedies"
s5701,TV Show,,Not Given,Taiwan,2016-12-01,2015,TV-PG,1 Season,"International TV Shows, Romantic TV Shows, TV Comedies"
s5704,TV Show,,Not Given,Taiwan,2016-12-01,2016,TV-14,1 Season,"International TV Shows, Romantic TV Shows, TV Comedies"
s5708,TV Show,,Not Given,United States,2016-11-25,2016,TV-14,1 Season,"TV Comedies, TV Dramas, Teen TV Shows"
s5716,TV Show,,Not Given,Colombia,2016-11-18,2016,TV-MA,1 Season,"Crime TV Shows, International TV Shows, Spanish-Language TV Shows"
s5717,TV Show,,Not Given,United Kingdom,2016-11-17,2016,TV-MA,1 Season,"British TV Shows, Crime TV Shows, International TV Shows"
s5721,TV Show,,Not Given,France,2016-11-10,2009,TV-MA,1 Season,"Docuseries, International TV Shows"
s5723,TV Show,,Not Given,Iceland,2016-11-09,2015,TV-MA,1 Season,"Crime TV Shows, International TV Shows, TV Dramas"
s5724,TV Show,,Not Given,United Kingdom,2016-11-09,2016,TV-Y7,2 Seasons,"British TV Shows, Kids' TV"
s5728,TV Show,,Not Given,Taiwan,2016-11-01,2011,TV-14,1 Season,"International TV Shows, Romantic TV Shows, TV Comedies"
s5729,TV Show,,Not Given,Taiwan,2016-11-01,2013,TV-14,1 Season,"International TV Shows, Romantic TV Shows, TV Comedies"
s5730,TV Show,,Not Given,Taiwan,2016-11-01,2013,TV-14,1 Season,"International TV Shows, Romantic TV Shows, TV Comedies"
s5731,TV Show,,Not Given,Taiwan,2016-11-01,2013,TV-MA,1 Season,"International TV Shows, Romantic TV Shows, TV Comedies"
s5732,TV Show,,Not Given,Taiwan,2016-11-01,2012,TV-14,1 Season,"International TV Shows, Romantic TV Shows, TV Comedies"
s5733,TV Show,,Not Given,Taiwan,2016-11-01,2012,TV-14,1 Season,"International TV Shows, Romantic TV Shows, TV Comedies"
s5742,TV Show,,Not Given,Canada,2016-10-28,2016,TV-MA,1 Season,"International TV Shows, TV Comedies"
s5745,TV Show,,Not Given,United States,2016-10-21,2016,TV-MA,1 Season,"TV Dramas, TV Thrillers"
s5752,TV Show,,Not Given,Japan,2016-10-15,2006,TV-14,1 Season,"Anime Series, Crime TV Shows, International TV Shows"
s5753,TV Show,,Not Given,United Kingdom,2016-10-15,2015,TV-MA,1 Season,"Crime TV Shows, International TV Shows, TV Dramas"
s5754,TV Show,,Not Given,Japan,2016-10-15,2008,TV-14,2 Seasons,"Anime Series, International TV Shows, Romantic TV Shows"
s5760,TV Show,,Not Given,United States,2016-10-07,2016,TV-Y,1 Season,Kids' TV
s5763,TV Show,,Not Given,Taiwan,2016-10-01,2015,TV-PG,1 Season,"International TV Shows, Romantic TV Shows, TV Dramas"
s5764,TV Show,,Not Given,Taiwan,2016-10-01,2015,TV-14,1 Season,"International TV Shows, Romantic TV Shows, TV Dramas"
s5767,TV Show,,Not Given,Taiwan,2016-10-01,2014,TV-14,1 Season,"International TV Shows, Romantic TV Shows, TV Comedies"
s5769,TV Show,,Not Given,Taiwan,2016-10-01,2014,TV-14,1 Season,"International TV Shows, Romantic TV Shows, TV Comedies"
s5770,TV Show,,Not Given,United States,2016-10-01,2012,TV-Y,1 Season,Kids' TV
s5772,TV Show,,Not Given,Taiwan,2016-10-01,2015,TV-PG,1 Season,"International TV Shows, Romantic TV Shows, TV Comedies"
s5778,TV Show,,Not Given,Taiwan,2016-10-01,2015,TV-14,1 Season,"International TV Shows, Romantic TV Shows, TV Dramas"
s5782,TV Show,,Not Given,Taiwan,2016-10-01,2015,TV-14,1 Season,"International TV Shows, Romantic TV Shows, TV Comedies"
s5786,TV Show,,Not Given,United States,2016-09-23,2016,TV-Y,4 Seasons,Kids' TV
s5799,Movie,,Not Given,United Kingdom,2016-09-09,2016,TV-MA,94 min,Stand-Up Comedy
s5801,TV Show,,Not Given,United States,2016-09-02,2016,TV-Y7,1 Season,Kids' TV
s5802,TV Show,,Not Given,United Kingdom,2016-09-01,2015,TV-14,1 Season,"British TV Shows, Docuseries"
s5803,TV Show,,Not Given,United Kingdom,2016-09-01,2008,TV-MA,1 Season,"British TV Shows, TV Horror, TV Thrillers"
s5804,TV Show,,Not Given,United States,2016-09-01,2011,TV-MA,9 Seasons,"Crime TV Shows, Docuseries, Science & Nature TV"
s5805,Movie,,Not Given,United Kingdom,2016-09-01,2016,TV-14,52 min,Documentaries
s5806,TV Show,,Not Given,Taiwan,2016-09-01,2010,TV-MA,1 Season,"International TV Shows, Romantic TV Shows, TV Dramas"
s5807,TV Show,,Not Given,United Kingdom,2016-09-01,2015,TV-14,1 Season,"British TV Shows, Crime TV Shows, Docuseries"
s5808,TV Show,,Not Given,Japan,2016-08-26,2016,TV-Y7,2 Seasons,"Anime Series, Kids' TV"
s5812,TV Show,,Not Given,United States,2016-08-15,2001,TV-14,1 Season,"British TV Shows, Docuseries"
s5813,TV Show,,Not Given,United Kingdom,2016-08-15,2015,TV-MA,3 Seasons,"British TV Shows, Crime TV Shows, Docuseries"
s5815,Movie,,Not Given,United Kingdom,2016-08-15,2010,TV-14,46 min,Documentaries
s5823,TV Show,,Not Given,United Kingdom,2016-08-01,2005,TV-14,1 Season,"British TV Shows, Crime TV Shows, Docuseries"
s5824,TV Show,,Not Given,United Kingdom,2016-08-01,2008,TV-G,1 Season,"British TV Shows, Docuseries, Science & Nature TV"
s5826,TV Show,,Not Given,Colombia,2016-08-01,2016,TV-MA,1 Season,"International TV Shows, Spanish-Language TV Shows, TV Dramas"
s5828,TV Show,,Not Given,United States,2016-07-29,2016,TV-Y7,2 Seasons,Kids' TV
s5787,Movie,,Not Given,Pakistan,2016-09-19,2016,TV-MA,65 min,Stand-Up Comedy
s5830,TV Show,,Not Given,United States,2016-07-24,2016,TV-Y,3 Seasons,Kids' TV
s5837,TV Show,,Not Given,United States,2016-07-01,2016,TV-MA,2 Seasons,"TV Action & Adventure, TV Dramas"
s5844,TV Show,,Not Given,Japan,2016-06-02,2016,TV-MA,1 Season,"International TV Shows, TV Dramas"
s5845,TV Show,,Not Given,Australia,2016-06-01,2016,TV-PG,1 Season,"Docuseries, International TV Shows, Science & Nature TV"
s5846,TV Show,,Not Given,Australia,2016-06-01,2016,TV-PG,1 Season,"Docuseries, International TV Shows, Science & Nature TV"
s5851,Movie,,Not Given,United States,2016-04-22,2016,TV-MA,66 min,Stand-Up Comedy
s5854,TV Show,,Not Given,Japan,2016-04-01,2015,TV-MA,1 Season,"Anime Series, International TV Shows"
s5856,TV Show,,Not Given,Canada,2016-04-01,2012,TV-Y,2 Seasons,Kids' TV
s5857,TV Show,,Not Given,Japan,2016-04-01,2016,TV-14,2 Seasons,"International TV Shows, Reality TV"
s5863,TV Show,,Not Given,United States,2016-03-11,2016,TV-MA,1 Season,TV Comedies
s5864,TV Show,,Not Given,Japan,2016-03-01,2014,TV-14,1 Season,"Anime Series, International TV Shows, Romantic TV Shows"
s5868,TV Show,,Not Given,United States,2016-02-05,2016,TV-Y,2 Seasons,Kids' TV
s5870,TV Show,,Not Given,United States,2016-02-05,2016,TV-Y7,3 Seasons,Kids' TV
s5872,TV Show,,Not Given,United States,2016-01-23,2016,TV-MA,1 Season,"Docuseries, Science & Nature TV"
s5878,TV Show,,Not Given,France,2015-12-25,2014,TV-Y,1 Season,"Kids' TV, TV Comedies"
s5883,TV Show,,Not Given,Japan,2015-12-01,2015,TV-PG,1 Season,"International TV Shows, TV Dramas"
s5886,TV Show,,Not Given,United States,2015-11-13,2015,TV-MA,1 Season,TV Comedies
s5998,Movie,,Not Given,South Korea,2017-04-28,2015,TV-PG,107 min,"International Movies, Music & Musicals"
s5839,TV Show,,Not Given,Pakistan,2016-06-24,2016,TV-Y,1 Season,Kids' TV
s5901,TV Show,,Not Given,United States,2015-07-31,2015,TV-MA,1 Season,TV Comedies
s5903,TV Show,,Not Given,Germany,2015-07-15,2015,TV-Y7,2 Seasons,Kids' TV
s5909,TV Show,,Not Given,United Kingdom,2015-06-15,1992,TV-Y,10 Seasons,"British TV Shows, Kids' TV, TV Comedies"
s5915,TV Show,,Not Given,France,2015-03-15,2011,TV-Y,1 Season,Kids' TV
s5919,Movie,,Not Given,United States,2015-02-13,2015,TV-14,29 min,Documentaries
s5921,Movie,,Not Given,United States,2014-12-19,2014,TV-MA,26 min,Movies
s5923,TV Show,,Not Given,Norway,2014-11-21,2014,TV-MA,3 Seasons,"Crime TV Shows, TV Comedies, TV Dramas"
s5924,TV Show,,Not Given,Canada,2014-11-19,1998,TV-G,5 Seasons,"Kids' TV, TV Thrillers"
s5934,TV Show,,Not Given,United States,2014-02-01,2013,TV-MA,3 Seasons,TV Dramas
s5940,TV Show,,Not Given,United States,2013-09-01,2007,TV-14,4 Seasons,"TV Dramas, TV Mysteries, TV Sci-Fi & Fantasy"
s5941,TV Show,,Not Given,United States,2013-08-02,2013,TV-MA,5 Seasons,"Crime TV Shows, TV Dramas, TV Thrillers"
s5968,Movie,,Not Given,United Kingdom,2018-05-16,2017,TV-PG,87 min,Sports Movies
s5979,TV Show,,Not Given,Turkey,2017-01-17,2013,TV-MA,1 Season,"Crime TV Shows, International TV Shows, TV Dramas"
s5983,Movie,,Not Given,Spain,2018-07-06,2018,TV-MA,93 min,"Documentaries, International Movies"
s5985,TV Show,,Not Given,United Kingdom,2019-11-01,2017,TV-14,1 Season,"British TV Shows, International TV Shows, Reality TV"
s5987,TV Show,,Not Given,South Korea,2017-05-22,2014,TV-14,1 Season,"International TV Shows, Korean TV Shows, Romantic TV Shows"
s5920,Movie,,Not Given,Pakistan,2015-01-23,2015,TV-MA,72 min,Stand-Up Comedy
s6002,TV Show,,Not Given,India,2018-12-01,2018,TV-14,1 Season,"International TV Shows, TV Dramas"
s6027,TV Show,,Not Given,United States,2017-03-01,2016,TV-PG,1 Season,"British TV Shows, Docuseries, Science & Nature TV"
s6038,TV Show,,Not Given,Taiwan,2017-01-01,2013,TV-14,1 Season,"International TV Shows, Romantic TV Shows, TV Dramas"
s6045,TV Show,,Not Given,South Korea,2019-03-12,2010,TV-14,1 Season,"Crime TV Shows, International TV Shows, Korean TV Shows"
s6049,Movie,,Not Given,Brazil,2018-06-12,2017,TV-14,76 min,"Documentaries, International Movies"
s6305,TV Show,,Not Given,United Kingdom,2019-07-26,2017,TV-G,3 Seasons,"British TV Shows, International TV Shows, Reality TV"
s6068,TV Show,,Not Given,United States,2017-12-15,2015,TV-14,1 Season,TV Dramas
s6078,Movie,,Not Given,Egypt,2019-04-19,2012,TV-MA,100 min,"Action & Adventure, Dramas, International Movies"
s6103,TV Show,,Not Given,India,2017-04-15,2015,TV-14,1 Season,"Crime TV Shows, International TV Shows, TV Action & Adventure"
s6106,TV Show,,Not Given,United Kingdom,2019-07-12,2014,TV-PG,1 Season,"British TV Shows, Docuseries, International TV Shows"
s6127,TV Show,,Not Given,United Kingdom,2020-05-25,2014,TV-Y,5 Seasons,Kids' TV
s6133,TV Show,,Not Given,United States,2019-09-15,2014,TV-14,1 Season,Docuseries
s6138,TV Show,,Not Given,United States,2017-05-30,2017,TV-MA,3 Seasons,"Crime TV Shows, TV Dramas"
s6147,TV Show,,Not Given,United States,2016-04-05,2015,TV-14,1 Season,"TV Dramas, TV Thrillers"
s6971,TV Show,,Not Given,United States,2016-11-01,1988,TV-PG,5 Seasons,TV Dramas
s6157,TV Show,,Not Given,Taiwan,2017-01-01,2012,TV-14,1 Season,"International TV Shows, Romantic TV Shows, TV Dramas"
s6162,TV Show,,Not Given,United States,2019-09-17,2018,TV-14,1 Season,"Docuseries, Science & Nature TV"
s6167,TV Show,,Not Given,India,2018-12-15,2018,TV-14,1 Season,"International TV Shows, TV Horror, TV Thrillers"
s6168,TV Show,,Not Given,India,2018-05-01,2018,TV-14,1 Season,"International TV Shows, TV Horror, TV Mysteries"
s6102,TV Show,,Not Given,Pakistan,2017-08-14,2010,TV-MA,2 Seasons,"International TV Shows, Romantic TV Shows, TV Dramas"
s6178,TV Show,,Not Given,Japan,2018-12-23,2012,TV-Y7,2 Seasons,"Anime Series, Kids' TV"
s6365,TV Show,,Not Given,United Kingdom,2019-10-02,2013,TV-MA,1 Season,"British TV Shows, Docuseries, International TV Shows"
s6195,TV Show,,Not Given,Canada,2017-12-01,2016,TV-Y7,1 Season,"Crime TV Shows, Kids' TV, TV Comedies"
s6199,TV Show,,Not Given,Australia,2017-08-01,2016,TV-MA,1 Season,"Docuseries, International TV Shows, Reality TV"
s6214,TV Show,,Not Given,United Kingdom,2018-12-15,2014,TV-MA,3 Seasons,"British TV Shows, TV Comedies"
s6217,TV Show,,Not Given,India,2017-04-01,2013,TV-14,1 Season,"International TV Shows, TV Dramas"
s6220,TV Show,,Not Given,Chile,2017-04-01,2016,TV-MA,1 Season,"International TV Shows, Spanish-Language TV Shows, TV Dramas"
s6250,TV Show,,Not Given,Italy,2017-12-31,2016,TV-Y,1 Season,Kids' TV
s6251,TV Show,,Not Given,United States,2018-02-20,2017,TV-MA,5 Seasons,"Crime TV Shows, TV Dramas, TV Horror"
s6253,TV Show,,Not Given,United States,2015-12-31,2015,TV-14,1 Season,"Crime TV Shows, TV Comedies, TV Dramas"
s6254,TV Show,,Not Given,United Kingdom,2016-08-01,2016,TV-PG,1 Season,"British TV Shows, Docuseries, Reality TV"
s6259,TV Show,,Not Given,Russia,2018-08-29,2018,TV-Y,1 Season,Kids' TV
s6262,Movie,,Not Given,United States,2017-03-01,2013,TV-G,52 min,"Children & Family Movies, Documentaries, International Movies"
s6263,TV Show,,Not Given,Canada,2019-02-01,2010,TV-PG,1 Season,Docuseries
s6264,TV Show,,Not Given,South Korea,2017-05-22,2015,TV-14,1 Season,"International TV Shows, Korean TV Shows, Romantic TV Shows"
s6265,TV Show,,Not Given,Canada,2016-09-19,2016,TV-14,4 Seasons,"Crime TV Shows, Romantic TV Shows, TV Dramas"
s6229,TV Show,,Not Given,Pakistan,2018-06-04,2016,TV-MA,1 Season,"International TV Shows, Romantic TV Shows, TV Comedies"
s6277,TV Show,,Not Given,Turkey,2017-05-19,2010,TV-MA,1 Season,"Crime TV Shows, International TV Shows, TV Dramas"
s6280,TV Show,,Not Given,United States,2017-07-01,2016,TV-14,4 Seasons,"Romantic TV Shows, TV Dramas"
s6282,TV Show,,Not Given,United States,2018-09-30,2016,TV-Y7,1 Season,Kids' TV
s6287,Movie,,Not Given,Germany,2019-06-08,2019,R,120 min,"Dramas, International Movies, Romantic Movies"
s6292,TV Show,,Not Given,Japan,2017-12-15,2009,TV-Y7,1 Season,"Anime Series, Kids' TV"
s6295,TV Show,,Not Given,India,2018-04-01,2013,TV-PG,1 Season,"International TV Shows, TV Comedies"
s6296,TV Show,,Not Given,India,2017-04-15,2015,TV-14,1 Season,"International TV Shows, Romantic TV Shows, TV Dramas"
s6302,TV Show,,Not Given,United States,2016-01-01,1997,TV-G,2 Seasons,"Kids' TV, TV Comedies"
s6319,TV Show,,Not Given,Canada,2016-05-26,2016,TV-MA,3 Seasons,"International TV Shows, TV Dramas, TV Horror"
s6324,TV Show,,Not Given,Turkey,2018-10-12,2014,TV-14,1 Season,"Crime TV Shows, International TV Shows, TV Dramas"
s6336,TV Show,,Not Given,Thailand,2018-07-14,2016,TV-14,1 Season,"International TV Shows, TV Dramas, TV Sci-Fi & Fantasy"
s6358,TV Show,,Not Given,Australia,2019-11-01,2016,TV-PG,1 Season,Reality TV
s6362,TV Show,,Not Given,United Kingdom,2017-12-02,2017,TV-14,2 Seasons,"British TV Shows, TV Comedies"
s6369,TV Show,,Not Given,United States,2019-03-15,2016,TV-G,3 Seasons,"Docuseries, Science & Nature TV"
s6374,TV Show,,Not Given,United States,2020-02-15,2014,TV-PG,2 Seasons,Reality TV
s6382,TV Show,,Not Given,United States,2016-11-15,2016,TV-14,1 Season,TV Comedies
s6488,TV Show,,Not Given,United Kingdom,2017-10-01,2016,TV-PG,1 Season,"British TV Shows, Docuseries, Science & Nature TV"
s6394,TV Show,,Not Given,United Kingdom,2019-10-01,2012,TV-MA,2 Seasons,"British TV Shows, TV Comedies"
s6399,TV Show,,Not Given,United Kingdom,2018-09-15,2017,TV-PG,1 Season,"British TV Shows, International TV Shows, Reality TV"
s6402,TV Show,,Not Given,South Korea,2019-03-12,2009,TV-MA,1 Season,"International TV Shows, Korean TV Shows, Romantic TV Shows"
s6408,TV Show,,Not Given,Italy,2016-12-16,2016,TV-14,1 Season,"International TV Shows, Spanish-Language TV Shows, TV Dramas"
s6412,TV Show,,Not Given,Canada,2019-02-01,2014,TV-MA,1 Season,Docuseries
s6414,TV Show,,Not Given,South Korea,2017-05-22,2012,TV-14,1 Season,"International TV Shows, Korean TV Shows, Romantic TV Shows"
s6417,TV Show,,Not Given,France,2016-12-15,2016,TV-MA,1 Season,"Crime TV Shows, International TV Shows, TV Dramas"
s6421,TV Show,,Not Given,United States,2019-08-02,2012,TV-Y,1 Season,Kids' TV
s6427,TV Show,,Not Given,Japan,2019-01-04,2015,TV-14,1 Season,"Anime Series, Crime TV Shows, TV Thrillers"
s6452,TV Show,,Not Given,Canada,2017-12-15,2016,TV-PG,2 Seasons,"Docuseries, Reality TV, Science & Nature TV"
s6456,TV Show,,Not Given,Australia,2017-12-01,2016,TV-14,1 Season,"International TV Shows, Reality TV"
s6457,TV Show,,Not Given,United States,2017-07-01,1992,TV-PG,11 Seasons,"Classic & Cult TV, TV Comedies"
s6458,TV Show,,Not Given,South Korea,2017-08-04,2017,TV-PG,2 Seasons,"International TV Shows, Korean TV Shows, Reality TV"
s6460,TV Show,,Not Given,United Kingdom,2016-10-01,1999,TV-14,1 Season,"British TV Shows, TV Comedies"
s6461,TV Show,,Not Given,United Kingdom,2017-04-04,2017,TV-MA,2 Seasons,"British TV Shows, International TV Shows, Romantic TV Shows"
s6478,TV Show,,Not Given,United States,2018-09-30,2018,TV-MA,1 Season,Docuseries
s6484,TV Show,,Not Given,Malaysia,2017-11-15,2017,TV-Y7,1 Season,Kids' TV
s6405,TV Show,,Not Given,Pakistan,2018-11-01,2018,TV-Y,1 Season,Kids' TV
s6470,TV Show,,Not Given,Pakistan,2016-12-01,1994,TV-G,1 Season,TV Shows
s6491,TV Show,,Not Given,United Kingdom,2018-10-01,2018,TV-14,1 Season,"British TV Shows, Docuseries"
s6496,TV Show,,Not Given,India,2017-05-15,2012,TV-PG,1 Season,"Docuseries, International TV Shows"
s6499,TV Show,,Not Given,United Kingdom,2017-09-17,2017,TV-14,1 Season,"British TV Shows, Crime TV Shows, Docuseries"
s6514,TV Show,,Not Given,United States,2019-09-15,2017,TV-14,1 Season,"Crime TV Shows, Docuseries"
s6515,TV Show,,Not Given,United States,2020-09-15,1999,TV-MA,1 Season,"Crime TV Shows, Docuseries"
s6520,TV Show,,Not Given,United States,2016-12-28,2016,TV-14,5 Seasons,"Stand-Up Comedy & Talk Shows, TV Comedies"
s6525,TV Show,,Not Given,United States,2018-12-31,2018,TV-14,1 Season,"Docuseries, TV Comedies"
s6533,TV Show,,Not Given,United States,2018-06-22,2018,TV-MA,1 Season,Reality TV
s6539,TV Show,,Not Given,Australia,2019-10-02,2017,TV-MA,1 Season,"Crime TV Shows, Docuseries, International TV Shows"
s6543,TV Show,,Not Given,France,2019-01-31,2017,TV-MA,1 Season,"Crime TV Shows, International TV Shows, TV Action & Adventure"
s6550,TV Show,,Not Given,United Kingdom,2018-03-31,1977,TV-PG,10 Seasons,"British TV Shows, Classic & Cult TV, TV Comedies"
s6557,TV Show,,Not Given,Australia,2017-12-20,2013,TV-PG,1 Season,"International TV Shows, Romantic TV Shows, TV Dramas"
s6560,TV Show,,Not Given,Mexico,2018-03-31,2016,TV-MA,1 Season,"Crime TV Shows, International TV Shows, Spanish-Language TV Shows"
s6561,TV Show,,Not Given,United Kingdom,2019-02-01,2012,TV-MA,2 Seasons,"British TV Shows, Docuseries"
s6564,Movie,,Not Given,Ireland,2018-04-01,2015,TV-PG,100 min,"Dramas, Independent Movies, Romantic Movies"
s6569,TV Show,,Not Given,India,2018-03-01,2015,TV-MA,1 Season,"International TV Shows, TV Horror, TV Thrillers"
s6521,TV Show,,Not Given,Pakistan,2018-07-01,2018,TV-14,1 Season,"International TV Shows, TV Comedies"
s6572,TV Show,,Not Given,China,2018-03-23,2017,TV-MA,1 Season,"Crime TV Shows, International TV Shows, TV Dramas"
s6573,TV Show,,Not Given,Taiwan,2018-03-31,2017,TV-MA,2 Seasons,"International TV Shows, TV Dramas"
s6587,TV Show,,Not Given,United States,2018-07-20,2017,TV-MA,3 Seasons,"Crime TV Shows, Docuseries"
s6588,TV Show,,Not Given,Australia,2017-07-01,2016,TV-MA,1 Season,"Crime TV Shows, International TV Shows, TV Dramas"
s6602,TV Show,,Not Given,India,2018-10-15,2017,TV-PG,1 Season,International TV Shows
s6604,TV Show,,Not Given,United States,2018-01-01,2013,TV-MA,8 Seasons,"Crime TV Shows, TV Dramas, TV Mysteries"
s6608,Movie,,Not Given,United Kingdom,2017-12-01,2017,TV-PG,113 min,"Documentaries, International Movies"
s6612,TV Show,,Not Given,United States,2008-02-04,2007,TV-MA,1 Season,Stand-Up Comedy & Talk Shows
s6614,TV Show,,Not Given,Canada,2017-08-04,2016,TV-G,1 Season,"Docuseries, Science & Nature TV"
s6636,TV Show,,Not Given,United States,2019-03-01,2013,TV-14,1 Season,"Reality TV, Science & Nature TV"
s6647,TV Show,,Not Given,United States,2016-05-23,2016,TV-14,1 Season,"Romantic TV Shows, TV Comedies, TV Dramas"
s6651,Movie,,Not Given,United States,2019-01-16,2018,TV-PG,99 min,Dramas
s6652,TV Show,,Not Given,United States,2019-03-23,2015,TV-MA,1 Season,"Crime TV Shows, Docuseries"
s6653,TV Show,,Not Given,United States,2017-02-25,2015,TV-14,1 Season,"Crime TV Shows, International TV Shows, Spanish-Language TV Shows"
s6659,TV Show,,Not Given,Brazil,2020-04-10,2014,TV-Y,1 Season,Kids' TV
s6660,TV Show,,Not Given,United Kingdom,2017-03-01,2015,TV-PG,1 Season,"British TV Shows, Docuseries, Science & Nature TV"
s6664,TV Show,,Not Given,Taiwan,2016-09-01,2009,TV-MA,1 Season,"International TV Shows, Romantic TV Shows, TV Comedies"
s6672,TV Show,,Not Given,Spain,2017-07-01,2013,NR,3 Seasons,"International TV Shows, Romantic TV Shows, Spanish-Language TV Shows"
s6673,TV Show,,Not Given,Colombia,2018-08-24,2008,TV-MA,1 Season,"Crime TV Shows, International TV Shows, Spanish-Language TV Shows"
s6767,TV Show,,Not Given,United States,2018-07-20,2014,TV-G,3 Seasons,Reality TV
s6674,TV Show,,Not Given,Colombia,2018-08-24,2010,TV-MA,1 Season,"Crime TV Shows, International TV Shows, Spanish-Language TV Shows"
s6675,TV Show,,Not Given,Mexico,2017-12-31,1979,TV-PG,1 Season,"Classic & Cult TV, Kids' TV, Spanish-Language TV Shows"
s6677,TV Show,,Not Given,United States,2017-05-18,2010,TV-14,1 Season,"Romantic TV Shows, Spanish-Language TV Shows, TV Dramas"
s6679,TV Show,,Not Given,United States,2018-02-24,2017,TV-MA,2 Seasons,"International TV Shows, Spanish-Language TV Shows, TV Comedies"
s6691,TV Show,,Not Given,United States,2018-12-15,2017,TV-PG,1 Season,Reality TV
s6696,TV Show,,Not Given,United Kingdom,2019-07-12,2016,TV-14,1 Season,"British TV Shows, Crime TV Shows, Docuseries"
s6708,Movie,,Not Given,India,2018-04-01,2018,TV-14,91 min,"International Movies, Music & Musicals, Thrillers"
s6715,TV Show,,Not Given,United Kingdom,2017-08-01,2014,TV-PG,1 Season,"British TV Shows, Docuseries, International TV Shows"
s6718,TV Show,,Not Given,China,2017-01-01,2011,TV-14,1 Season,"International TV Shows, Romantic TV Shows, TV Comedies"
s6725,TV Show,,Not Given,United Kingdom,2017-03-31,2006,TV-MA,2 Seasons,"British TV Shows, TV Comedies"
s6729,TV Show,,Not Given,Turkey,2016-12-26,2009,TV-14,1 Season,"Crime TV Shows, International TV Shows, TV Dramas"
s6732,TV Show,,Not Given,Japan,2017-04-01,2009,TV-MA,1 Season,"Anime Series, International TV Shows"
s6733,TV Show,,Not Given,United Kingdom,2019-07-26,2015,TV-G,1 Season,"British TV Shows, Crime TV Shows, Docuseries"
s6745,TV Show,,Not Given,India,2017-06-01,2015,TV-MA,1 Season,"International TV Shows, TV Horror, TV Thrillers"
s6751,TV Show,,Not Given,Turkey,2017-04-15,2015,TV-14,2 Seasons,"Crime TV Shows, International TV Shows, TV Action & Adventure"
s6771,TV Show,,Not Given,South Korea,2019-07-01,2016,TV-Y7,1 Season,"Kids' TV, Korean TV Shows"
s6775,TV Show,,Not Given,United States,2017-10-16,2011,TV-14,1 Season,"International TV Shows, TV Dramas"
s6783,TV Show,,Not Given,United States,2018-12-31,2017,TV-14,1 Season,Reality TV
s6786,TV Show,,Not Given,United Kingdom,2017-03-01,2016,TV-PG,1 Season,"British TV Shows, Docuseries, Science & Nature TV"
s6789,TV Show,,Not Given,United Kingdom,2017-09-18,2011,TV-MA,1 Season,"International TV Shows, TV Dramas"
s6792,TV Show,,Not Given,Spain,2016-12-09,2016,TV-MA,1 Season,"Crime TV Shows, International TV Shows, Spanish-Language TV Shows"
s6821,TV Show,,Not Given,India,2018-06-01,2018,TV-14,1 Season,"International TV Shows, TV Dramas"
s6823,TV Show,,Not Given,United States,2016-09-07,2016,TV-PG,2 Seasons,"TV Action & Adventure, TV Comedies"
s6825,TV Show,,Not Given,Taiwan,2016-09-01,2009,TV-MA,1 Season,"International TV Shows, TV Comedies, TV Dramas"
s6826,TV Show,,Not Given,India,2017-04-15,2014,TV-PG,1 Season,"International TV Shows, Stand-Up Comedy & Talk Shows, TV Comedies"
s6834,Movie,,Not Given,United States,2018-02-01,2017,TV-PG,90 min,"Documentaries, LGBTQ Movies"
s6835,TV Show,,Not Given,United Kingdom,2017-08-01,2015,TV-PG,1 Season,"British TV Shows, Docuseries, International TV Shows"
s6836,TV Show,,Not Given,United Kingdom,2017-08-01,2016,TV-PG,1 Season,"British TV Shows, Docuseries, International TV Shows"
s6837,TV Show,,Not Given,Sweden,2016-06-01,2016,TV-MA,1 Season,"Crime TV Shows, International TV Shows, Romantic TV Shows"
s6842,TV Show,,Not Given,United States,2018-11-01,2017,TV-MA,1 Season,"Crime TV Shows, TV Comedies, TV Dramas"
s6850,TV Show,,Not Given,United States,2019-10-02,2012,TV-14,1 Season,Reality TV
s6869,TV Show,,Not Given,United States,2018-10-31,2017,TV-Y,2 Seasons,Kids' TV
s6956,TV Show,,Not Given,Canada,2016-05-28,2016,TV-14,5 Seasons,"Crime TV Shows, TV Action & Adventure"
s6872,TV Show,,Not Given,Italy,2017-08-21,2016,TV-MA,2 Seasons,"Crime TV Shows, International TV Shows, TV Dramas"
s6886,TV Show,,Not Given,United States,2013-10-08,2012,TV-14,6 Seasons,"TV Dramas, Teen TV Shows"
s6890,TV Show,,Not Given,United Kingdom,2019-08-01,2017,TV-14,2 Seasons,"British TV Shows, International TV Shows, Reality TV"
s6891,TV Show,,Not Given,Spain,2017-11-01,2013,TV-PG,3 Seasons,"International TV Shows, Romantic TV Shows, Spanish-Language TV Shows"
s6895,TV Show,,Not Given,United Kingdom,2018-12-01,2016,TV-PG,2 Seasons,"British TV Shows, International TV Shows, Reality TV"
s6896,TV Show,,Not Given,United Kingdom,2017-10-01,2017,TV-PG,1 Season,"Docuseries, Science & Nature TV"
s6908,Movie,,Not Given,India,2018-03-15,2010,TV-14,138 min,"Comedies, Dramas, International Movies"
s6918,TV Show,,Not Given,United States,2020-06-06,2015,TV-MA,3 Seasons,"TV Horror, TV Mysteries, TV Thrillers"
s6920,TV Show,,Not Given,Taiwan,2017-01-01,2013,TV-14,1 Season,"International TV Shows, Romantic TV Shows, TV Comedies"
s6923,TV Show,,Not Given,United Kingdom,2016-03-16,2016,TV-MA,2 Seasons,"British TV Shows, Crime TV Shows, International TV Shows"
s6924,TV Show,,Not Given,United States,2016-07-01,2015,TV-MA,1 Season,"TV Comedies, TV Dramas"
s6931,TV Show,,Not Given,United Kingdom,2019-02-01,2014,TV-14,1 Season,"British TV Shows, Crime TV Shows, Docuseries"
s6936,TV Show,,Not Given,United States,2015-12-15,2014,TV-PG,4 Seasons,"TV Comedies, TV Dramas"
s6938,TV Show,,Not Given,Indonesia,2017-08-21,2015,TV-14,1 Season,"International TV Shows, Romantic TV Shows, TV Dramas"
s6942,TV Show,,Not Given,Canada,2015-09-08,2015,TV-14,5 Seasons,"Classic & Cult TV, TV Horror, TV Mysteries"
s6952,TV Show,,Not Given,Canada,2018-06-22,2018,TV-MA,2 Seasons,"International TV Shows, Reality TV"
s6954,TV Show,,Not Given,United States,2018-11-10,2015,TV-MA,1 Season,"TV Horror, TV Mysteries, TV Sci-Fi & Fantasy"
s6964,TV Show,,Not Given,Denmark,2019-06-01,2018,TV-MA,2 Seasons,"International TV Shows, TV Dramas"
s6966,TV Show,,Not Given,South Korea,2017-05-19,2015,TV-Y7,1 Season,"International TV Shows, Korean TV Shows, Reality TV"
s6970,TV Show,,Not Given,Canada,2019-12-03,2016,TV-PG,3 Seasons,Reality TV
s6972,TV Show,,Not Given,United Kingdom,2017-08-01,2016,TV-14,3 Seasons,"British TV Shows, Crime TV Shows, International TV Shows"
s6975,TV Show,,Not Given,Argentina,2017-01-13,2015,TV-MA,1 Season,"Crime TV Shows, International TV Shows, Spanish-Language TV Shows"
s6977,TV Show,,Not Given,Australia,2019-07-12,2016,TV-PG,1 Season,"British TV Shows, Docuseries"
s6982,TV Show,,Not Given,United States,2017-08-01,2016,TV-Y,1 Season,Kids' TV
s6997,TV Show,,Not Given,Thailand,2018-06-30,2015,TV-MA,3 Seasons,"International TV Shows, Romantic TV Shows, TV Dramas"
s6999,TV Show,,Not Given,United Kingdom,2019-10-02,2016,TV-14,1 Season,"British TV Shows, Docuseries, International TV Shows"
s7007,TV Show,,Not Given,Belgium,2017-03-16,2017,TV-14,1 Season,"Crime TV Shows, International TV Shows, TV Dramas"
s7025,TV Show,,Not Given,Pakistan,2016-12-15,2011,TV-PG,1 Season,"International TV Shows, Romantic TV Shows, TV Dramas"
s7029,TV Show,,Not Given,United Kingdom,2019-02-01,2015,TV-14,1 Season,"British TV Shows, Docuseries"
s7030,TV Show,,Not Given,United States,2018-01-01,2011,TV-Y7,2 Seasons,Kids' TV
s7040,TV Show,,Not Given,Mexico,2017-03-03,2016,TV-14,1 Season,"International TV Shows, Spanish-Language TV Shows, TV Comedies"
s7051,TV Show,,Not Given,United States,2019-09-13,2019,TV-MA,2 Seasons,TV Comedies
s7055,TV Show,,Not Given,United States,2018-12-15,2014,TV-PG,1 Season,"Reality TV, TV Comedies"
s7060,TV Show,,Not Given,Taiwan,2017-01-01,2012,TV-14,1 Season,"International TV Shows, Romantic TV Shows, TV Comedies"
s7070,TV Show,,Not Given,United Kingdom,2017-03-01,2015,TV-PG,1 Season,"British TV Shows, Docuseries, Science & Nature TV"
s7081,TV Show,,Not Given,United Kingdom,2018-09-15,2017,TV-MA,1 Season,"British TV Shows, Docuseries, International TV Shows"
s7082,TV Show,,Not Given,United States,2019-07-01,2015,TV-14,1 Season,"Crime TV Shows, Docuseries"
s7086,TV Show,,Not Given,Canada,2017-07-19,2007,TV-MA,2 Seasons,"Crime TV Shows, TV Dramas"
s7099,TV Show,,Not Given,Canada,2020-08-01,2011,TV-Y7,2 Seasons,Kids' TV
s7101,TV Show,,Not Given,United Kingdom,2017-03-01,2014,TV-PG,1 Season,"Docuseries, International TV Shows, Science & Nature TV"
s7102,TV Show,,Not Given,South Korea,2018-02-19,2015,TV-MA,1 Season,"International TV Shows, Korean TV Shows, Stand-Up Comedy & Talk Shows"
s7121,TV Show,,Not Given,Japan,2017-05-01,2008,TV-G,1 Season,"International TV Shows, Stand-Up Comedy & Talk Shows"
s7124,TV Show,,Not Given,United States,2020-12-18,2019,TV-G,2 Seasons,Reality TV
s7126,TV Show,,Not Given,United States,2017-08-16,2008,TV-14,2 Seasons,"Classic & Cult TV, TV Action & Adventure, TV Dramas"
s7130,TV Show,,Not Given,India,2017-06-01,2009,TV-14,1 Season,"International TV Shows, TV Dramas"
s7132,TV Show,,Not Given,Russia,2019-04-01,2017,TV-Y7,1 Season,Kids' TV
s7143,TV Show,,Not Given,Chile,2017-03-20,2015,TV-MA,1 Season,"International TV Shows, Spanish-Language TV Shows, TV Dramas"
s7144,TV Show,,Not Given,Mexico,2017-01-27,2016,TV-14,1 Season,"International TV Shows, Spanish-Language TV Shows, TV Dramas"
s7149,TV Show,,Not Given,United States,2015-11-03,2014,TV-Y,2 Seasons,Kids' TV
s7156,TV Show,,Not Given,Japan,2016-12-01,2012,TV-MA,1 Season,"Anime Series, Crime TV Shows, International TV Shows"
s7158,TV Show,,Not Given,Turkey,2016-12-26,2013,TV-14,1 Season,"Crime TV Shows, International TV Shows, TV Action & Adventure"
s7169,Movie,,Not Given,India,2018-03-01,2017,TV-14,110 min,"Horror Movies, International Movies, Thrillers"
s7178,TV Show,,Not Given,United States,2017-03-14,1996,TV-PG,1 Season,Docuseries
s7183,TV Show,,Not Given,Pakistan,2019-08-01,2017,TV-14,1 Season,"Crime TV Shows, International TV Shows, Romantic TV Shows"
s7185,TV Show,,Not Given,India,2018-05-01,2018,TV-14,1 Season,"Crime TV Shows, International TV Shows, TV Comedies"
s7117,Movie,,Not Given,Pakistan,2017-08-06,2014,TV-Y,22 min,Movies
s7139,Movie,,Not Given,Pakistan,2018-02-01,2017,TV-MA,80 min,"Documentaries, Music & Musicals"
s7186,TV Show,,Not Given,India,2017-04-01,2013,TV-14,1 Season,"International TV Shows, TV Dramas"
s7188,TV Show,,Not Given,India,2018-03-15,2011,TV-14,1 Season,"Crime TV Shows, International TV Shows, TV Dramas"
s7216,TV Show,,Not Given,United Kingdom,2019-10-02,2017,TV-14,1 Season,"British TV Shows, International TV Shows, Reality TV"
s7218,TV Show,,Not Given,Japan,2019-12-01,2015,TV-MA,2 Seasons,"Anime Series, International TV Shows"
s7246,TV Show,,Not Given,Turkey,2016-12-26,2014,TV-14,1 Season,"International TV Shows, Romantic TV Shows, TV Dramas"
s7257,TV Show,,Not Given,Mexico,2018-04-02,2017,TV-MA,1 Season,"Crime TV Shows, International TV Shows, Spanish-Language TV Shows"
s7258,TV Show,,Not Given,Mexico,2019-01-15,2010,TV-PG,1 Season,"Classic & Cult TV, Crime TV Shows, International TV Shows"
s7264,Movie,,Not Given,United States,2019-01-18,2018,NC-17,83 min,"Comedies, Independent Movies"
s7265,TV Show,,Not Given,Colombia,2018-04-01,2015,TV-14,1 Season,"International TV Shows, Spanish-Language TV Shows, TV Dramas"
s7267,TV Show,,Not Given,United Kingdom,2017-08-01,2011,TV-14,3 Seasons,"British TV Shows, International TV Shows, TV Dramas"
s7269,TV Show,,Not Given,South Korea,2017-05-22,2015,TV-14,1 Season,"Crime TV Shows, International TV Shows, Korean TV Shows"
s7280,TV Show,,Not Given,United Kingdom,2020-05-15,2018,TV-Y,1 Season,"British TV Shows, Kids' TV"
s7236,TV Show,,Not Given,Pakistan,2019-07-08,2019,TV-Y7,1 Season,Kids' TV
s7291,Movie,,Not Given,Denmark,2019-02-01,2016,TV-Y7-FV,44 min,"Action & Adventure, Children & Family Movies"
s7308,TV Show,,Not Given,United Kingdom,2019-10-01,2012,TV-MA,2 Seasons,"British TV Shows, TV Comedies"
s7322,TV Show,,Not Given,United States,2017-04-23,2017,TV-G,4 Seasons,"Kids' TV, TV Comedies"
s7325,TV Show,,Not Given,Spain,2019-02-01,2017,TV-14,1 Season,"Crime TV Shows, Docuseries, International TV Shows"
s7326,TV Show,,Not Given,Mexico,2017-12-31,2013,TV-14,1 Season,"Crime TV Shows, International TV Shows, Romantic TV Shows"
s7332,TV Show,,Not Given,South Korea,2018-05-01,2016,TV-Y,2 Seasons,Kids' TV
s7343,TV Show,,Not Given,Canada,2016-04-17,2015,TV-14,5 Seasons,"TV Dramas, TV Horror, TV Mysteries"
s7344,TV Show,,Not Given,Taiwan,2016-08-01,2015,TV-MA,1 Season,"International TV Shows, Romantic TV Shows, TV Comedies"
s7349,TV Show,,Not Given,South Korea,2018-05-01,2012,TV-PG,1 Season,"International TV Shows, Korean TV Shows, Romantic TV Shows"
s7529,TV Show,,Not Given,United States,2018-04-17,2017,TV-MA,3 Seasons,"Crime TV Shows, Docuseries"
s7354,TV Show,,Not Given,United Kingdom,2019-07-26,2013,TV-G,1 Season,"British TV Shows, International TV Shows, Reality TV"
s7360,TV Show,,Not Given,China,2016-09-01,2010,TV-PG,1 Season,"International TV Shows, Romantic TV Shows, TV Comedies"
s7369,TV Show,,Not Given,United States,2015-03-22,2014,TV-14,7 Seasons,TV Dramas
s7377,TV Show,,Not Given,Japan,2016-07-14,2016,TV-14,1 Season,"Anime Series, International TV Shows"
s7382,TV Show,,Not Given,India,2017-04-15,2015,TV-14,1 Season,"International TV Shows, TV Action & Adventure, TV Sci-Fi & Fantasy"
s7288,TV Show,,Not Given,Pakistan,2019-02-01,2017,TV-G,3 Seasons,Kids' TV
s7383,TV Show,,Not Given,India,2017-04-01,2014,TV-14,1 Season,"International TV Shows, TV Action & Adventure, TV Sci-Fi & Fantasy"
s7384,TV Show,,Not Given,India,2018-03-01,2010,TV-14,1 Season,"International TV Shows, TV Comedies"
s7386,TV Show,,Not Given,Turkey,2016-12-26,2013,TV-14,1 Season,"International TV Shows, Romantic TV Shows, TV Dramas"
s7405,TV Show,,Not Given,United States,2018-08-03,2018,TV-14,1 Season,Docuseries
s7409,TV Show,,Not Given,United States,2020-04-13,2019,TV-14,1 Season,"Reality TV, Romantic TV Shows"
s7569,TV Show,,Not Given,United Kingdom,2018-10-01,2018,TV-PG,1 Season,"Docuseries, Science & Nature TV"
s7419,TV Show,,Not Given,United Kingdom,2019-07-26,2016,TV-14,1 Season,"British TV Shows, International TV Shows, Reality TV"
s7570,TV Show,,Not Given,United States,2017-03-01,2016,TV-G,1 Season,"Docuseries, Science & Nature TV"
s7436,TV Show,,Not Given,United Kingdom,2019-07-12,2013,TV-G,1 Season,"British TV Shows, Docuseries, International TV Shows"
s7437,TV Show,,Not Given,Australia,2019-07-12,2012,TV-PG,1 Season,Reality TV
s7448,TV Show,,Not Given,Spain,2016-12-01,2015,TV-MA,1 Season,"International TV Shows, TV Dramas, Teen TV Shows"
s7450,TV Show,,Not Given,United States,2017-02-01,2016,TV-PG,1 Season,"International TV Shows, Reality TV, Spanish-Language TV Shows"
s7454,TV Show,,Not Given,India,2019-04-01,2018,TV-14,1 Season,"International TV Shows, Stand-Up Comedy & Talk Shows, TV Comedies"
s7458,TV Show,,Not Given,France,2018-09-16,2014,TV-G,2 Seasons,Kids' TV
s7460,TV Show,,Not Given,United States,2018-12-15,2013,TV-PG,1 Season,Reality TV
s7464,TV Show,,Not Given,Mexico,2018-05-05,2015,TV-14,1 Season,"Crime TV Shows, International TV Shows, Spanish-Language TV Shows"
s7469,TV Show,,Not Given,Taiwan,2016-08-01,2015,TV-MA,1 Season,"International TV Shows, Romantic TV Shows, TV Comedies"
s7486,TV Show,,Not Given,United Kingdom,2017-03-31,2014,TV-PG,1 Season,"British TV Shows, Docuseries, Science & Nature TV"
s7503,TV Show,,Not Given,Canada,2020-05-15,2012,TV-Y,2 Seasons,Kids' TV
s7506,TV Show,,Not Given,United Kingdom,2019-07-26,2011,TV-G,1 Season,"British TV Shows, Docuseries, International TV Shows"
s7522,TV Show,,Not Given,Canada,2019-04-16,2013,TV-G,2 Seasons,"Kids' TV, TV Comedies"
s7539,TV Show,,Not Given,United Kingdom,2019-07-22,2017,TV-PG,1 Season,"British TV Shows, International TV Shows, Reality TV"
s7548,TV Show,,Not Given,United Kingdom,2019-02-01,2013,TV-MA,1 Season,"British TV Shows, Docuseries"
s7552,TV Show,,Not Given,United States,2018-03-15,1999,TV-14,1 Season,"TV Comedies, TV Sci-Fi & Fantasy"
s7575,TV Show,,Not Given,United Kingdom,2019-09-01,2015,TV-PG,3 Seasons,"British TV Shows, Docuseries, Science & Nature TV"
s7577,TV Show,,Not Given,United States,2017-03-01,2016,TV-PG,3 Seasons,Docuseries
s7589,TV Show,,Not Given,Japan,2018-12-23,1981,TV-Y7,1 Season,"Anime Series, Kids' TV"
s7590,TV Show,,Not Given,Canada,2016-01-01,1997,TV-G,1 Season,"Kids' TV, TV Comedies"
s7594,TV Show,,Not Given,Norway,2016-12-10,2016,R,1 Season,"International TV Shows, TV Dramas, TV Thrillers"
s7598,TV Show,,Not Given,United Kingdom,2017-03-31,2004,NR,1 Season,"British TV Shows, Romantic TV Shows, TV Dramas"
s7600,Movie,,Not Given,United States,2019-07-01,2017,TV-G,53 min,"Children & Family Movies, Documentaries"
s7611,Movie,,Not Given,United States,2019-07-01,2017,TV-PG,54 min,Documentaries
s7624,TV Show,,Not Given,Germany,2016-07-07,2016,TV-MA,1 Season,"Crime TV Shows, International TV Shows, TV Dramas"
s7628,TV Show,,Not Given,Japan,2016-12-01,2011,TV-MA,1 Season,"Anime Series, Crime TV Shows"
s7836,TV Show,,Not Given,India,2017-04-01,2015,TV-14,1 Season,"International TV Shows, Romantic TV Shows, TV Dramas"
s7629,TV Show,,Not Given,United States,2015-12-31,2015,TV-MA,7 Seasons,"TV Comedies, TV Dramas"
s7630,TV Show,,Not Given,United Kingdom,2017-08-01,2016,TV-14,1 Season,"British TV Shows, Crime TV Shows, Docuseries"
s7641,TV Show,,Not Given,Hong Kong,2018-02-05,2017,TV-14,1 Season,"Crime TV Shows, International TV Shows, TV Dramas"
s7647,TV Show,,Not Given,Canada,2015-05-31,2014,TV-Y7-FV,2 Seasons,"Kids' TV, TV Action & Adventure, TV Sci-Fi & Fantasy"
s7650,TV Show,,Not Given,France,2018-03-28,2018,TV-Y,1 Season,Kids' TV
s7663,Movie,,Not Given,India,2017-11-01,2017,TV-G,87 min,"Documentaries, International Movies, Music & Musicals"
s7667,TV Show,,Not Given,United States,2019-02-02,2018,TV-PG,1 Season,"Docuseries, Science & Nature TV"
s7672,TV Show,,Not Given,United Kingdom,2019-02-01,2016,TV-14,1 Season,"British TV Shows, Reality TV"
s7675,TV Show,,Not Given,United Kingdom,2020-08-01,2012,TV-PG,1 Season,"British TV Shows, Kids' TV, TV Comedies"
s7676,TV Show,,Not Given,South Korea,2016-07-01,2012,TV-PG,1 Season,"International TV Shows, Korean TV Shows, Romantic TV Shows"
s7686,Movie,,Not Given,China,2018-07-01,2017,TV-PG,103 min,"Comedies, Dramas, International Movies"
s7690,TV Show,,Not Given,United States,2017-11-07,2016,TV-Y,1 Season,"Kids' TV, TV Comedies"
s7694,TV Show,,Not Given,Australia,2016-12-02,2016,TV-14,1 Season,"Crime TV Shows, TV Comedies"
s7699,TV Show,,Not Given,United States,2020-03-31,2011,TV-Y,1 Season,Kids' TV
s7760,TV Show,,Not Given,India,2018-02-15,2010,TV-14,1 Season,"Crime TV Shows, International TV Shows, TV Dramas"
s7706,TV Show,,Not Given,Canada,2017-08-04,2016,TV-14,2 Seasons,Docuseries
s7710,TV Show,,Not Given,United States,2016-01-13,2015,TV-14,7 Seasons,TV Comedies
s7711,TV Show,,Not Given,Colombia,2017-05-04,2003,TV-14,1 Season,"International TV Shows, Romantic TV Shows, Spanish-Language TV Shows"
s7719,TV Show,,Not Given,United States,2019-09-15,2010,TV-14,1 Season,Reality TV
s7722,TV Show,,Not Given,United States,2014-12-18,1990,TV-PG,5 Seasons,"Classic & Cult TV, Kids' TV, TV Comedies"
s7726,TV Show,,Not Given,Ireland,2016-09-17,2016,TV-MA,3 Seasons,"TV Dramas, TV Horror, TV Mysteries"
s7730,TV Show,,Not Given,United States,2016-09-22,2016,TV-14,5 Seasons,"Crime TV Shows, TV Action & Adventure, TV Dramas"
s7762,TV Show,,Not Given,United States,2015-12-02,2015,TV-Y7,1 Season,Kids' TV
s7764,TV Show,,Not Given,United States,2016-01-01,2004,TV-Y7,1 Season,Kids' TV
s7765,TV Show,,Not Given,United States,2016-01-01,1998,TV-Y7,1 Season,Kids' TV
s7766,TV Show,,Not Given,United States,2016-01-01,2008,TV-Y7,1 Season,Kids' TV
s7767,TV Show,,Not Given,France,2016-01-01,2000,TV-Y7,1 Season,Kids' TV
s7768,TV Show,,Not Given,United States,2016-01-01,1999,TV-Y7,1 Season,Kids' TV
s7769,TV Show,,Not Given,United States,2016-01-01,2006,TV-Y7,1 Season,Kids' TV
s7770,TV Show,,Not Given,United States,2016-01-01,2003,TV-Y7,1 Season,Kids' TV
s7771,TV Show,,Not Given,United States,2016-01-01,2007,TV-Y7,1 Season,Kids' TV
s7772,TV Show,,Not Given,United States,2016-01-01,2009,TV-Y7,1 Season,Kids' TV
s7773,TV Show,,Not Given,United States,2016-01-01,2005,TV-Y7,1 Season,Kids' TV
s7774,TV Show,,Not Given,United States,2016-01-01,2011,TV-Y7,1 Season,Kids' TV
s7775,Movie,,Not Given,United States,2016-01-01,2011,TV-Y7,24 min,Movies
s7776,Movie,,Not Given,United States,2016-01-01,2011,TV-Y7,46 min,Children & Family Movies
s7777,Movie,,Not Given,United States,2016-01-01,2011,TV-Y7,24 min,Movies
s7781,Movie,,Not Given,United States,2016-01-01,2012,TV-Y7,24 min,"Children & Family Movies, Sci-Fi & Fantasy"
s7782,Movie,,Not Given,United States,2016-01-01,2012,TV-Y7,23 min,Movies
s7783,TV Show,,Not Given,United States,2016-01-01,2001,TV-Y7,1 Season,Kids' TV
s7784,TV Show,,Not Given,United States,2016-01-01,1997,TV-Y7,1 Season,Kids' TV
s7785,TV Show,,Not Given,United States,2016-01-01,2002,TV-Y7,1 Season,Kids' TV
s7786,TV Show,,Not Given,United States,2016-01-01,1996,TV-Y7,1 Season,Kids' TV
s7787,TV Show,,Not Given,United States,2016-01-01,2013,TV-Y7,1 Season,Kids' TV
s7788,Movie,,Not Given,United States,2016-01-01,2013,TV-Y7,24 min,Children & Family Movies
s7799,TV Show,,Not Given,United States,2017-02-22,2011,TV-PG,1 Season,"Crime TV Shows, Docuseries"
s7801,TV Show,,Not Given,Argentina,2018-04-15,2016,TV-MA,2 Seasons,"International TV Shows, Spanish-Language TV Shows, TV Comedies"
s7807,TV Show,,Not Given,India,2017-06-01,2014,TV-14,3 Seasons,"International TV Shows, Romantic TV Shows, TV Dramas"
s7809,TV Show,,Not Given,United States,2016-11-04,2015,TV-MA,1 Season,"International TV Shows, Romantic TV Shows, Spanish-Language TV Shows"
s7811,TV Show,,Not Given,Taiwan,2016-08-01,2009,TV-MA,1 Season,"International TV Shows, Romantic TV Shows, TV Comedies"
s7829,TV Show,,Not Given,India,2018-04-01,2012,TV-14,1 Season,"International TV Shows, TV Dramas"
s7778,TV Show,,Not Given,Pakistan,2016-01-01,2014,TV-Y7,1 Season,Kids' TV
s7841,TV Show,,Not Given,Mexico,2017-12-31,2004,TV-14,1 Season,"International TV Shows, Romantic TV Shows, Spanish-Language TV Shows"
s7843,TV Show,,Not Given,United States,2017-03-04,2016,TV-MA,4 Seasons,"Crime TV Shows, TV Dramas, TV Mysteries"
s7851,TV Show,,Not Given,United Kingdom,2017-12-15,2017,TV-MA,2 Seasons,"British TV Shows, Docuseries, International TV Shows"
s7857,TV Show,,Not Given,Canada,2020-05-28,2014,TV-14,6 Seasons,"Crime TV Shows, TV Comedies, TV Dramas"
s7868,TV Show,,Not Given,United States,2019-04-26,2016,TV-MA,4 Seasons,"International TV Shows, Reality TV, Spanish-Language TV Shows"
s7871,TV Show,,Not Given,United Kingdom,2017-09-08,2017,TV-MA,5 Seasons,"British TV Shows, Crime TV Shows, TV Dramas"
s7873,TV Show,,Not Given,India,2018-03-15,2010,TV-14,1 Season,"International TV Shows, Romantic TV Shows, TV Comedies"
s7879,TV Show,,Not Given,United States,2016-10-01,1985,TV-MA,1 Season,Anime Series
s7893,TV Show,,Not Given,Thailand,2019-06-21,2016,TV-14,3 Seasons,"International TV Shows, Romantic TV Shows, Teen TV Shows"
s7898,TV Show,,Not Given,Mexico,2017-12-31,2004,TV-PG,1 Season,"International TV Shows, Romantic TV Shows, Spanish-Language TV Shows"
s7907,TV Show,,Not Given,Japan,2020-01-01,1998,TV-14,3 Seasons,"Anime Series, International TV Shows"
s7909,TV Show,,Not Given,United States,2013-10-14,2013,NR,1 Season,"Docuseries, Stand-Up Comedy & Talk Shows"
s7949,TV Show,,Not Given,United States,2018-08-18,2015,TV-G,1 Season,Reality TV
s7954,TV Show,,Not Given,United States,2018-05-19,2018,TV-14,7 Seasons,"Crime TV Shows, TV Dramas"
s7969,TV Show,,Not Given,South Korea,2017-05-22,2014,TV-14,1 Season,"International TV Shows, Korean TV Shows, Romantic TV Shows"
s8472,TV Show,,Not Given,Canada,2016-02-08,2009,TV-PG,1 Season,"Docuseries, Science & Nature TV"
s7983,TV Show,,Not Given,Canada,2019-12-01,2016,TV-MA,1 Season,TV Comedies
s7985,TV Show,,Not Given,Ukraine,2017-03-01,2015,TV-14,1 Season,"International TV Shows, TV Comedies"
s7992,TV Show,,Not Given,Israel,2017-01-27,2016,TV-MA,1 Season,"Crime TV Shows, Docuseries, International TV Shows"
s7994,TV Show,,Not Given,Italy,2019-01-10,1986,TV-14,1 Season,TV Dramas
s8001,Movie,,Not Given,United States,2020-02-04,2019,TV-PG,71 min,Documentaries
s8003,TV Show,,Not Given,United Kingdom,2017-05-15,2017,TV-14,4 Seasons,"British TV Shows, Crime TV Shows, International TV Shows"
s8016,TV Show,,Not Given,United States,2020-03-31,2008,TV-Y,1 Season,Kids' TV
s8021,TV Show,,Not Given,Russia,2017-09-15,2015,TV-MA,2 Seasons,"Crime TV Shows, International TV Shows, TV Action & Adventure"
s8022,TV Show,,Not Given,Colombia,2017-05-15,2008,TV-14,1 Season,"International TV Shows, Spanish-Language TV Shows, TV Dramas"
s8023,TV Show,,Not Given,United States,2019-01-11,2018,TV-MA,3 Seasons,"International TV Shows, Spanish-Language TV Shows, TV Dramas"
s8031,TV Show,,Not Given,United States,2016-10-01,2016,TV-14,3 Seasons,Reality TV
s8032,TV Show,,Not Given,United States,2018-12-15,2016,TV-14,1 Season,Reality TV
s8041,TV Show,,Not Given,United States,2018-12-31,2018,TV-MA,1 Season,Reality TV
s8045,Movie,,Not Given,United States,2017-05-15,2017,TV-MA,66 min,"Documentaries, Sports Movies"
s8059,TV Show,,Not Given,Thailand,2019-05-25,2016,TV-MA,1 Season,"International TV Shows, Romantic TV Shows, TV Dramas"
s8063,TV Show,,Not Given,United States,2020-03-31,2014,TV-Y,1 Season,Kids' TV
s8065,TV Show,,Not Given,United States,2015-02-01,2013,TV-MA,4 Seasons,"TV Action & Adventure, TV Dramas"
s8071,TV Show,,Not Given,United States,2018-08-13,2018,TV-Y,2 Seasons,Kids' TV
s8084,TV Show,,Not Given,United States,2015-04-16,2014,TV-14,1 Season,"Romantic TV Shows, TV Dramas, TV Sci-Fi & Fantasy"
s8086,TV Show,,Not Given,Switzerland,2016-09-01,2015,TV-MA,1 Season,"International TV Shows, TV Comedies, TV Dramas"
s8094,TV Show,,Not Given,United States,2017-12-16,2010,TV-PG,1 Season,Kids' TV
s8095,TV Show,,Not Given,South Korea,2019-07-01,2017,TV-Y7,1 Season,"Kids' TV, Korean TV Shows"
s8098,TV Show,,Not Given,United States,2019-07-22,2015,TV-MA,1 Season,"International TV Shows, Reality TV"
s8103,TV Show,,Not Given,France,2016-01-01,2015,TV-Y,1 Season,Kids' TV
s8108,TV Show,,Not Given,South Korea,2019-11-24,2017,TV-14,1 Season,"Crime TV Shows, International TV Shows, Korean TV Shows"
s8118,TV Show,,Not Given,South Korea,2019-12-01,2018,TV-MA,1 Season,"International TV Shows, Korean TV Shows, TV Comedies"
s8122,TV Show,,Not Given,India,2019-06-28,2019,TV-Y,1 Season,Kids' TV
s8126,TV Show,,Not Given,United States,2020-12-01,2020,TV-Y,3 Seasons,"Kids' TV, Korean TV Shows"
s8130,TV Show,,Not Given,United Kingdom,2017-03-01,2016,TV-PG,1 Season,"British TV Shows, Docuseries, Science & Nature TV"
s8133,TV Show,,Not Given,United States,2020-04-13,2020,TV-MA,1 Season,"Crime TV Shows, Docuseries"
s8144,TV Show,,Not Given,United States,2019-12-15,2010,TV-PG,1 Season,Kids' TV
s8148,TV Show,,Not Given,France,2019-01-12,2018,TV-14,2 Seasons,"Crime TV Shows, TV Action & Adventure, TV Thrillers"
s8149,TV Show,,Not Given,United Kingdom,2019-06-28,1993,TV-MA,1 Season,TV Dramas
s8174,TV Show,,Not Given,India,2019-05-25,2019,TV-MA,1 Season,TV Shows
s8166,TV Show,,Not Given,Mexico,2017-12-31,2010,TV-PG,1 Season,"International TV Shows, Romantic TV Shows, Spanish-Language TV Shows"
s8175,TV Show,,Not Given,United States,2017-11-01,2005,TV-14,8 Seasons,TV Comedies
s8176,TV Show,,Not Given,United States,2019-02-19,2018,TV-MA,1 Season,Docuseries
s8110,TV Show,,Not Given,Pakistan,2019-01-18,2018,TV-PG,1 Season,"Docuseries, International TV Shows"
s8181,TV Show,,Not Given,Pakistan,2017-09-18,2010,TV-PG,2 Seasons,"International TV Shows, TV Dramas"
s8190,TV Show,,Not Given,United States,2017-07-01,1967,TV-G,8 Seasons,"Classic & Cult TV, TV Comedies"
s8194,TV Show,,Not Given,Singapore,2018-12-14,2014,TV-PG,2 Seasons,"International TV Shows, Reality TV"
s8209,TV Show,,Not Given,United Kingdom,2019-02-01,2011,TV-14,1 Season,"British TV Shows, Docuseries, Science & Nature TV"
s8210,TV Show,,Not Given,United Kingdom,2019-02-01,2015,TV-PG,1 Season,"British TV Shows, Reality TV"
s8217,TV Show,,Not Given,United Kingdom,2019-02-01,2011,TV-MA,1 Season,"British TV Shows, Docuseries"
s8232,Movie,,Not Given,Hong Kong,2018-09-20,1983,TV-14,103 min,"Action & Adventure, Dramas, International Movies"
s8244,TV Show,,Not Given,Australia,2019-08-01,2017,TV-14,1 Season,"International TV Shows, Reality TV"
s8251,TV Show,,Not Given,United Kingdom,2018-02-01,2011,TV-PG,1 Season,"British TV Shows, Docuseries, International TV Shows"
s8258,TV Show,,Not Given,South Korea,2017-04-20,2016,TV-14,2 Seasons,"International TV Shows, Korean TV Shows, TV Comedies"
s8263,TV Show,,Not Given,United States,2019-09-15,2016,TV-PG,1 Season,"Docuseries, Science & Nature TV"
s8269,Movie,,Not Given,United Kingdom,2018-06-23,2016,TV-MA,75 min,"Action & Adventure, Independent Movies, International Movies"
s8272,TV Show,,Not Given,Canada,2015-06-30,2015,TV-Y7,2 Seasons,"Kids' TV, TV Comedies"
s8278,TV Show,,Not Given,Japan,2019-04-01,2013,TV-14,1 Season,Anime Series
s8283,TV Show,,Not Given,Canada,2018-08-24,2011,TV-MA,1 Season,"International TV Shows, TV Comedies"
s8288,TV Show,,Not Given,United States,2018-09-30,2016,TV-PG,1 Season,Docuseries
s8312,TV Show,,Not Given,United States,2017-10-05,2017,TV-14,5 Seasons,TV Dramas
s8316,TV Show,,Not Given,United Kingdom,2017-02-01,2015,TV-Y,2 Seasons,"British TV Shows, Kids' TV"
s8317,TV Show,,Not Given,Norway,2016-07-01,2007,TV-PG,1 Season,"Docuseries, International TV Shows, Science & Nature TV"
s8322,TV Show,,Not Given,India,2017-06-01,2016,TV-G,1 Season,"Docuseries, International TV Shows"
s8331,Movie,,Not Given,South Korea,2019-04-08,2018,TV-MA,136 min,"Action & Adventure, Dramas, International Movies"
s8332,TV Show,,Not Given,United Kingdom,2018-12-01,2018,TV-PG,4 Seasons,"British TV Shows, Reality TV"
s8200,TV Show,,Not Given,Pakistan,2019-12-01,2009,TV-14,1 Season,"Reality TV, Romantic TV Shows"
s8335,TV Show,,Not Given,United Kingdom,2017-03-31,2013,NR,1 Season,"British TV Shows, Crime TV Shows, International TV Shows"
s8337,TV Show,,Not Given,United States,2019-03-02,2013,TV-MA,1 Season,TV Comedies
s8350,TV Show,,Not Given,India,2017-03-31,2015,TV-PG,3 Seasons,"International TV Shows, Reality TV"
s8367,TV Show,,Not Given,United Kingdom,2020-03-05,2018,TV-MA,2 Seasons,"British TV Shows, Crime TV Shows, Docuseries"
s8372,TV Show,,Not Given,United States,2017-12-01,2010,TV-PG,1 Season,"Docuseries, International TV Shows, Spanish-Language TV Shows"
s8374,TV Show,,Not Given,India,2019-05-11,2010,TV-Y7,1 Season,Kids' TV
s8379,TV Show,,Not Given,Canada,2018-03-20,2009,TV-MA,6 Seasons,"Romantic TV Shows, TV Dramas"
s8380,TV Show,,Not Given,South Korea,2018-01-30,2017,TV-MA,1 Season,"International TV Shows, Korean TV Shows, TV Dramas"
s8398,TV Show,,Not Given,United States,2016-02-01,2015,TV-14,1 Season,"Crime TV Shows, TV Dramas, TV Thrillers"
s8422,TV Show,,Not Given,United States,2016-04-17,2015,TV-14,1 Season,"TV Dramas, TV Mysteries, TV Sci-Fi & Fantasy"
s8423,TV Show,,Not Given,United States,2017-11-01,2016,TV-PG,5 Seasons,Docuseries
s8425,TV Show,,Not Given,Spain,2018-01-28,2017,TV-MA,3 Seasons,"International TV Shows, Spanish-Language TV Shows, TV Action & Adventure"
s8429,TV Show,,Not Given,United States,2018-02-14,2018,TV-MA,1 Season,Docuseries
s8430,TV Show,,Not Given,Sweden,2017-07-20,2017,TV-MA,1 Season,"International TV Shows, TV Comedies, TV Dramas"
s8432,TV Show,,Not Given,United Kingdom,2017-03-31,2015,TV-MA,1 Season,"British TV Shows, Crime TV Shows, Docuseries"
s8440,TV Show,,Not Given,United States,2018-09-30,2017,TV-14,1 Season,Docuseries
s8443,TV Show,,Not Given,United States,2016-01-01,2012,TV-14,9 Seasons,TV Comedies
s8477,TV Show,,Not Given,United Kingdom,2017-12-29,2006,TV-MA,1 Season,"British TV Shows, Docuseries, International TV Shows"
s8483,TV Show,,Not Given,France,2019-02-17,2015,TV-MA,1 Season,"International TV Shows, TV Dramas, TV Horror"
s8491,TV Show,,Not Given,Russia,2018-09-01,2017,TV-14,1 Season,"International TV Shows, TV Dramas"
s8504,TV Show,,Not Given,United States,2018-09-30,2015,TV-PG,1 Season,Docuseries
s8511,TV Show,,Not Given,Ukraine,2018-06-01,2017,TV-MA,3 Seasons,"Crime TV Shows, International TV Shows, TV Dramas"
s8519,TV Show,,Not Given,United States,2019-02-01,2017,TV-14,2 Seasons,Docuseries
s8520,TV Show,,Not Given,United States,2019-02-01,2017,TV-14,1 Season,Docuseries
s8524,TV Show,,Not Given,United States,2016-05-22,1989,TV-Y7,1 Season,Kids' TV
s8534,TV Show,,Not Given,United States,2018-01-22,2016,TV-MA,1 Season,"Crime TV Shows, Docuseries"
s8540,TV Show,,Not Given,Ireland,2018-01-08,2010,TV-MA,4 Seasons,TV Dramas
s8542,TV Show,,Not Given,United States,2017-07-01,1963,TV-14,4 Seasons,"Classic & Cult TV, TV Sci-Fi & Fantasy"
s8546,TV Show,,Not Given,United States,2019-09-15,2009,TV-14,1 Season,"Docuseries, Science & Nature TV"
s8552,TV Show,,Not Given,United States,2017-02-22,2007,TV-14,1 Season,Docuseries
s8558,TV Show,,Not Given,United States,2015-12-25,2005,TV-14,7 Seasons,TV Dramas
s8561,TV Show,,Not Given,China,2016-09-01,2010,TV-MA,1 Season,"International TV Shows, Romantic TV Shows, TV Comedies"
s8568,TV Show,,Not Given,Taiwan,2016-09-01,2009,TV-PG,1 Season,"International TV Shows, Romantic TV Shows, TV Comedies"
s8575,TV Show,,Not Given,Thailand,2019-03-01,2014,TV-14,1 Season,"International TV Shows, TV Horror, TV Mysteries"
s8576,TV Show,,Not Given,South Korea,2017-05-22,2015,TV-14,1 Season,"International TV Shows, Korean TV Shows, Romantic TV Shows"
s8545,TV Show,,Not Given,Pakistan,2018-06-19,2017,TV-MA,1 Season,"International TV Shows, TV Dramas, Teen TV Shows"
s8589,TV Show,,Not Given,China,2018-02-09,2017,TV-14,1 Season,"Crime TV Shows, International TV Shows, TV Dramas"
s8597,TV Show,,Not Given,Germany,2017-09-01,2014,TV-Y,1 Season,Kids' TV
s8601,TV Show,,Not Given,Canada,2019-09-11,2018,TV-Y7,2 Seasons,"Kids' TV, Korean TV Shows"
s8605,TV Show,,Not Given,United Kingdom,2019-03-15,2018,TV-14,1 Season,"British TV Shows, Docuseries, Science & Nature TV"
s8606,TV Show,,Not Given,United States,2018-12-31,2018,TV-MA,3 Seasons,Reality TV
s8634,TV Show,,Not Given,Russia,2018-12-10,2017,TV-MA,1 Season,"International TV Shows, TV Dramas"
s8645,TV Show,,Not Given,United States,2017-07-01,1990,TV-14,2 Seasons,"Classic & Cult TV, Crime TV Shows, TV Dramas"
s8647,TV Show,,Not Given,United Kingdom,2020-05-15,2018,TV-Y,2 Seasons,"British TV Shows, Kids' TV"
s8648,Movie,,Not Given,India,2017-01-15,2015,TV-14,89 min,"Dramas, International Movies"
s8654,TV Show,,Not Given,Thailand,2019-02-15,2015,TV-14,4 Seasons,"International TV Shows, Romantic TV Shows, TV Dramas"
s8670,TV Show,,Not Given,United States,2016-01-01,1995,TV-G,2 Seasons,Kids' TV
s8685,TV Show,,Not Given,South Korea,2017-08-01,2016,TV-Y,3 Seasons,"Kids' TV, Korean TV Shows"
s8701,TV Show,,Not Given,Poland,2016-09-15,2014,TV-MA,1 Season,"Docuseries, International TV Shows"
s8711,TV Show,,Not Given,United States,2014-04-01,2012,TV-MA,8 Seasons,"TV Comedies, TV Dramas"
s8713,TV Show,,Not Given,United Kingdom,2017-03-31,2016,TV-PG,2 Seasons,"British TV Shows, Docuseries, Science & Nature TV"
s8721,TV Show,,Not Given,Turkey,2017-05-05,2016,TV-14,1 Season,"International TV Shows, TV Comedies, TV Dramas"
s8593,TV Show,,Not Given,Pakistan,2017-09-18,2009,TV-14,1 Season,"International TV Shows, TV Dramas"
s8722,TV Show,,Not Given,Taiwan,2017-01-01,2012,TV-14,1 Season,"International TV Shows, Romantic TV Shows, TV Comedies"
s8727,TV Show,,Not Given,United States,2018-12-29,2017,TV-PG,5 Seasons,TV Dramas
s8737,TV Show,,Not Given,Taiwan,2017-01-01,2011,TV-14,1 Season,"International TV Shows, Romantic TV Shows, TV Comedies"
s8741,TV Show,,Not Given,United Kingdom,2017-03-31,2015,TV-PG,1 Season,"British TV Shows, Docuseries, Science & Nature TV"
s8742,TV Show,,Not Given,United Kingdom,2017-03-31,2013,TV-PG,1 Season,"British TV Shows, Docuseries, Science & Nature TV"
s8748,TV Show,,Not Given,United States,2018-12-15,2016,TV-G,1 Season,Reality TV
s8750,TV Show,,Not Given,Turkey,2017-08-01,2014,TV-MA,1 Season,"International TV Shows, TV Dramas, TV Thrillers"
s8756,TV Show,,Not Given,United States,2016-11-01,2010,TV-14,3 Seasons,"Crime TV Shows, Docuseries"
s8759,TV Show,,Not Given,United Kingdom,2019-02-01,2017,TV-PG,1 Season,"British TV Shows, Docuseries"
s8776,TV Show,,Not Given,India,2018-08-31,2018,TV-PG,1 Season,"International TV Shows, TV Comedies"
s8781,TV Show,,Not Given,United States,2016-04-01,2015,TV-Y7,1 Season,"Anime Series, Kids' TV"
s8785,Movie,,Not Given,Russia,2018-06-23,2015,TV-Y,78 min,Children & Family Movies
s8796,TV Show,,Not Given,Japan,2018-05-01,2015,TV-Y7,2 Seasons,"Anime Series, Kids' TV"
s8797,TV Show,,Not Given,Turkey,2017-01-17,2016,TV-PG,2 Seasons,"International TV Shows, TV Dramas"
s8798,TV Show,,Not Given,United States,2018-09-13,2016,TV-Y7,3 Seasons,Kids' TV
s8801,TV Show,,Not Given,Pakistan,2016-12-15,2012,TV-PG,1 Season,"International TV Shows, Romantic TV Shows, TV Dramas"
s8784,TV Show,,Not Given,Pakistan,2018-06-23,2016,TV-Y,1 Season,Kids' TV
s8786,TV Show,,Not Given,Pakistan,2018-06-07,2016,TV-Y7,1 Season,Kids' TV
